$MeshFormat
4.1 0 8
$EndMeshFormat
$PhysicalNames
5
1 1 "bottom"
1 2 "outer"
1 3 "top"
1 4 "inner"
2 5 "solid"
$EndPhysicalNames
$Entities
4 4 1 0
1 0.06 0 0 0 
2 0.12 0 0 0 
3 0.12 0.05 0 0 
4 0.06 0.05 0 0 
1 0.06 0 0 0.12 0 0 1 1 2 1 -2 
2 0.12 0 0 0.12 0.05 0 1 2 2 2 -3 
3 0.06 0.05 0 0.12 0.05 0 1 3 2 3 -4 
4 0.06 0 0 0.06 0.05 0 1 4 2 4 -1 
1 0.06 0 0 0.12 0.05 0 1 5 4 1 2 3 4 
$EndEntities
$Nodes
9 4084 1 4084
0 1 0 1
1
0.06 0 0
0 2 0 1
2
0.12 0 0
0 3 0 1
3
0.12 0.05 0
0 4 0 1
4
0.06 0.05 0
1 1 0 59
5
6
7
8
9
10
11
12
13
14
15
16
17
18
19
20
21
22
23
24
25
26
27
28
29
30
31
32
33
34
35
36
37
38
39
40
41
42
43
44
45
46
47
48
49
50
51
52
53
54
55
56
57
58
59
60
61
62
63
0.06099999999999661 0 0
0.06199999999999457 0 0
0.06299999999999389 0 0
0.06399999999999331 0 0
0.06499999999999073 0 0
0.06599999999998997 0 0
0.06699999999998595 0 0
0.06799999999998356 0 0
0.06899999999997954 0 0
0.06999999999997876 0 0
0.07099999999997492 0 0
0.07199999999996855 0 0
0.07299999999996544 0 0
0.07399999999996068 0 0
0.07499999999996136 0 0
0.07599999999996204 0 0
0.07699999999995658 0 0
0.07799999999994876 0 0
0.07899999999994239 0 0
0.07999999999994307 0 0
0.08099999999994321 0 0
0.08199999999994173 0 0
0.08299999999994223 0 0
0.08399999999993442 0 0
0.08499999999992661 0 0
0.08599999999992403 0 0
0.08699999999992344 0 0
0.08799999999992413 0 0
0.08899999999991938 0 0
0.08999999999991735 0 0
0.09099999999992146 0 0
0.09199999999992685 0 0
0.09299999999992753 0 0
0.09399999999992693 0 0
0.09499999999992798 0 0
0.09599999999993444 0 0
0.09699999999994088 0 0
0.09799999999994174 0 0
0.09899999999994026 0 0
0.09999999999994129 0 0
0.1009999999999465 0 0
0.1019999999999504 0 0
0.1029999999999572 0 0
0.1039999999999594 0 0
0.10499999999996 0 0
0.1059999999999607 0 0
0.1069999999999628 0 0
0.1079999999999696 0 0
0.1089999999999736 0 0
0.1099999999999788 0 0
0.1109999999999798 0 0
0.1119999999999783 0 0
0.1129999999999792 0 0
0.1139999999999856 0 0
0.1149999999999921 0 0
0.1159999999999931 0 0
0.1169999999999925 0 0
0.1179999999999932 0 0
0.1189999999999986 0 0
1 2 0 49
64
65
66
67
68
69
70
71
72
73
74
75
76
77
78
79
80
81
82
83
84
85
86
87
88
89
90
91
92
93
94
95
96
97
98
99
100
101
102
103
104
105
106
107
108
109
110
111
112
0.12 0.0009999999999981974 0
0.12 0.001999999999996264 0
0.12 0.00299999999999416 0
0.12 0.003999999999992689 0
0.12 0.004999999999991248 0
0.12 0.005999999999989786 0
0.12 0.006999999999987303 0
0.12 0.007999999999984431 0
0.12 0.008999999999981549 0
0.12 0.009999999999978013 0
0.12 0.01099999999997514 0
0.12 0.01199999999997227 0
0.12 0.0129999999999694 0
0.12 0.01399999999996653 0
0.12 0.01499999999996366 0
0.12 0.01599999999996079 0
0.12 0.01699999999995792 0
0.12 0.01799999999995505 0
0.12 0.01899999999995106 0
0.12 0.01999999999994795 0
0.12 0.02099999999994508 0
0.12 0.02199999999994221 0
0.12 0.02299999999993934 0
0.12 0.02399999999993647 0
0.12 0.02499999999993427 0
0.12 0.02599999999993631 0
0.12 0.02699999999993894 0
0.12 0.02799999999994173 0
0.12 0.02899999999994428 0
0.12 0.02999999999994715 0
0.12 0.03099999999994962 0
0.12 0.03199999999995259 0
0.12 0.03299999999995464 0
0.12 0.033999999999958 0
0.12 0.0349999999999599 0
0.12 0.03599999999996342 0
0.12 0.03699999999996516 0
0.12 0.03799999999996846 0
0.12 0.0389999999999702 0
0.12 0.03999999999997372 0
0.12 0.04099999999997561 0
0.12 0.04199999999997897 0
0.12 0.04299999999998104 0
0.12 0.04399999999998424 0
0.12 0.04499999999998645 0
0.12 0.04599999999998949 0
0.12 0.04699999999999188 0
0.12 0.04799999999999475 0
0.12 0.0489999999999973 0
1 3 0 59
113
114
115
116
117
118
119
120
121
122
123
124
125
126
127
128
129
130
131
132
133
134
135
136
137
138
139
140
141
142
143
144
145
146
147
148
149
150
151
152
153
154
155
156
157
158
159
160
161
162
163
164
165
166
167
168
169
170
171
0.1189999999999994 0.05 0
0.1180000000000042 0.05 0
0.1170000000000035 0.05 0
0.1160000000000042 0.05 0
0.1150000000000068 0.05 0
0.1140000000000076 0.05 0
0.1130000000000116 0.05 0
0.1120000000000141 0.05 0
0.1110000000000182 0.05 0
0.110000000000019 0.05 0
0.1090000000000229 0.05 0
0.1080000000000293 0.05 0
0.1070000000000324 0.05 0
0.1060000000000372 0.05 0
0.1050000000000366 0.05 0
0.104000000000036 0.05 0
0.1030000000000415 0.05 0
0.1020000000000493 0.05 0
0.1010000000000557 0.05 0
0.1000000000000551 0.05 0
0.09900000000005502 0.05 0
0.09800000000005654 0.05 0
0.0970000000000561 0.05 0
0.09600000000006395 0.05 0
0.0950000000000718 0.05 0
0.09400000000007443 0.05 0
0.09300000000007506 0.05 0
0.09200000000007443 0.05 0
0.09100000000007921 0.05 0
0.09000000000008129 0.05 0
0.08900000000007721 0.05 0
0.08800000000007188 0.05 0
0.08700000000007124 0.05 0
0.08600000000007188 0.05 0
0.08500000000007091 0.05 0
0.08400000000006448 0.05 0
0.08300000000005806 0.05 0
0.08200000000005725 0.05 0
0.0810000000000588 0.05 0
0.0800000000000578 0.05 0
0.07900000000005264 0.05 0
0.07800000000004877 0.05 0
0.07700000000004199 0.05 0
0.07600000000003992 0.05 0
0.07500000000003929 0.05 0
0.07400000000003866 0.05 0
0.07300000000003659 0.05 0
0.0720000000000298 0.05 0
0.07100000000002592 0.05 0
0.07000000000002077 0.05 0
0.06900000000001978 0.05 0
0.06800000000002132 0.05 0
0.0670000000000205 0.05 0
0.06600000000001409 0.05 0
0.06500000000000769 0.05 0
0.06400000000000669 0.05 0
0.06300000000000731 0.05 0
0.0620000000000047 0.05 0
0.06100000000000099 0.05 0
1 4 0 49
172
173
174
175
176
177
178
179
180
181
182
183
184
185
186
187
188
189
190
191
192
193
194
195
196
197
198
199
200
201
202
203
204
205
206
207
208
209
210
211
212
213
214
215
216
217
218
219
220
0.06 0.04900000000000276 0
0.06 0.04800000000000553 0
0.06 0.04700000000000829 0
0.06 0.04600000000001105 0
0.06 0.04500000000001382 0
0.06 0.04400000000001658 0
0.06 0.04300000000001935 0
0.06 0.04200000000002211 0
0.06 0.04100000000002488 0
0.06 0.04000000000002764 0
0.06 0.0390000000000304 0
0.06 0.03800000000003317 0
0.06 0.03700000000003593 0
0.06 0.0360000000000387 0
0.06 0.03500000000004146 0
0.06 0.03400000000004422 0
0.06 0.03300000000004698 0
0.06 0.03200000000004975 0
0.06 0.03100000000005251 0
0.06 0.03000000000005527 0
0.06 0.02900000000005803 0
0.06 0.0280000000000608 0
0.06 0.02700000000006356 0
0.06 0.02600000000006633 0
0.06 0.02500000000006841 0
0.06 0.02400000000006627 0
0.06 0.02300000000006353 0
0.06 0.02200000000006063 0
0.06 0.02100000000005797 0
0.06 0.02000000000005499 0
0.06 0.01900000000005242 0
0.06 0.01800000000004936 0
0.06 0.01700000000004718 0
0.06 0.01600000000004372 0
0.06 0.0150000000000417 0
0.06 0.01400000000003809 0
0.06 0.01300000000003624 0
0.06 0.01200000000003283 0
0.06 0.01100000000003098 0
0.06 0.01000000000002736 0
0.06 0.009000000000025342 0
0.06 0.008000000000021885 0
0.06 0.00700000000001972 0
0.06 0.006000000000016416 0
0.06 0.005000000000014083 0
0.06 0.004000000000010939 0
0.06 0.003000000000008447 0
0.06 0.002000000000005477 0
0.06 0.001000000000002818 0
2 1 0 3864
221
222
223
224
225
226
227
228
229
230
231
232
233
234
235
236
237
238
239
240
241
242
243
244
245
246
247
248
249
250
251
252
253
254
255
256
257
258
259
260
261
262
263
264
265
266
267
268
269
270
271
272
273
274
275
276
277
278
279
280
281
282
283
284
285
286
287
288
289
290
291
292
293
294
295
296
297
298
299
300
301
302
303
304
305
306
307
308
309
310
311
312
313
314
315
316
317
318
319
320
321
322
323
324
325
326
327
328
329
330
331
332
333
334
335
336
337
338
339
340
341
342
343
344
345
346
347
348
349
350
351
352
353
354
355
356
357
358
359
360
361
362
363
364
365
366
367
368
369
370
371
372
373
374
375
376
377
378
379
380
381
382
383
384
385
386
387
388
389
390
391
392
393
394
395
396
397
398
399
400
401
402
403
404
405
406
407
408
409
410
411
412
413
414
415
416
417
418
419
420
421
422
423
424
425
426
427
428
429
430
431
432
433
434
435
436
437
438
439
440
441
442
443
444
445
446
447
448
449
450
451
452
453
454
455
456
457
458
459
460
461
462
463
464
465
466
467
468
469
470
471
472
473
474
475
476
477
478
479
480
481
482
483
484
485
486
487
488
489
490
491
492
493
494
495
496
497
498
499
500
501
502
503
504
505
506
507
508
509
510
511
512
513
514
515
516
517
518
519
520
521
522
523
524
525
526
527
528
529
530
531
532
533
534
535
536
537
538
539
540
541
542
543
544
545
546
547
548
549
550
551
552
553
554
555
556
557
558
559
560
561
562
563
564
565
566
567
568
569
570
571
572
573
574
575
576
577
578
579
580
581
582
583
584
585
586
587
588
589
590
591
592
593
594
595
596
597
598
599
600
601
602
603
604
605
606
607
608
609
610
611
612
613
614
615
616
617
618
619
620
621
622
623
624
625
626
627
628
629
630
631
632
633
634
635
636
637
638
639
640
641
642
643
644
645
646
647
648
649
650
651
652
653
654
655
656
657
658
659
660
661
662
663
664
665
666
667
668
669
670
671
672
673
674
675
676
677
678
679
680
681
682
683
684
685
686
687
688
689
690
691
692
693
694
695
696
697
698
699
700
701
702
703
704
705
706
707
708
709
710
711
712
713
714
715
716
717
718
719
720
721
722
723
724
725
726
727
728
729
730
731
732
733
734
735
736
737
738
739
740
741
742
743
744
745
746
747
748
749
750
751
752
753
754
755
756
757
758
759
760
761
762
763
764
765
766
767
768
769
770
771
772
773
774
775
776
777
778
779
780
781
782
783
784
785
786
787
788
789
790
791
792
793
794
795
796
797
798
799
800
801
802
803
804
805
806
807
808
809
810
811
812
813
814
815
816
817
818
819
820
821
822
823
824
825
826
827
828
829
830
831
832
833
834
835
836
837
838
839
840
841
842
843
844
845
846
847
848
849
850
851
852
853
854
855
856
857
858
859
860
861
862
863
864
865
866
867
868
869
870
871
872
873
874
875
876
877
878
879
880
881
882
883
884
885
886
887
888
889
890
891
892
893
894
895
896
897
898
899
900
901
902
903
904
905
906
907
908
909
910
911
912
913
914
915
916
917
918
919
920
921
922
923
924
925
926
927
928
929
930
931
932
933
934
935
936
937
938
939
940
941
942
943
944
945
946
947
948
949
950
951
952
953
954
955
956
957
958
959
960
961
962
963
964
965
966
967
968
969
970
971
972
973
974
975
976
977
978
979
980
981
982
983
984
985
986
987
988
989
990
991
992
993
994
995
996
997
998
999
1000
1001
1002
1003
1004
1005
1006
1007
1008
1009
1010
1011
1012
1013
1014
1015
1016
1017
1018
1019
1020
1021
1022
1023
1024
1025
1026
1027
1028
1029
1030
1031
1032
1033
1034
1035
1036
1037
1038
1039
1040
1041
1042
1043
1044
1045
1046
1047
1048
1049
1050
1051
1052
1053
1054
1055
1056
1057
1058
1059
1060
1061
1062
1063
1064
1065
1066
1067
1068
1069
1070
1071
1072
1073
1074
1075
1076
1077
1078
1079
1080
1081
1082
1083
1084
1085
1086
1087
1088
1089
1090
1091
1092
1093
1094
1095
1096
1097
1098
1099
1100
1101
1102
1103
1104
1105
1106
1107
1108
1109
1110
1111
1112
1113
1114
1115
1116
1117
1118
1119
1120
1121
1122
1123
1124
1125
1126
1127
1128
1129
1130
1131
1132
1133
1134
1135
1136
1137
1138
1139
1140
1141
1142
1143
1144
1145
1146
1147
1148
1149
1150
1151
1152
1153
1154
1155
1156
1157
1158
1159
1160
1161
1162
1163
1164
1165
1166
1167
1168
1169
1170
1171
1172
1173
1174
1175
1176
1177
1178
1179
1180
1181
1182
1183
1184
1185
1186
1187
1188
1189
1190
1191
1192
1193
1194
1195
1196
1197
1198
1199
1200
1201
1202
1203
1204
1205
1206
1207
1208
1209
1210
1211
1212
1213
1214
1215
1216
1217
1218
1219
1220
1221
1222
1223
1224
1225
1226
1227
1228
1229
1230
1231
1232
1233
1234
1235
1236
1237
1238
1239
1240
1241
1242
1243
1244
1245
1246
1247
1248
1249
1250
1251
1252
1253
1254
1255
1256
1257
1258
1259
1260
1261
1262
1263
1264
1265
1266
1267
1268
1269
1270
1271
1272
1273
1274
1275
1276
1277
1278
1279
1280
1281
1282
1283
1284
1285
1286
1287
1288
1289
1290
1291
1292
1293
1294
1295
1296
1297
1298
1299
1300
1301
1302
1303
1304
1305
1306
1307
1308
1309
1310
1311
1312
1313
1314
1315
1316
1317
1318
1319
1320
1321
1322
1323
1324
1325
1326
1327
1328
1329
1330
1331
1332
1333
1334
1335
1336
1337
1338
1339
1340
1341
1342
1343
1344
1345
1346
1347
1348
1349
1350
1351
1352
1353
1354
1355
1356
1357
1358
1359
1360
1361
1362
1363
1364
1365
1366
1367
1368
1369
1370
1371
1372
1373
1374
1375
1376
1377
1378
1379
1380
1381
1382
1383
1384
1385
1386
1387
1388
1389
1390
1391
1392
1393
1394
1395
1396
1397
1398
1399
1400
1401
1402
1403
1404
1405
1406
1407
1408
1409
1410
1411
1412
1413
1414
1415
1416
1417
1418
1419
1420
1421
1422
1423
1424
1425
1426
1427
1428
1429
1430
1431
1432
1433
1434
1435
1436
1437
1438
1439
1440
1441
1442
1443
1444
1445
1446
1447
1448
1449
1450
1451
1452
1453
1454
1455
1456
1457
1458
1459
1460
1461
1462
1463
1464
1465
1466
1467
1468
1469
1470
1471
1472
1473
1474
1475
1476
1477
1478
1479
1480
1481
1482
1483
1484
1485
1486
1487
1488
1489
1490
1491
1492
1493
1494
1495
1496
1497
1498
1499
1500
1501
1502
1503
1504
1505
1506
1507
1508
1509
1510
1511
1512
1513
1514
1515
1516
1517
1518
1519
1520
1521
1522
1523
1524
1525
1526
1527
1528
1529
1530
1531
1532
1533
1534
1535
1536
1537
1538
1539
1540
1541
1542
1543
1544
1545
1546
1547
1548
1549
1550
1551
1552
1553
1554
1555
1556
1557
1558
1559
1560
1561
1562
1563
1564
1565
1566
1567
1568
1569
1570
1571
1572
1573
1574
1575
1576
1577
1578
1579
1580
1581
1582
1583
1584
1585
1586
1587
1588
1589
1590
1591
1592
1593
1594
1595
1596
1597
1598
1599
1600
1601
1602
1603
1604
1605
1606
1607
1608
1609
1610
1611
1612
1613
1614
1615
1616
1617
1618
1619
1620
1621
1622
1623
1624
1625
1626
1627
1628
1629
1630
1631
1632
1633
1634
1635
1636
1637
1638
1639
1640
1641
1642
1643
1644
1645
1646
1647
1648
1649
1650
1651
1652
1653
1654
1655
1656
1657
1658
1659
1660
1661
1662
1663
1664
1665
1666
1667
1668
1669
1670
1671
1672
1673
1674
1675
1676
1677
1678
1679
1680
1681
1682
1683
1684
1685
1686
1687
1688
1689
1690
1691
1692
1693
1694
1695
1696
1697
1698
1699
1700
1701
1702
1703
1704
1705
1706
1707
1708
1709
1710
1711
1712
1713
1714
1715
1716
1717
1718
1719
1720
1721
1722
1723
1724
1725
1726
1727
1728
1729
1730
1731
1732
1733
1734
1735
1736
1737
1738
1739
1740
1741
1742
1743
1744
1745
1746
1747
1748
1749
1750
1751
1752
1753
1754
1755
1756
1757
1758
1759
1760
1761
1762
1763
1764
1765
1766
1767
1768
1769
1770
1771
1772
1773
1774
1775
1776
1777
1778
1779
1780
1781
1782
1783
1784
1785
1786
1787
1788
1789
1790
1791
1792
1793
1794
1795
1796
1797
1798
1799
1800
1801
1802
1803
1804
1805
1806
1807
1808
1809
1810
1811
1812
1813
1814
1815
1816
1817
1818
1819
1820
1821
1822
1823
1824
1825
1826
1827
1828
1829
1830
1831
1832
1833
1834
1835
1836
1837
1838
1839
1840
1841
1842
1843
1844
1845
1846
1847
1848
1849
1850
1851
1852
1853
1854
1855
1856
1857
1858
1859
1860
1861
1862
1863
1864
1865
1866
1867
1868
1869
1870
1871
1872
1873
1874
1875
1876
1877
1878
1879
1880
1881
1882
1883
1884
1885
1886
1887
1888
1889
1890
1891
1892
1893
1894
1895
1896
1897
1898
1899
1900
1901
1902
1903
1904
1905
1906
1907
1908
1909
1910
1911
1912
1913
1914
1915
1916
1917
1918
1919
1920
1921
1922
1923
1924
1925
1926
1927
1928
1929
1930
1931
1932
1933
1934
1935
1936
1937
1938
1939
1940
1941
1942
1943
1944
1945
1946
1947
1948
1949
1950
1951
1952
1953
1954
1955
1956
1957
1958
1959
1960
1961
1962
1963
1964
1965
1966
1967
1968
1969
1970
1971
1972
1973
1974
1975
1976
1977
1978
1979
1980
1981
1982
1983
1984
1985
1986
1987
1988
1989
1990
1991
1992
1993
1994
1995
1996
1997
1998
1999
2000
2001
2002
2003
2004
2005
2006
2007
2008
2009
2010
2011
2012
2013
2014
2015
2016
2017
2018
2019
2020
2021
2022
2023
2024
2025
2026
2027
2028
2029
2030
2031
2032
2033
2034
2035
2036
2037
2038
2039
2040
2041
2042
2043
2044
2045
2046
2047
2048
2049
2050
2051
2052
2053
2054
2055
2056
2057
2058
2059
2060
2061
2062
2063
2064
2065
2066
2067
2068
2069
2070
2071
2072
2073
2074
2075
2076
2077
2078
2079
2080
2081
2082
2083
2084
2085
2086
2087
2088
2089
2090
2091
2092
2093
2094
2095
2096
2097
2098
2099
2100
2101
2102
2103
2104
2105
2106
2107
2108
2109
2110
2111
2112
2113
2114
2115
2116
2117
2118
2119
2120
2121
2122
2123
2124
2125
2126
2127
2128
2129
2130
2131
2132
2133
2134
2135
2136
2137
2138
2139
2140
2141
2142
2143
2144
2145
2146
2147
2148
2149
2150
2151
2152
2153
2154
2155
2156
2157
2158
2159
2160
2161
2162
2163
2164
2165
2166
2167
2168
2169
2170
2171
2172
2173
2174
2175
2176
2177
2178
2179
2180
2181
2182
2183
2184
2185
2186
2187
2188
2189
2190
2191
2192
2193
2194
2195
2196
2197
2198
2199
2200
2201
2202
2203
2204
2205
2206
2207
2208
2209
2210
2211
2212
2213
2214
2215
2216
2217
2218
2219
2220
2221
2222
2223
2224
2225
2226
2227
2228
2229
2230
2231
2232
2233
2234
2235
2236
2237
2238
2239
2240
2241
2242
2243
2244
2245
2246
2247
2248
2249
2250
2251
2252
2253
2254
2255
2256
2257
2258
2259
2260
2261
2262
2263
2264
2265
2266
2267
2268
2269
2270
2271
2272
2273
2274
2275
2276
2277
2278
2279
2280
2281
2282
2283
2284
2285
2286
2287
2288
2289
2290
2291
2292
2293
2294
2295
2296
2297
2298
2299
2300
2301
2302
2303
2304
2305
2306
2307
2308
2309
2310
2311
2312
2313
2314
2315
2316
2317
2318
2319
2320
2321
2322
2323
2324
2325
2326
2327
2328
2329
2330
2331
2332
2333
2334
2335
2336
2337
2338
2339
2340
2341
2342
2343
2344
2345
2346
2347
2348
2349
2350
2351
2352
2353
2354
2355
2356
2357
2358
2359
2360
2361
2362
2363
2364
2365
2366
2367
2368
2369
2370
2371
2372
2373
2374
2375
2376
2377
2378
2379
2380
2381
2382
2383
2384
2385
2386
2387
2388
2389
2390
2391
2392
2393
2394
2395
2396
2397
2398
2399
2400
2401
2402
2403
2404
2405
2406
2407
2408
2409
2410
2411
2412
2413
2414
2415
2416
2417
2418
2419
2420
2421
2422
2423
2424
2425
2426
2427
2428
2429
2430
2431
2432
2433
2434
2435
2436
2437
2438
2439
2440
2441
2442
2443
2444
2445
2446
2447
2448
2449
2450
2451
2452
2453
2454
2455
2456
2457
2458
2459
2460
2461
2462
2463
2464
2465
2466
2467
2468
2469
2470
2471
2472
2473
2474
2475
2476
2477
2478
2479
2480
2481
2482
2483
2484
2485
2486
2487
2488
2489
2490
2491
2492
2493
2494
2495
2496
2497
2498
2499
2500
2501
2502
2503
2504
2505
2506
2507
2508
2509
2510
2511
2512
2513
2514
2515
2516
2517
2518
2519
2520
2521
2522
2523
2524
2525
2526
2527
2528
2529
2530
2531
2532
2533
2534
2535
2536
2537
2538
2539
2540
2541
2542
2543
2544
2545
2546
2547
2548
2549
2550
2551
2552
2553
2554
2555
2556
2557
2558
2559
2560
2561
2562
2563
2564
2565
2566
2567
2568
2569
2570
2571
2572
2573
2574
2575
2576
2577
2578
2579
2580
2581
2582
2583
2584
2585
2586
2587
2588
2589
2590
2591
2592
2593
2594
2595
2596
2597
2598
2599
2600
2601
2602
2603
2604
2605
2606
2607
2608
2609
2610
2611
2612
2613
2614
2615
2616
2617
2618
2619
2620
2621
2622
2623
2624
2625
2626
2627
2628
2629
2630
2631
2632
2633
2634
2635
2636
2637
2638
2639
2640
2641
2642
2643
2644
2645
2646
2647
2648
2649
2650
2651
2652
2653
2654
2655
2656
2657
2658
2659
2660
2661
2662
2663
2664
2665
2666
2667
2668
2669
2670
2671
2672
2673
2674
2675
2676
2677
2678
2679
2680
2681
2682
2683
2684
2685
2686
2687
2688
2689
2690
2691
2692
2693
2694
2695
2696
2697
2698
2699
2700
2701
2702
2703
2704
2705
2706
2707
2708
2709
2710
2711
2712
2713
2714
2715
2716
2717
2718
2719
2720
2721
2722
2723
2724
2725
2726
2727
2728
2729
2730
2731
2732
2733
2734
2735
2736
2737
2738
2739
2740
2741
2742
2743
2744
2745
2746
2747
2748
2749
2750
2751
2752
2753
2754
2755
2756
2757
2758
2759
2760
2761
2762
2763
2764
2765
2766
2767
2768
2769
2770
2771
2772
2773
2774
2775
2776
2777
2778
2779
2780
2781
2782
2783
2784
2785
2786
2787
2788
2789
2790
2791
2792
2793
2794
2795
2796
2797
2798
2799
2800
2801
2802
2803
2804
2805
2806
2807
2808
2809
2810
2811
2812
2813
2814
2815
2816
2817
2818
2819
2820
2821
2822
2823
2824
2825
2826
2827
2828
2829
2830
2831
2832
2833
2834
2835
2836
2837
2838
2839
2840
2841
2842
2843
2844
2845
2846
2847
2848
2849
2850
2851
2852
2853
2854
2855
2856
2857
2858
2859
2860
2861
2862
2863
2864
2865
2866
2867
2868
2869
2870
2871
2872
2873
2874
2875
2876
2877
2878
2879
2880
2881
2882
2883
2884
2885
2886
2887
2888
2889
2890
2891
2892
2893
2894
2895
2896
2897
2898
2899
2900
2901
2902
2903
2904
2905
2906
2907
2908
2909
2910
2911
2912
2913
2914
2915
2916
2917
2918
2919
2920
2921
2922
2923
2924
2925
2926
2927
2928
2929
2930
2931
2932
2933
2934
2935
2936
2937
2938
2939
2940
2941
2942
2943
2944
2945
2946
2947
2948
2949
2950
2951
2952
2953
2954
2955
2956
2957
2958
2959
2960
2961
2962
2963
2964
2965
2966
2967
2968
2969
2970
2971
2972
2973
2974
2975
2976
2977
2978
2979
2980
2981
2982
2983
2984
2985
2986
2987
2988
2989
2990
2991
2992
2993
2994
2995
2996
2997
2998
2999
3000
3001
3002
3003
3004
3005
3006
3007
3008
3009
3010
3011
3012
3013
3014
3015
3016
3017
3018
3019
3020
3021
3022
3023
3024
3025
3026
3027
3028
3029
3030
3031
3032
3033
3034
3035
3036
3037
3038
3039
3040
3041
3042
3043
3044
3045
3046
3047
3048
3049
3050
3051
3052
3053
3054
3055
3056
3057
3058
3059
3060
3061
3062
3063
3064
3065
3066
3067
3068
3069
3070
3071
3072
3073
3074
3075
3076
3077
3078
3079
3080
3081
3082
3083
3084
3085
3086
3087
3088
3089
3090
3091
3092
3093
3094
3095
3096
3097
3098
3099
3100
3101
3102
3103
3104
3105
3106
3107
3108
3109
3110
3111
3112
3113
3114
3115
3116
3117
3118
3119
3120
3121
3122
3123
3124
3125
3126
3127
3128
3129
3130
3131
3132
3133
3134
3135
3136
3137
3138
3139
3140
3141
3142
3143
3144
3145
3146
3147
3148
3149
3150
3151
3152
3153
3154
3155
3156
3157
3158
3159
3160
3161
3162
3163
3164
3165
3166
3167
3168
3169
3170
3171
3172
3173
3174
3175
3176
3177
3178
3179
3180
3181
3182
3183
3184
3185
3186
3187
3188
3189
3190
3191
3192
3193
3194
3195
3196
3197
3198
3199
3200
3201
3202
3203
3204
3205
3206
3207
3208
3209
3210
3211
3212
3213
3214
3215
3216
3217
3218
3219
3220
3221
3222
3223
3224
3225
3226
3227
3228
3229
3230
3231
3232
3233
3234
3235
3236
3237
3238
3239
3240
3241
3242
3243
3244
3245
3246
3247
3248
3249
3250
3251
3252
3253
3254
3255
3256
3257
3258
3259
3260
3261
3262
3263
3264
3265
3266
3267
3268
3269
3270
3271
3272
3273
3274
3275
3276
3277
3278
3279
3280
3281
3282
3283
3284
3285
3286
3287
3288
3289
3290
3291
3292
3293
3294
3295
3296
3297
3298
3299
3300
3301
3302
3303
3304
3305
3306
3307
3308
3309
3310
3311
3312
3313
3314
3315
3316
3317
3318
3319
3320
3321
3322
3323
3324
3325
3326
3327
3328
3329
3330
3331
3332
3333
3334
3335
3336
3337
3338
3339
3340
3341
3342
3343
3344
3345
3346
3347
3348
3349
3350
3351
3352
3353
3354
3355
3356
3357
3358
3359
3360
3361
3362
3363
3364
3365
3366
3367
3368
3369
3370
3371
3372
3373
3374
3375
3376
3377
3378
3379
3380
3381
3382
3383
3384
3385
3386
3387
3388
3389
3390
3391
3392
3393
3394
3395
3396
3397
3398
3399
3400
3401
3402
3403
3404
3405
3406
3407
3408
3409
3410
3411
3412
3413
3414
3415
3416
3417
3418
3419
3420
3421
3422
3423
3424
3425
3426
3427
3428
3429
3430
3431
3432
3433
3434
3435
3436
3437
3438
3439
3440
3441
3442
3443
3444
3445
3446
3447
3448
3449
3450
3451
3452
3453
3454
3455
3456
3457
3458
3459
3460
3461
3462
3463
3464
3465
3466
3467
3468
3469
3470
3471
3472
3473
3474
3475
3476
3477
3478
3479
3480
3481
3482
3483
3484
3485
3486
3487
3488
3489
3490
3491
3492
3493
3494
3495
3496
3497
3498
3499
3500
3501
3502
3503
3504
3505
3506
3507
3508
3509
3510
3511
3512
3513
3514
3515
3516
3517
3518
3519
3520
3521
3522
3523
3524
3525
3526
3527
3528
3529
3530
3531
3532
3533
3534
3535
3536
3537
3538
3539
3540
3541
3542
3543
3544
3545
3546
3547
3548
3549
3550
3551
3552
3553
3554
3555
3556
3557
3558
3559
3560
3561
3562
3563
3564
3565
3566
3567
3568
3569
3570
3571
3572
3573
3574
3575
3576
3577
3578
3579
3580
3581
3582
3583
3584
3585
3586
3587
3588
3589
3590
3591
3592
3593
3594
3595
3596
3597
3598
3599
3600
3601
3602
3603
3604
3605
3606
3607
3608
3609
3610
3611
3612
3613
3614
3615
3616
3617
3618
3619
3620
3621
3622
3623
3624
3625
3626
3627
3628
3629
3630
3631
3632
3633
3634
3635
3636
3637
3638
3639
3640
3641
3642
3643
3644
3645
3646
3647
3648
3649
3650
3651
3652
3653
3654
3655
3656
3657
3658
3659
3660
3661
3662
3663
3664
3665
3666
3667
3668
3669
3670
3671
3672
3673
3674
3675
3676
3677
3678
3679
3680
3681
3682
3683
3684
3685
3686
3687
3688
3689
3690
3691
3692
3693
3694
3695
3696
3697
3698
3699
3700
3701
3702
3703
3704
3705
3706
3707
3708
3709
3710
3711
3712
3713
3714
3715
3716
3717
3718
3719
3720
3721
3722
3723
3724
3725
3726
3727
3728
3729
3730
3731
3732
3733
3734
3735
3736
3737
3738
3739
3740
3741
3742
3743
3744
3745
3746
3747
3748
3749
3750
3751
3752
3753
3754
3755
3756
3757
3758
3759
3760
3761
3762
3763
3764
3765
3766
3767
3768
3769
3770
3771
3772
3773
3774
3775
3776
3777
3778
3779
3780
3781
3782
3783
3784
3785
3786
3787
3788
3789
3790
3791
3792
3793
3794
3795
3796
3797
3798
3799
3800
3801
3802
3803
3804
3805
3806
3807
3808
3809
3810
3811
3812
3813
3814
3815
3816
3817
3818
3819
3820
3821
3822
3823
3824
3825
3826
3827
3828
3829
3830
3831
3832
3833
3834
3835
3836
3837
3838
3839
3840
3841
3842
3843
3844
3845
3846
3847
3848
3849
3850
3851
3852
3853
3854
3855
3856
3857
3858
3859
3860
3861
3862
3863
3864
3865
3866
3867
3868
3869
3870
3871
3872
3873
3874
3875
3876
3877
3878
3879
3880
3881
3882
3883
3884
3885
3886
3887
3888
3889
3890
3891
3892
3893
3894
3895
3896
3897
3898
3899
3900
3901
3902
3903
3904
3905
3906
3907
3908
3909
3910
3911
3912
3913
3914
3915
3916
3917
3918
3919
3920
3921
3922
3923
3924
3925
3926
3927
3928
3929
3930
3931
3932
3933
3934
3935
3936
3937
3938
3939
3940
3941
3942
3943
3944
3945
3946
3947
3948
3949
3950
3951
3952
3953
3954
3955
3956
3957
3958
3959
3960
3961
3962
3963
3964
3965
3966
3967
3968
3969
3970
3971
3972
3973
3974
3975
3976
3977
3978
3979
3980
3981
3982
3983
3984
3985
3986
3987
3988
3989
3990
3991
3992
3993
3994
3995
3996
3997
3998
3999
4000
4001
4002
4003
4004
4005
4006
4007
4008
4009
4010
4011
4012
4013
4014
4015
4016
4017
4018
4019
4020
4021
4022
4023
4024
4025
4026
4027
4028
4029
4030
4031
4032
4033
4034
4035
4036
4037
4038
4039
4040
4041
4042
4043
4044
4045
4046
4047
4048
4049
4050
4051
4052
4053
4054
4055
4056
4057
4058
4059
4060
4061
4062
4063
4064
4065
4066
4067
4068
4069
4070
4071
4072
4073
4074
4075
4076
4077
4078
4079
4080
4081
4082
4083
4084
0.09441682235200735 0.02493381387750952 0
0.07792599256600447 0.01798272645047867 0
0.08097610491159436 0.03384209665222181 0
0.1051675256294277 0.01488921398846693 0
0.1052435286085939 0.03515420791411523 0
0.08987293794115252 0.01292787117060724 0
0.09290897570719091 0.03737274354503978 0
0.07140246517061583 0.02738054339545331 0
0.07115981951453798 0.03895695532398379 0
0.109081824079435 0.02499999999999953 0
0.07057708560724775 0.01057586992604206 0
0.08485250270356025 0.02489393503958333 0
0.08131504279732855 0.009292642507089319 0
0.09808717662181446 0.009122204207648114 0
0.06875530857898822 0.01909633620540729 0
0.1114079536477785 0.008744326636133053 0
0.1113376228118081 0.04133762281180647 0
0.0853103795162963 0.0414968378279553 0
0.1000346983215596 0.04203783938402076 0
0.09737779299339042 0.01723824251577329 0
0.1014526504143398 0.02789147649319633 0
0.1122237405884081 0.01810129168556383 0
0.1122424065529043 0.03212515605140921 0
0.08964222453901999 0.0310401277491605 0
0.07776873567582987 0.04250173216589698 0
0.06709971337620242 0.03318266168925493 0
0.0849606183318604 0.01790635774803741 0
0.1045819243786055 0.006966868907399702 0
0.0783684133406643 0.02745151091653639 0
0.1029283466201853 0.02113030040933034 0
0.09857965040404444 0.03395089699242142 0
0.08748336150853323 0.006493582872597501 0
0.07440822512046404 0.03329130064970517 0
0.06649335478309508 0.04350664521690242 0
0.09158704368872596 0.01947397134093473 0
0.07552331465450088 0.006438969896620467 0
0.09116342777698477 0.04362893277555607 0
0.06616172208131219 0.00616172208131148 0
0.1057967386244795 0.04407293001160256 0
0.06607937072079956 0.02457186406311547 0
0.07618395336910191 0.01236526244126263 0
0.09326289394967791 0.005840116516590081 0
0.07373587897219901 0.02207179564624751 0
0.06584477847652263 0.01402770546770283 0
0.08651921833740436 0.03564834489663211 0
0.0722520622731786 0.04431252515327516 0
0.1143858249818763 0.02315336610973813 0
0.1068993296858063 0.03003058569972292 0
0.1146223790649539 0.01328339809119759 0
0.1147362373857426 0.03693983732026926 0
0.06553057541681319 0.03817476453130652 0
0.09489516357720548 0.03028751039654243 0
0.08440915648417729 0.03020387244498629 0
0.08016102617288098 0.02262479637146784 0
0.07310576360561098 0.01641155393767506 0
0.09620150649102828 0.04493093447902138 0
0.1148991916761607 0.00486515578174672 0
0.1149522986453733 0.0447650968965557 0
0.07715239891979643 0.03748350536937875 0
0.08484319813787318 0.01287773882844662 0
0.09467561933233026 0.0129251023135606 0
0.1078141709413828 0.02017940808922839 0
0.08951692506891426 0.02389590956744353 0
0.1004470014464139 0.01356752226390694 0
0.08193640842900593 0.04506610531935658 0
0.1149980667002412 0.02803218627819355 0
0.07088429955396475 0.004889556004325217 0
0.10029065397736 0.004810763170544063 0
0.1097733430478765 0.01327399356176627 0
0.1097855436362175 0.03657536238505676 0
0.08304749543863721 0.004807692808266141 0
0.09811693759816965 0.02190618926359361 0
0.1088541945214642 0.004620552842890597 0
0.06472617866446387 0.02904440434164885 0
0.08041738562461714 0.01404395147438289 0
0.1040122776330803 0.03969110235324234 0
0.08173821939000586 0.03824325598774023 0
0.08702472639153246 0.04546480518538308 0
0.06444461039816995 0.02058274039843525 0
0.1099822853564023 0.04549969117009086 0
0.09731738027625497 0.03817330907107454 0
0.1017573697648604 0.04564363430379701 0
0.0890478527808904 0.03962708958041664 0
0.06445964648775479 0.01010249543526799 0
0.1048543620922027 0.02507153012689743 0
0.106349392601265 0.01074649636491229 0
0.1024804846523324 0.03220076133463969 0
0.07900400783898613 0.004122619997923883 0
0.1159179990423395 0.009116217506777949 0
0.1159023133145163 0.04089220766015785 0
0.101471617759313 0.01748699820060593 0
0.0976514122524854 0.02734786630438637 0
0.06997567786915704 0.02334975489727942 0
0.07082927469589284 0.03142676253092595 0
0.09243646684467179 0.009780455502403657 0
0.09427957302797903 0.04146534137794482 0
0.1159426978813182 0.01943151564582808 0
0.09266303203370596 0.03351596624709925 0
0.1160398269528033 0.03328206059231659 0
0.1009509110317354 0.03683435691500148 0
0.07608174872912071 0.04615449000818567 0
0.08675765076747478 0.0215513286798354 0
0.1019267761438163 0.009778130380552764 0
0.0748989254498376 0.02943158726670714 0
0.06980666204857604 0.01431662273545708 0
0.1113655288596245 0.0283043584490435 0
0.08868313566795212 0.01654887618387034 0
0.09657569051573361 0.003844233531084465 0
0.08791072961595382 0.02726566837605528 0
0.09154107286285981 0.02742241881958984 0
0.08993616922167165 0.00381640260429333 0
0.07464262972377492 0.04019313497376256 0
0.07011165487959001 0.03511123362505061 0
0.06380157565875783 0.04619842434124306 0
0.07819939535650906 0.03124780885590486 0
0.09248317177606624 0.01566366368849235 0
0.0690291628367522 0.04620320554403406 0
0.06382970397411114 0.03463772623974878 0
0.0950760013402584 0.02022685472066683 0
0.07509928535046743 0.02558871197698925 0
0.1079293606497802 0.0400016246687463 0
0.1010822349045134 0.02451321835258577 0
0.1087512696257708 0.03322228708394677 0
0.08165286280172022 0.01916620520066934 0
0.08210559920567755 0.0274988618265075 0
0.1083347580382155 0.01663994606429576 0
0.0635723873112381 0.003731080557172912 0
0.08731903865009402 0.01024657005783815 0
0.06359782049044757 0.04130727275801673 0
0.06358087580967564 0.01692213089714152 0
0.1111625278696898 0.02132255126920742 0
0.06824541295330956 0.02896264893249343 0
0.0777551138813922 0.009231702208198416 0
0.1036151150134509 0.003516731656301005 0
0.07392756093197249 0.009589984173422644 0
0.1165267916964726 0.01603603558159258 0
0.07427849416603076 0.03677772111508014 0
0.06968022213340416 0.04203552521790915 0
0.104861085356971 0.01829660531370912 0
0.09928768296336292 0.03056222996054896 0
0.09301464779463361 0.04655121865845687 0
0.08097257228451676 0.04157417961832223 0
0.08624545749135314 0.003424437202316168 0
0.08994087424025235 0.03571558138615085 0
0.07390938839208544 0.003379034252224359 0
0.09539777932817707 0.03532152939686081 0
0.1121534112765268 0.00325184858921931 0
0.07718409440141014 0.02114952493706599 0
0.07284073337767918 0.01298276170890253 0
0.08458846176683396 0.008565864135067955 0
0.06796152558610877 0.003339462793270477 0
0.08332233355521378 0.02187319631341426 0
0.1080627181802674 0.007969216405739664 0
0.06752911603052757 0.009136944538885625 0
0.08425345574244665 0.03332068257353216 0
0.09256502335970244 0.02232325013996753 0
0.09884001537206182 0.04683893804081691 0
0.06323758712081902 0.02612837156186164 0
0.07930498923619224 0.04692066138137101 0
0.1167934994448263 0.02529098696060742 0
0.0719834845933932 0.01936392609760231 0
0.08129151234697585 0.0304273643161007 0
0.1069237841064124 0.0468358250080936 0
0.08990083223688319 0.04684466975403778 0
0.0630724589908904 0.00707872536972601 0
0.07591233099645797 0.01543650211309582 0
0.07740685004027581 0.03427635190656259 0
0.06315344629733584 0.03164077102984731 0
0.1121475423900847 0.02520289703880727 0
0.09057337098391101 0.007384638767267638 0
0.07493278626339783 0.01903040037804176 0
0.09515841616617098 0.008523713337556414 0
0.08486819109506541 0.03830536701576581 0
0.1031388317936681 0.0424307214562775 0
0.08720373178918854 0.03275977444886389 0
0.08437484715086413 0.04704128200306053 0
0.08829749611952592 0.04274931761465939 0
0.1126075163568962 0.04684552048106377 0
0.08300333907429132 0.01551749345789714 0
0.06721024153896021 0.02173288949488403 0
0.06295018861111679 0.01275431552862746 0
0.06304569216264466 0.02308747227489303 0
0.1169917985246161 0.03042730371279584 0
0.06808521335334221 0.03952469847345262 0
0.06668314803424832 0.01691446822820229 0
0.1120963993941823 0.0148717945125309 0
0.1122557592254066 0.03500861215309497 0
0.09777516389497025 0.01208261215627553 0
0.1032944246797169 0.01249915658176172 0
0.1085826989167006 0.04288655690578445 0
0.1170447906274659 0.002948374666122507 0
0.1171447320216338 0.04702458875130851 0
0.07787284773605858 0.02452122072372307 0
0.07153417206400152 0.007644965529101707 0
0.06722927054972855 0.03595324840075436 0
0.1069064663429969 0.02299768558934465 0
0.09381652794878606 0.002829163143003736 0
0.1064897581958935 0.002899156641902721 0
0.1070085804248248 0.02707789412416961 0
0.097180925281365 0.0421883686226454 0
0.1121001884784079 0.01147674182883931 0
0.1121256002442768 0.03854138578213257 0
0.06797488786525384 0.01211397815100637 0
0.1171362136396348 0.02216761608526262 0
0.07335346181859129 0.04712620242960149 0
0.08070091695487114 0.006479165019996605 0
0.06853976091866938 0.02608777898084892 0
0.117154715183216 0.0115957553662185 0
0.1171281873588068 0.03829591080070082 0
0.07908166028671207 0.0397956764474366 0
0.09935715876281907 0.01935700586419756 0
0.1041981369723263 0.02976519821985127 0
0.07495298020963845 0.04301574772023849 0
0.06646730302649538 0.04720418020962071 0
0.1053325247018171 0.03238382660625367 0
0.1121451558001215 0.04400959342864413 0
0.10418043614164 0.04711003939864993 0
0.09733668686372172 0.02462229065670722 0
0.08457708119924977 0.0441067051387229 0
0.0794322481819968 0.01136940709010661 0
0.09802636926983281 0.006123776963726526 0
0.1172257531125399 0.006661991901819046 0
0.1172392068676572 0.04327099001947934 0
0.1070164126970762 0.03733611710836296 0
0.08336907101835071 0.03596785132169851 0
0.08222860407873342 0.01190011710507694 0
0.08739221899359984 0.01412346759284364 0
0.06265764053328776 0.03722835127502547 0
0.1093186650511494 0.01045021991479052 0
0.1096950741123844 0.03076153165780633 0
0.06884481264241185 0.006854214531229139 0
0.0947685820035878 0.01736232650029224 0
0.0884857946226572 0.01935917319757593 0
0.1003923697956216 0.007553009647395943 0
0.1124976856025671 0.006111620398964944 0
0.07661373521802746 0.002718228990127887 0
0.07981194972775628 0.03634128088683731 0
0.09169531407095818 0.04091732021811369 0
0.07252017639023034 0.04162625801501791 0
0.07233405475616184 0.02495904423086418 0
0.08216791978826199 0.02444404445384106 0
0.0812936332155569 0.002714786843910773 0
0.09629954239834468 0.03259126891821839 0
0.0703936157997736 0.01701855937843456 0
0.09421208984291796 0.02766772172530218 0
0.09217318215561342 0.03004264454138991 0
0.1173431415316696 0.03562712071709896 0
0.09699817218253545 0.01466230332551999 0
0.08014844442854088 0.01686311213451936 0
0.1026516056707641 0.03486236292363434 0
0.06270439576332011 0.04382075906756627 0
0.09886726068860009 0.04413513627286784 0
0.1026806100464724 0.01503872584458349 0
0.08499915647886931 0.02733769367639766 0
0.08704032798300076 0.02990063643828527 0
0.09876996204880653 0.002732127885749984 0
0.09574984398616659 0.04742953986074693 0
0.1142180930455129 0.03069324751675238 0
0.09376015181058199 0.04376429564142822 0
0.09561351538163847 0.02267910201593709 0
0.1135870633915678 0.02020611739184019 0
0.07809985103917788 0.006612068923462217 0
0.1144461397625189 0.002315289290238121 0
0.1015892792742442 0.03949435808062592 0
0.09942992158135718 0.01586910034855282 0
0.09238042448037309 0.01234666352814428 0
0.1073425372047599 0.01315791177467903 0
0.08992926469057698 0.03326393808918847 0
0.08984879874131484 0.02161085048832143 0
0.08992519405171974 0.01039762811553354 0
0.07953321244315921 0.04425966317096117 0
0.1098037482961471 0.0188491602401347 0
0.08718971529954873 0.02398851461999811 0
0.1036479139069723 0.03718208099983394 0
0.0715614717457726 0.002526361220895727 0
0.08737017051745399 0.03820948370450205 0
0.06612222958071536 0.04096549462395498 0
0.09183596187387445 0.02490867027095482 0
0.06630431040854974 0.02705449831432341 0
0.1054577956138472 0.02097370123929285 0
0.08165285030203322 0.04763929367433039 0
0.08393766254239315 0.002485851593050374 0
0.1014509122355092 0.002606645725481035 0
0.1174066046797682 0.02782945371200101 0
0.07024744602793132 0.02130773842819656 0
0.1058091816163064 0.041433911366763 0
0.07314030035090152 0.005854405035266813 0
0.1136510754817506 0.04207045269734132 0
0.06240747394260439 0.01898527762231824 0
0.09495309116339336 0.03886460351658694 0
0.1097231496153668 0.002427231552514897 0
0.06633032763148361 0.03044761210804937 0
0.07251937075230395 0.02951590251957451 0
0.09564308916284765 0.01044500832750732 0
0.07933900183366389 0.02033205188720805 0
0.104390983902299 0.009332234942195544 0
0.07200795778979711 0.0336139665854665 0
0.07811209941820986 0.01395663985437531 0
0.1024252314798747 0.006144305502435633 0
0.08513213938451987 0.006050814927279199 0
0.1006518267447627 0.02204614738829773 0
0.1042514583441342 0.0275917320717641 0
0.06570129067446813 0.002400787618365137 0
0.1062599310248609 0.005366302810178246 0
0.09984342356072329 0.01079436889336979 0
0.1141576001232939 0.01642883443120103 0
0.06237103234902427 0.02836542622168831 0
0.09879316483525911 0.0363436466501225 0
0.1136304096745291 0.008131845269024508 0
0.07577545726326602 0.0233471512139804 0
0.07995352159893863 0.02567639045699369 0
0.08298516853696195 0.04022923413055142 0
0.07100343531005984 0.04763595777422274 0
0.08542096724013142 0.01555949330959705 0
0.06930152742047678 0.0373623676170096 0
0.09984314566149878 0.02654857319603497 0
0.09537182269128446 0.006055411414954558 0
0.1100634020299702 0.006610322996933077 0
0.1145303484961078 0.02572161639511035 0
0.1091799390939547 0.0226705049020636 0
0.09728736254235404 0.02988932032794636 0
0.1176667869176505 0.01396908724033181 0
0.09922742392044402 0.03954118363413308 0
0.08825286618282216 0.002215966324290579 0
0.0759694275588068 0.03158285461571463 0
0.08769990790813922 0.04775681586750329 0
0.1148181770769129 0.04769814926011193 0
0.0842528119386229 0.0106297367741224 0
0.06642937233224222 0.01922875669507495 0
0.06239065855756723 0.0150771908469651 0
0.1088334091171155 0.02834228432751652 0
0.1177337928728614 0.01794288788644284 0
0.1090914319448701 0.04763435822422042 0
0.1142768356638073 0.01075673740379694 0
0.114276835663808 0.03924326259620096 0
0.09062548091075154 0.03812386648480876 0
0.103293990394877 0.02341197891168744 0
0.100834893234666 0.04772375836183952 0
0.1074804648071266 0.0351090929134785 0
0.07373817433248962 0.02731881901005031 0
0.06571732264161902 0.01176541141818205 0
0.110009283478626 0.03958395916528797 0
0.09166451163950065 0.00236511071229983 0
0.09455186832364063 0.01516096806015108 0
0.09710640633236102 0.01952973791748564 0
0.08470817457406865 0.02013609669534119 0
0.08911477848160217 0.04472950972734081 0
0.06929306510356471 0.03302785828793888 0
0.06223490170470801 0.03956984080449565 0
0.06230413057543671 0.009073295255924381 0
0.06221713945482336 0.04778215037204215 0
0.1107674487977355 0.01638078813520828 0
0.08278880133590658 0.007074267014270978 0
0.07718217826569268 0.0292398605930654 0
0.0902934095956435 0.01503180461201072 0
0.08952621414050338 0.02622564791032686 0
0.08976873581208185 0.02876908633054585 0
0.07021584881748771 0.04431614873881661 0
0.0886887585929774 0.008519571045063965 0
0.1143695271386553 0.0347365194687615 0
0.09069250777025699 0.01727393046902389 0
0.08707170762987378 0.04020728189428305 0
0.06512363363380134 0.02251788472447259 0
0.1015327329089851 0.01962820016444465 0
0.07589462197578389 0.03583197106420894 0
0.07954144326717573 0.02938709944759842 0
0.07719380292469971 0.04761627599391443 0
0.1039055325644681 0.04518108696105852 0
0.06492615115218768 0.03294902702420414 0
0.1011159366963056 0.04365240089495448 0
0.1027351280439626 0.02579416167997227 0
0.07165239350954997 0.03678214898249995 0
0.1014742585435007 0.03024304095707912 0
0.06556384118265651 0.008301782281132613 0
0.07671367620921674 0.03942659217964375 0
0.08313439341248006 0.04250864148797924 0
0.1006204021933031 0.03358846296606415 0
0.06835036211712972 0.03094408941707531 0
0.06772211717615442 0.01508393151262799 0
0.06221824498989127 0.005087864043284452 0
0.07065749553414007 0.02925732914627565 0
0.06207433223880303 0.02120255846465006 0
0.08801426993400593 0.004675540438948395 0
0.07698718185510434 0.004880785337785742 0
0.08281521234721058 0.01755870753122548 0
0.1069991460288903 0.01818704507826219 0
0.08237088337086913 0.03223225154568606 0
0.1078183741073795 0.04494342606060001 0
0.1179347180782883 0.009580111339826052 0
0.1179343369509976 0.04041924909164691 0
0.1132232656445153 0.02730738322366576 0
0.07610320751529651 0.02774037728519084 0
0.07291327680354255 0.03169773789662789 0
0.09203680246707378 0.03558362984444298 0
0.1178878759763806 0.03236378395434867 0
0.07558577697023965 0.00869680548106261 0
0.06210475110618725 0.00203745861475727 0
0.1123169140180051 0.02313819744987056 0
0.09418206283873644 0.03227678111050714 0
0.06201133497252688 0.03354585846214064 0
0.07861199563070802 0.002065916111170842 0
0.07399679223513375 0.01457066339921891 0
0.08822466856038709 0.03444213474089336 0
0.07322013837143822 0.03863796159040534 0
0.09658968450017991 0.0401833316524265 0
0.06954247202987782 0.002038225496100848 0
0.07187824343389244 0.01454808342390511 0
0.1102192042820825 0.03449628192954024 0
0.07756276136025601 0.04435415102553945 0
0.1180649836327811 0.02026079241469408 0
0.06794107542198877 0.02369325924053413 0
0.07107494895875352 0.01254999301868409 0
0.07175928475806906 0.02246340535998059 0
0.1125414380986997 0.03013916150031705 0
0.09591027171817926 0.02648800667200619 0
0.08526272909357677 0.02280812546970103 0
0.07843096148160385 0.01595370614179126 0
0.08701990535494832 0.01790518360493179 0
0.09563183031834782 0.001969339537506049 0
0.06545201531096888 0.03627024882868975 0
0.06949769260368474 0.008736635173695715 0
0.09338859004470168 0.01871618666110195 0
0.07514711491518317 0.04807118925149092 0
0.07971751608166912 0.00823582488736635 0
0.09159889229290058 0.04799091877333684 0
0.07072299794568485 0.02564510000508285 0
0.07904157322985478 0.03306296275039785 0
0.1070511065203114 0.02510436606600371 0
0.06477255852149952 0.04414300390591136 0
0.09251002518152809 0.007736470857201399 0
0.09204184854128684 0.004384022222979674 0
0.09978421314034755 0.02854896317034823 0
0.1179781188212318 0.004771439241402581 0
0.1179781188212338 0.04522856075859796 0
0.06726218407152872 0.0452317143557107 0
0.1042680180996505 0.01655613509487311 0
0.07433021036814856 0.01135743636284646 0
0.07543995808645663 0.03799086064063656 0
0.1059866731741155 0.008362567605720204 0
0.1152547950794243 0.02132366159738754 0
0.1054507833921909 0.01246844075086741 0
0.06470265793475519 0.04806405701755417 0
0.09888328528606276 0.02376834857107664 0
0.07433653821558903 0.04491755947109683 0
0.08800324321815098 0.01220417349768024 0
0.1061797853634075 0.03891622392422323 0
0.08624304909648492 0.04302735680384375 0
0.08173011470611295 0.02122933782771776 0
0.08661554770443092 0.008459416827187254 0
0.110523250990906 0.02652891767744947 0
0.09141973867792008 0.03198944689568891 0
0.0683249355066779 0.04811933816430835 0
0.06198037738328823 0.01114696230668968 0
0.09306057143781533 0.0394933286627212 0
0.08544103797355121 0.03184796673633603 0
0.1142440443707977 0.03254038254073507 0
0.06429825397892004 0.005463758850048286 0
0.1142301997461257 0.01838628882203507 0
0.06205971250953315 0.03528826860272794 0
0.1029028867878442 0.008127591852331226 0
0.1152879566569834 0.007009151435809885 0
0.1066030756523159 0.01630117632760304 0
0.1071742993988801 0.03185362448765222 0
0.09380698010357767 0.01106127717407186 0
0.08651836554665776 0.02576464314147974 0
0.07260970288389887 0.01093028772086128 0
0.06191565844673694 0.04552221833224982 0
0.07419153478830193 0.007654500843669078 0
0.1049683934852706 0.02287184146852057 0
0.104742963134637 0.001790895145429929 0
0.06769819172541136 0.04228578754091666 0
0.1105339158908329 0.04302950175301913 0
0.06192533056994785 0.02468725250674743 0
0.08274661581797949 0.02912803445368913 0
0.09734758923400819 0.0480643992861722 0
0.09136141727109602 0.04556240451164206 0
0.1109636170207513 0.0479593729027417 0
0.1013630992643717 0.0118305457582468 0
0.1085610589330074 0.01442333197109496 0
0.1180053941442586 0.02356385683755274 0
0.09008019162780899 0.04202135569743559 0
0.07642851508229374 0.01034926269014314 0
0.09793834253937192 0.03213003792382701 0
0.09574017434464865 0.03710429925503785 0
0.1153234426915319 0.04294642827866711 0
0.06456997520472939 0.01866797196991014 0
0.06191121915563679 0.0302353821716401 0
0.06854191726686693 0.01718624432411561 0
0.07488524773842493 0.01703983415114359 0
0.06403595461763925 0.01511633726003702 0
0.0760224440831091 0.04125691861423567 0
0.06624128584393249 0.004243330180645937 0
0.1057217222067449 0.02849917576323483 0
0.07345372976156803 0.03477538789765686 0
0.1107680115523753 0.004934548802665108 0
0.08063100301628842 0.004458155596606386 0
0.08593277224865546 0.04812632983640499 0
0.07527230060414344 0.02085226153173713 0
0.09845651674784779 0.004519561183523345 0
0.06753968042551169 0.03777387533073296 0
0.06840020262055486 0.04381709571965911 0
0.1034388375312773 0.01944285097740709 0
0.06899516211797026 0.004897280083599398 0
0.09554032429350651 0.04328564755786981 0
0.1103974130648667 0.03230153463919803 0
0.08006690165758558 0.03832451578425444 0
0.06188276699033377 0.04208061955427313 0
0.07827841801505556 0.02268192997103992 0
0.089600891497558 0.005633392113233411 0
0.06401075405858744 0.0395622570190528 0
0.09862483801392004 0.01381993789734058 0
0.1037766421949031 0.03341140374343231 0
0.07995795105890131 0.02761037381546272 0
0.08222379698622094 0.01377176303935032 0
0.06403530095606394 0.02464638194808496 0
0.1093961277849194 0.04142828704641147 0
0.1087514598450629 0.03826268701283148 0
0.07414326168457727 0.02389212926065965 0
0.09720397899217978 0.03530261367367711 0
0.06984806902639622 0.04028161767637041 0
0.08362210273318535 0.02635391107920326 0
0.102633823807982 0.04818047828042337 0
0.07499413913597813 0.001796373985081301 0
0.07986966529079721 0.01861707434653534 0
0.08095698620280344 0.03981129543619595 0
0.07652135085596251 0.01925887801437751 0
0.1149924041264355 0.01483337286941042 0
0.1046566313313376 0.005068152766328065 0
0.09306581807222127 0.01406269867342124 0
0.08810454548646521 0.02241444450242773 0
0.06964320773147904 0.02761120857931517 0
0.08586757015555636 0.01134525681467651 0
0.06170680508185567 0.01735991459917377 0
0.07127962572819482 0.04580611144920845 0
0.110466292184745 0.02379123577097824 0
0.08168668970759929 0.03556814610229 0
0.1057745006136071 0.04809051675565533 0
0.1114064499355724 0.01954420153768474 0
0.1098933487541149 0.02032753336657633 0
0.1081872353124716 0.001735811830667622 0
0.08819157293286499 0.036424172349067 0
0.09697930478786949 0.00785400727827406 0
0.1127472791691922 0.01318481625341697 0
0.1115819875726393 0.03677176954052165 0
0.09400659266678216 0.04838596145536264 0
0.07332890093554968 0.01822390571569035 0
0.08302188006071416 0.02010043179272336 0
0.06407386789383322 0.001832788877148176 0
0.09598451344652596 0.02827088437280055 0
0.0651088902039979 0.04251074102016298 0
0.08592160638122205 0.0339660417070736 0
0.1007778534095632 0.03185141690609847 0
0.1003641312283466 0.03541247656465973 0
0.09324570843342002 0.02071085685697262 0
0.0647334468648523 0.03092174129297947 0
0.0659625230188081 0.03443325644313688 0
0.1128812723908325 0.0403943544310081 0
0.1127618380119722 0.009780273750444218 0
0.08554644405308683 0.001721396854647412 0
0.08063675092821611 0.0321876481394567 0
0.1053395683138208 0.0458383127012363 0
0.1128742625083525 0.001740297932816262 0
0.07933636506302148 0.04159265836819659 0
0.08649981318125569 0.01967929860438539 0
0.09367623781042217 0.03484891168692451 0
0.0944422248038664 0.004528892972246348 0
0.1182095784530807 0.03405919212050292 0
0.06636836434702773 0.02872644081111356 0
0.09913431091357666 0.01757964131121025 0
0.1162071816696398 0.02347603032442007 0
0.07698740469111715 0.02618722218469065 0
0.1183078148299906 0.01553636322672142 0
0.07355336456315732 0.02016141457514138 0
0.1019755570561179 0.004328439243233589 0
0.1159427951181479 0.0176754010058464 0
0.08113168157469804 0.04348020904754293 0
0.1030831302398728 0.001669366352990166 0
0.06874551869808071 0.01043259025999888 0
0.1000579216188242 0.0455377022527347 0
0.0777479448404559 0.01142323701132499 0
0.07530007307626879 0.004766630712230989 0
0.07818955083451096 0.03580690747872616 0
0.08270169313401682 0.03422624566737709 0
0.09590108145974977 0.01611572116182946 0
0.09737211672288379 0.001696962721160031 0
0.09244500212451534 0.0424924426989671 0
0.09434613314603822 0.04528392916192604 0
0.0835312138881651 0.02363995270407741 0
0.08990644386627822 0.001620221963938122 0
0.0732103101532042 0.001618521064075767 0
0.09401541412229902 0.02330951130275897 0
0.09664425713913408 0.02122620006813613 0
0.1066122313835604 0.03358156103569251 0
0.08308886747012224 0.04820283589854905 0
0.09323099909018791 0.026212441855929 0
0.1183872884330179 0.001760060310486693 0
0.1183129019209949 0.04831505891416454 0
0.08315310392265945 0.009193167052616193 0
0.1129629734602593 0.004838445982044354 0
0.1077117191183128 0.009631264133449538 0
0.06824098272190872 0.03441239287814628 0
0.1042773174974531 0.01105566462186675 0
0.08458243198647906 0.004241790381445001 0
0.09703603293642889 0.04645831791902263 0
0.08493767682930238 0.03656121310594859 0
0.08828611789622402 0.02524526770053025 0
0.06723268119711465 0.001709931076698929 0
0.08193175942491844 0.02287317614297176 0
0.1078785291854755 0.01152105446936403 0
0.1183585462231549 0.02914515019272093 0
0.102830644567042 0.04078744479058097 0
0.06463004119828693 0.02744082168785498 0
0.1081453126658615 0.006300157486765191 0
0.1096381140867392 0.008771035705514792 0
0.1087098224433355 0.02654967371714106 0
0.09132975099149734 0.005702652120969555 0
0.1053364095287299 0.03693108777577188 0
0.1183000140033229 0.008032381482046791 0
0.1183000140033234 0.04196761851795459 0
0.06725020954349391 0.007441804441252217 0
0.09128900454718847 0.01384671609280311 0
0.1157264774936761 0.03161716579019538 0
0.07138401160870833 0.04301885851954616 0
0.065995650072586 0.01002851543753508 0
0.08002443788895033 0.04831955817388749 0
0.1105210980941294 0.01474847714507888 0
0.09238466508133418 0.01761232840731307 0
0.0908698865669917 0.008966109413742434 0
0.1183301447267948 0.02602809944148725 0
0.07244107902466826 0.004088916586776205 0
0.08144347572767438 0.0154371811392643 0
0.1184299577851181 0.03714886177037627 0
0.09829966486805641 0.040945399032926 0
0.1116698361406608 0.04551075645587948 0
0.1159816566388513 0.001676102781708551 0
0.09962364244422477 0.03790039225979063 0
0.06547978625978396 0.04571448064078916 0
0.07036624475350794 0.01869256444861948 0
0.06888632297333837 0.02221893100529971 0
0.0772972853022921 0.03265527005669129 0
0.06165672582426076 0.02679424914273495 0
0.1132583882029151 0.04530318685409782 0
0.09146300637622448 0.02109567392258907 0
0.09089481664563963 0.022930812873964 0
0.07953408997656031 0.03471794588620965 0
0.1109374076966984 0.01027521705638081 0
0.08522502999303079 0.04553175038438372 0
0.08362111533663363 0.04548720014296773 0
0.1130794166130961 0.02178199031250617 0
0.09979817339687126 0.00912458102630573 0
0.09846839671882145 0.02589558955725798 0
0.111518290834497 0.03354664373982215 0
0.0991977010570318 0.04849331811864214 0
0.1163007857061068 0.03688134457049699 0
0.1137240394366906 0.02892654962712096 0
0.08336621779777553 0.03765302895069294 0
0.09420865283759393 0.03643375358923955 0
0.1039111093133491 0.0315559702965704 0
0.1162334117199627 0.0131387212143916 0
0.1075961120074512 0.04834961726233417 0
0.1068402148629133 0.04270124788944036 0
0.08271581134995529 0.001668885318195506 0
0.1031106541199378 0.01782248212255584 0
0.0705031601994011 0.006509524374288402 0
0.1046917812001446 0.04263310342025086 0
0.07659118585496098 0.01704000689943857 0
0.09602973733680127 0.01826831617524817 0
0.08717281877092009 0.01576017824996226 0
0.08911209667920662 0.03784669499267691 0
0.09721740957658373 0.04386298147526196 0
0.08917856301171792 0.04842840832906411 0
0.1010303280956792 0.01516094565042319 0
0.09277894551662702 0.02838412862733892 0
0.08042392354456851 0.04553944410626718 0
0.07231883380192949 0.009242438330288674 0
0.1053546102764345 0.03066264702139155 0
0.0664270946804134 0.03941091963388314 0
0.08639396095770624 0.005139179616150897 0
0.0615902492543752 0.00766414176422821 0
0.07937345673585172 0.02404144996560907 0
0.08802983333015879 0.03127084636648141 0
0.07566935028008794 0.01391673352255394 0
0.06156888175048278 0.01362294930583688 0
0.08557390336047069 0.009757753429023986 0
0.07765904867568937 0.04622007204944325 0
0.0855907226022059 0.02898475045507873 0
0.102755179299098 0.03861717623552552 0
0.1161588312016013 0.02679304668391759 0
0.1110531398698987 0.001605927066947653 0
0.0846220358157353 0.03492887810889946 0
0.07923470810320145 0.009806209688912795 0
0.08299305452083731 0.03073847108752682 0
0.06160816793033294 0.003679135726907967 0
0.07580593727130397 0.03420548953222256 0
0.113325873123436 0.04848924557058915 0
0.0732691974138652 0.04312558649478693 0
0.1068003726201298 0.01474941658127876 0
0.09090432715308575 0.01167797196880612 0
0.09652987320857309 0.01309002697320312 0
0.08070734595653736 0.01251848347464821 0
0.07223992973477024 0.04004622786450452 0
0.113161913435686 0.03372169823669785 0
0.07774913319305352 0.04088356034827497 0
0.08099370036833115 0.01087678388000418 0
0.1138974289303384 0.04372842117259747 0
0.1164627093164054 0.02886289910342774 0
0.09393086795746676 0.009382331260312413 0
0.07585002029739395 0.04436245912156853 0
0.07242753775819256 0.04844573963757643 0
0.10599834319847 0.019416743502658 0
0.08441408379058407 0.01442996288011539 0
0.09957093892415229 0.02086095446744602 0
0.09508543308951468 0.03377899215393895 0
0.06413796836476232 0.01159582766218291 0
0.06837453057934265 0.02067262602364296 0
0.09082323043923198 0.03958931158698651 0
0.08551927236009774 0.03979368503158394 0
0.0973620653477896 0.01051894303206785 0
0.1164410629543284 0.004460130152734309 0
0.1164546670851906 0.04553338667167838 0
0.06590540889584964 0.01558344861499404 0
0.1054865629170823 0.02657158595584128 0
0.09874950789887194 0.007645595483930727 0
0.09953246894782071 0.006219698628299863 0
0.08018921094569634 0.001552268549372417 0
0.1020323648822829 0.01363351098356987 0
0.07184152139001986 0.03521455288289771 0
0.1159292528996999 0.01064977519974297 0
0.1159288346588521 0.03935016496975145 0
0.1037870178510712 0.01404707354461389 0
0.07006314019950838 0.003510056040944138 0
0.1163252863224236 0.04840353286858037 0
0.06834638813480738 0.01361358844348352 0
0.1184586804040094 0.01258236952765455 0
0.08893786830458004 0.01422188725173207 0
0.06395582975337107 0.008466072706164118 0
0.07440575774590441 0.03086050158707952 0
0.07424209285216862 0.04166082418802816 0
0.113516489203669 0.02448656645472617 0
0.1079562818470231 0.02183952540890469 0
0.1104375683119026 0.01173600871386961 0
0.09624963165298207 0.03101561195822112 0
0.0718010752156947 0.01774622704666459 0
0.06509249097397672 0.02585376793207164 0
0.06153991242772552 0.02267001966306245 0
0.09935053084361201 0.01225611180373971 0
0.1026673287823491 0.04405037577381488 0
0.08842123077281244 0.04631246994200605 0
0.06745574088843828 0.005254544599676513 0
0.08821602239590377 0.02088283779971717 0
0.08846316631035392 0.04113100859580476 0
0.08642654448382275 0.01280255754564331 0
0.06776434371949716 0.02746089031225048 0
0.1131591628546653 0.03622133995337862 0
0.09112446228951374 0.03433014587441201 0
0.06150414237697965 0.03207095011795707 0
0.1001119524246753 0.001734398662983427 0
0.08935891404291164 0.01800003169731796 0
0.06601304501562456 0.02075662625994311 0
0.1016328376523076 0.04180467464470984 0
0.1157904007273474 0.03502919189286222 0
0.09400380355303208 0.007212772782206053 0
0.07934024326213206 0.005657505315111794 0
0.07918664919218428 0.01297997123290874 0
0.1111428098955989 0.03092750098761953 0
0.09285793629767887 0.03144716679796873 0
0.09303497378433737 0.001561125348287861 0
0.09722184797187002 0.02300984483820956 0
0.06459776512042001 0.01323447672560447 0
0.1079844005344426 0.003320537482920577 0
0.09272811324821201 0.04489573853070188 0
0.06929288615760702 0.01588868585827911 0
0.08424456197549873 0.01652492647233984 0
0.09793284598876507 0.01584241523905604 0
0.09647557067959375 0.009271301777907654 0
0.1138973504185167 0.006263037923636759 0
0.09122781369986821 0.02876904334286988 0
0.07207931269834131 0.02099594917125341 0
0.06345377764335713 0.03001749051363604 0
0.1184614355410706 0.03085033640358816 0
0.09580667893654546 0.02418527858299935 0
0.09859059624886747 0.0426553509812314 0
0.1125764459233724 0.01644026211614516 0
0.0874975376365546 0.04401067195196436 0
0.06477226480371347 0.007016235514680571 0
0.0697574203678855 0.04859296885882586 0
0.0768492523853764 0.007278993101839739 0
0.1106570894803838 0.03806167711173145 0
0.0812273392697275 0.02889105654196484 0
0.1082604295658174 0.03643347675337212 0
0.1084493836304806 0.04632355252323217 0
0.06358859957176786 0.02165162554860587 0
0.08149377900724188 0.007768979108491358 0
0.06704041585995472 0.02576666261052383 0
0.06958535843857323 0.01196393052604158 0
0.1185105663432249 0.003339578322417009 0
0.1185527671450931 0.04661216101045001 0
0.09435343300759189 0.02182922202052385 0
0.10429986240303 0.04119673002281875 0
0.1073654622424201 0.02852031174089479 0
0.1065188551133089 0.006826571318551172 0
0.07230736077347476 0.02639411321981321 0
0.105236875433862 0.003634954675100562 0
0.07636460896536318 0.02473939451922681 0
0.08305286935538585 0.04402976956447302 0
0.08362020153904938 0.0278631745126298 0
0.1079134241937354 0.04152149131519687 0
0.1014741294593322 0.02648348698826649 0
0.08985071993204873 0.01999806961207283 0
0.0826222827913336 0.00329631416659811 0
0.06368067508790159 0.03621950247064371 0
0.1184807915744447 0.02176524639207506 0
0.06890265667621967 0.03592068054906051 0
0.08895164916532045 0.0070270444477499 0
0.06514655940518035 0.01703421704855692 0
0.08687854820486397 0.04165094155036239 0
0.06149661209831749 0.03822719849305008 0
0.07437508726316855 0.01313123282863213 0
0.1113312382414123 0.01345148400879511 0
0.08815002680295606 0.02888753571587944 0
0.1082046843157548 0.0237701085522157 0
0.0797354548998052 0.03082635482706056 0
0.1031963347947624 0.02860721678716321 0
0.1185018602488868 0.03890746602257382 0
0.1094156641054421 0.04415419396290874 0
0.0983410132603361 0.02882074958518664 0
0.08286319665139316 0.04678315202272988 0
0.07096778678628465 0.04133539449753085 0
0.08142965324852491 0.02593958874801192 0
0.1019824778029099 0.02254660549749269 0
0.1185487117893534 0.01106647602910899 0
0.1122746566561122 0.04250442509918297 0
0.08375126477298042 0.01874505002648651 0
0.06655396626104408 0.02315497945764286 0
0.1064783535903303 0.001457254873437045 0
0.1023753185910897 0.03624872213659271 0
0.1037973758452182 0.03562504011498481 0
0.06937468961817124 0.03882058778613513 0
0.078464952052509 0.03841635033184851 0
0.0839535678693393 0.03183698341195316 0
0.1136160866312025 0.01439426693308203 0
0.09714208361277182 0.0338058973684426 0
0.1028161629877085 0.01109797417423642 0
0.09819810767802109 0.04538483872476018 0
0.1135245841119424 0.03795735489084857 0
0.1046427376940323 0.03823577789156492 0
0.07856150354925974 0.0485824322750436 0
0.09587401136641431 0.04148863471074413 0
0.1084828484326246 0.02969776968408656 0
0.1114772924849583 0.03985292213716894 0
0.1059063014478218 0.02405967864995549 0
0.1084862003920819 0.01826181726665045 0
0.1001793186161114 0.003336269560113471 0
0.1143593417949108 0.04071569418527312 0
0.0667413076209839 0.01285325317976478 0
0.06902398908771801 0.02478315871450669 0
0.09714825831611083 0.03675992952376715 0
0.08710353009448532 0.001512052926144244 0
0.1087150123992592 0.0317489440245538 0
0.08342847194388868 0.012751820559059 0
0.06346603514996373 0.03315177965004704 0
0.06726124157995514 0.01083376091935796 0
0.09944552059041166 0.03276213215191033 0
0.07305418826481405 0.04575380344495165 0
0.07460743380011538 0.0463658805562441 0
0.08584056212115783 0.01420715433121756 0
0.09702749781975006 0.005128216629382689 0
0.08199442310294973 0.005826171596425193 0
0.06758964675369972 0.0183204289754119 0
0.0739442017205296 0.04863860326362206 0
0.09971414499505778 0.02512840724207564 0
0.1123632049130086 0.00757691982142052 0
0.07986531859224026 0.01542286849285158 0
0.07729847054387315 0.001428972075542738 0
0.1028263057776889 0.04670197203434324 0
0.08110494206697967 0.03705389002803475 0
0.1144443279044925 0.04629541152106545 0
0.1005146104079894 0.01846863012748878 0
0.08136037533705166 0.01770516968532195 0
0.0764856729600093 0.04309078268524902 0
0.08458171488741129 0.042706960925032 0
0.06649158340978238 0.04860410074536376 0
0.07998436666087999 0.003100697782057567 0
0.1185346718194832 0.006329498370242244 0
0.1185351873661636 0.04367118494257389 0
0.1165773018567522 0.02080336442193268 0
0.07833223830473912 0.01936268401798776 0
0.06597289941284881 0.03192454832397132 0
0.102574743652822 0.01648141322824393 0
0.08865041517311589 0.03266067688317191 0
0.09106359933687991 0.0260731600872865 0
0.1100792086596546 0.02921731622787399 0
0.0862957934690444 0.04671553436614569 0
0.07167478966840668 0.01622327788466389 0
0.07098463775864006 0.00892333270858995 0
0.08560494673398786 0.007408132920250433 0
0.1043198993607675 0.0485630341034619 0
0.1168533392169107 0.008123494193762074 0
0.1168340050676813 0.0418058087101689 0
0.07068004353918556 0.032955641195144 0
0.1135639025378633 0.01200343641134993 0
0.08451788022800133 0.04865378399284164 0
0.07142796764088601 0.02397031745659654 0
0.07857454478953819 0.0260034597909192 0
0.1143954849460573 0.009337821877933873 0
0.08357397583046282 0.0390769737314355 0
0.0980683818012158 0.02053829306472482 0
0.1028383388028375 0.0305892225981318 0
0.1014182937735808 0.008506166757183955 0
0.09560299109568117 0.0141091091795641 0
0.09370509906715684 0.01631043582192124 0
0.06400209828069668 0.03807977341268245 0
0.06148150471123873 0.04078523062478053 0
0.1156330879311452 0.003256138368048334 0
0.08632602541739064 0.03709770221381797 0
0.1051815266669858 0.03374145703484956 0
0.08970009620494331 0.04337100103038819 0
0.09198119104245982 0.03856794256692585 0
0.06779052990177288 0.04669119956950746 0
0.06335410031938531 0.04862885461700075 0
0.09408953487477746 0.02907826755094582 0
0.08249831788217586 0.01056189547467131 0
0.08594906351533188 0.01681879417421226 0
0.0808423356948139 0.02400658718722517 0
0.09158346052260864 0.03698174476817124 0
0.10092363111264 0.006230309892919024 0
0.1094379490039504 0.0156515816492599 0
0.09804126982772496 0.01852546373791773 0
0.1063427048960574 0.03601214217084207 0
0.0635584320254191 0.04272595026939409 0
0.07985554921464807 0.04289193576240236 0
0.09782731343691514 0.03954740001817527 0
0.08942860845818362 0.0116229380497926 0
0.1107201645025733 0.04682718946809587 0
0.07262333855796213 0.02823677218245106 0
0.07369707394195571 0.02569120082855035 0
0.0685830313674184 0.04088466811586779 0
0.06142660935632865 0.04436485531649972 0
0.1186564357246686 0.01888784273651789 0
0.06140516046974416 0.01996709159443226 0
0.09519030324560043 0.003358233344599372 0
0.1149874253041275 0.02450094936167881 0
0.1161184582426247 0.00581203480406675 0
0.07535238330644282 0.003321972259926594 0
0.08476310284642803 0.0215503253409229 0
0.06499731751092289 0.003607501151986561 0
0.1003685605925097 0.04034680182338716 0
0.07769355793868164 0.003500914508560641 0
0.1162175393689396 0.04424475967605437 0
0.08613027284848462 0.04444008874514433 0
0.1032777911514591 0.005190565861376925 0
0.1164492765276902 0.01457078792205569 0
0.1087232634553633 0.03457197462726413 0
0.1015933955326472 0.02101974017395386 0
0.09447325690532632 0.001376501276358332 0
0.09476658688274436 0.01873017898619179 0
0.07073570333258362 0.001312193139326945 0
0.06137119969967536 0.03691041085883132 0
0.1107739855648099 0.04443197510899913 0
0.09303895514953243 0.04096339794395939 0
0.111650615573427 0.02671540187044612 0
0.1152539805701169 0.02950011841139384 0
0.08582877064823452 0.03032044190614653 0
0.07275516050711162 0.02342147384134516 0
0.08369783894147954 0.005939934296600603 0
0.07176446794867382 0.005951458946013506 0
0.1187155776871789 0.03549999999996165 0
0.08338115523695031 0.02499708749872936 0
0.1027881127086822 0.02712160518288182 0
0.07575412903959272 0.03282171654873967 0
0.09270705879766143 0.02379205908951574 0
0.1022731923639286 0.03362387393151242 0
0.1106486423043052 0.003463386185655085 0
0.1009189799497411 0.03862947175647704 0
0.07895010804918066 0.04523897539597393 0
0.1109265357058412 0.01781405090644136 0
0.06136966705539411 0.01599249255860609 0
0.1091911268924452 0.01196260817134632 0
0.1042958431499276 0.02155597435942641 0
0.08644098441189407 0.02784712437964938 0
0.06137544378388136 0.006232316682908147 0
0.06727628568632354 0.03172809047240575 0
0.1152690898790651 0.03791341092068047 0
0.1153208167353695 0.01193211577411121 0
0.06315188306043636 0.02028998407551442 0
0.09791434009590852 0.03067801074618979 0
0.07593175316609226 0.0219639748817793 0
0.06499652233339671 0.04058756082444914 0
0.07606935738365889 0.03007797340438986 0
0.07875174895979081 0.03710864475639347 0
0.09104863882495284 0.03055451666785742 0
0.09616444414051657 0.04874764328226917 0
0.07843445366841098 0.02127081142674573 0
0.08866926055541421 0.009872915093521756 0
0.1187170839257607 0.01706004218987536 0
0.07924685616989607 0.01706019283501561 0
0.06968078061935472 0.03037557162108476 0
0.09425798744059888 0.02639082073077497 0
0.07036940285483746 0.03653501408474528 0
0.1072860408954498 0.03878061822848304 0
0.07456992574737158 0.03501588697377908 0
0.1058273618635678 0.01358338215180796 0
0.09845392243322405 0.00129706500941513 0
0.09521643207358663 0.04021989264733785 0
0.06328597500324028 0.04473533577200973 0
0.1056314963920789 0.009427045170340128 0
0.1067428881215964 0.02103758912391033 0
0.1158376663117607 0.04687308940421504 0
0.1046671351198897 0.02001266868010164 0
0.08526096172358988 0.02610803088005162 0
0.08634055934787155 0.03868455772228298 0
0.1052597761085394 0.01698784266367441 0
0.08795281085034769 0.03920538726185432 0
0.1007167316343893 0.01634493071576876 0
0.09992879109051557 0.04296505237432447 0
0.1100604576766564 0.02753439051886283 0
0.1105915824567824 0.02277805698120362 0
0.07703583851091243 0.02332131833361202 0
0.09349669026145574 0.03033563139198779 0
0.07738011643571058 0.01512972429842729 0
0.07827169693215337 0.0079354134169312 0
0.08386906258398355 0.04142919526323913 0
0.1131869243290278 0.0309433598084649 0
0.1096317811080528 0.01721444078041964 0
0.07061946702735653 0.01541080187686021 0
0.09555209561895729 0.04608890376343218 0
0.09436367805175463 0.04682575809245782 0
0.06110631451868942 0.04689419538170732 0
0.09764880089311048 0.002990179549070709 0
0.1144601427165008 0.004086912067144988 0
0.06302453162498592 0.01020822076876104 0
0.07495462071941324 0.01042936318303437 0
0.09041558106706314 0.04858028557594746 0
0.1144778223570428 0.001296140619491165 0
0.09415651504949439 0.03781232752606292 0
0.06148965974227835 0.01840466459705443 0
0.08636566891343202 0.02265236471731788 0
0.08565112294610852 0.02421242128974843 0
0.07386573834347546 0.004480909768842987 0
0.09404484414423571 0.04232863297289094 0
0.1066242294400868 0.04050595121500804 0
0.08953826208256033 0.03453394795237182 0
0.09213218956021957 0.01108954958814062 0
0.06330584393082429 0.0140308597639636 0
0.1132758985850943 0.01909951415908699 0
0.09969528848949101 0.01451815658456987 0
0.06853217802622878 0.001235941775154664 0
0.1148374592915028 0.01999714647072848 0
0.0727505988552625 0.007116835091832077 0
0.07719301731023159 0.01272957978068602 0
0.06138794511180319 0.04861845771116315 0
0.1124384562942169 0.02053665314851569 0
0.09358247079179263 0.01227052946351844 0
0.06641799219936063 0.03668659599061094 0
0.07629357348780824 0.04875409831437223 0
0.08022079084557591 0.02130963514069582 0
0.06132906066392654 0.01217090845013125 0
0.07084488035053811 0.02004128316018048 0
0.1039373709984834 0.04371000772692599 0
0.09013150779305505 0.04070750505670667 0
0.08671840035473173 0.03136417944857089 0
0.09714423001908051 0.02594278795461179 0
0.07129944822319283 0.03019964203283342 0
0.09949696931749676 0.02236646233452095 0
0.09580524713123544 0.01203657826030114 0
0.07839818244324646 0.04360139796790672 0
0.08990668822823641 0.03179213162840472 0
0.08440714149757407 0.001444293286451478 0
0.1039731525380962 0.02621569100461905 0
0.09912835892383665 0.02765790531308751 0
0.06777978180484889 0.03018180452489598 0
0.1130885261174106 0.003278701681843716 0
0.07209072923344174 0.04685576630191157 0
0.09108669660120003 0.02409889243979236 0
0.07632097697431775 0.01812145432722743 0
0.08730590689040701 0.003195168582832539 0
0.1065389197841111 0.01203794124232427 0
0.07364302847609494 0.02903264357210916 0
0.06610712569113325 0.01824053564336143 0
0.06336897984531646 0.01825559341361738 0
0.07427849837106185 0.03861829412145847 0
0.06717187657979491 0.04064473369308377 0
0.0695460050579591 0.01303886886849902 0
0.1108656794814718 0.02515173868946866 0
0.07706866306650342 0.02784700657488814 0
0.0895529832858936 0.02266864736923276 0
0.06914084885661173 0.04493150211619378 0
0.09261253945632605 0.0487022344399084 0
0.06139670434435257 0.02933571072726164 0
0.07343299210390941 0.040409494401596 0
0.1052852994300485 0.0402205152426355 0
0.0824492902439783 0.04140026496237215 0
0.06132290083008235 0.01020406651886694 0
0.0728149278190951 0.03760272477491416 0
0.07048466331940129 0.02234308358882412 0
0.1170730957188313 0.01909172302110409 0
0.07331399565177474 0.03294062112711939 0
0.108274305345198 0.0134396679658751 0
0.08441516574081059 0.007109944088908565 0
0.09350030582848991 0.004162786404263498 0
0.08814907449685019 0.0237652713110967 0
0.09076006422736049 0.004973007434014228 0
0.06101886290323368 0.03461499657352812 0
0.09623966572764257 0.03894038757078659 0
0.1101383161775476 0.04862612446839725 0
0.1066006124088675 0.04488084918451465 0
0.07498095966026791 0.01589572924336505 0
0.1091449851695672 0.001278144730377945 0
0.09360959815935811 0.03328906980437616 0
0.0631840085950362 0.02707511328223195 0
0.09114379473820322 0.0160722600943728 0
0.1190273164318045 0.02751937329393609 0
0.1131908254057324 0.02611054964936898 0
0.07190127315421646 0.03191678144962166 0
0.08848015415888619 0.03006871501341532 0
0.1035941409251857 0.02477370021292388 0
0.1021443711637968 0.02433769450336094 0
0.1016278888801302 0.04899336350133198 0
0.09498414112132186 0.04426572495333757 0
0.09852772383167512 0.01087521681438481 0
0.1152080827295894 0.03590067832186427 0
0.07934002920909027 0.00694041276531729 0
0.1015176281124611 0.0009001362411625323 0
0.08150000000005807 0.0488189926196413 0
0.1124344767245264 0.02835042209802937 0
0.08230116492758592 0.01639000972462144 0
0.06860911804479528 0.007904496522453567 0
0.06966754890514866 0.03202987493452356 0
0.08884120723630994 0.027478204496376 0
0.06716821372313796 0.02023849989703171 0
0.07804863339460119 0.005177695765372262 0
0.06498986695395075 0.04671028752907065 0
0.07145302450459898 0.01354034814399004 0
0.07465987276192514 0.02813345844129683 0
0.09240320702173999 0.04375884495497007 0
0.112117488566967 0.04872671785292424 0
0.07822864742981567 0.02871496291922609 0
0.1119837073073747 0.00485279458807774 0
0.0805312843423495 0.02004836247275523 0
0.1070598993358984 0.004195076016864767 0
0.1004124529544259 0.0233151785649719 0
0.09056780650788628 0.02742613998506694 0
0.1188024851501382 0.01445355122557214 0
0.1187266591458958 0.02492052070099531 0
0.0727552435889553 0.03610464006316471 0
0.08703075101543839 0.04860018298844675 0
0.08976106206805928 0.01632224526807242 0
0.06667230735378303 0.0422304988295368 0
0.1088206939284198 0.01911622258581067 0
0.1042211434777394 0.008098639176417398 0
0.1143012860426104 0.02705088247630119 0
0.117080472707508 0.001270977546829233 0
0.0766018251912618 0.006231298489210032 0
0.06504386482797536 0.00122398215409054 0
0.07013885592885118 0.00790882891581738 0
0.1059885816974653 0.02220902275078736 0
0.1033796189051604 0.006693571652173522 0
0.07202940542313266 0.01197489387352252 0
0.08163169746401919 0.04607459327585408 0
0.07320230933238031 0.01443422369408966 0
0.08903658857374232 0.00337047594441138 0
0.1054881313070288 0.04697914243345735 0
0.08212992039751968 0.03966402909266205 0
0.08040334268400112 0.04694932422440529 0
0.1044013316176456 0.0285951774208195 0
0.08432566667973673 0.04021716995094027 0
0.0991180565410581 0.03520080312055485 0
0.090485645577495 0.04470400847653454 0
0.098283637983291 0.03766116727587877 0
0.1034744573480866 0.00976091126868894 0
0.1099561500763921 0.03341643274632921 0
0.07016455848463424 0.03750558276010411 0
0.1136810405263058 0.01738045144100861 0
0.07204824425497983 0.001262147168658844 0
0.07111154666488245 0.03385647546978847 0
0.07438792004413866 0.005924793989908458 0
0.0847635567040471 0.02884055144487485 0
0.1009405932126382 0.009942986093973602 0
0.07814873056608902 0.02993618695144351 0
0.1107280617356662 0.03610153458745802 0
0.08845123950618949 0.01530281463748246 0
0.09186149519592286 0.04675745333303333 0
0.07289986601582571 0.003234527743519975 0
0.07135779858062019 0.003690144235591827 0
0.08555860373720259 0.01896780471729105 0
0.1017163382723223 0.007279257435610881 0
0.1149896721526277 0.04206363780566521 0
0.09116301746364414 0.01020801463330539 0
0.1023410764715409 0.003241323547024534 0
0.1154035049576209 0.01672184936830926 0
0.08522945007844804 0.003307393593617499 0
0.09329807281782909 0.02494622208935201 0
0.100553630437453 0.02002256385827522 0
0.0813049266079216 0.00120536479234596 0
0.07485384655378503 0.02652227237985592 0
0.1010747089865602 0.02931377992398016 0
0.0912421038569461 0.04244485210965678 0
0.0925083036815009 0.002967822985399201 0
0.07895242666725116 0.01437074190531235 0
0.100772931459312 0.02756210055511117 0
0.1109635751761736 0.007546351492447072 0
0.09573179144080878 0.007232697657409881 0
0.07601281218914561 0.001263758989420585 0
0.07037416391058608 0.04654429268865861 0
0.08717057834975804 0.03395041629065634 0
0.1147368103742674 0.03354112185255268 0
0.06316716795557772 0.04739567954980601 0
0.07710032059511486 0.03095199408687429 0
0.07465073857595549 0.03186181453021963 0
0.1008231406329571 0.0463103014419545 0
0.0613660118242885 0.001217518833623976 0
0.09501853792761232 0.009569113149007515 0
0.09572127636254732 0.02964577295687553 0
0.07603879772639223 0.02878977436217487 0
0.1159104491196242 0.02248162210521551 0
0.1149846178195893 0.00797405887843983 0
0.08239865840636776 0.03685623169551317 0
0.06938843964921917 0.02002838304225514 0
0.06530295173139727 0.02814228626085156 0
0.0881246133067296 0.005789783630504135 0
0.09229515795742031 0.01985156821559544 0
0.1171021526533375 0.03403017148730964 0
0.0901362290871299 0.02520283719617234 0
0.1020881635846281 0.01852127172561325 0
0.07537057310502497 0.03696049198011044 0
0.09574356126735845 0.004759281446632036 0
0.07703877330476795 0.03545709219587029 0
0.06809102101421928 0.03699195497046066 0
0.1111505081430075 0.006018698900055561 0
0.06672008588610323 0.003124130802198993 0
0.07118796604066316 0.0287126986145622 0
0.09040097122248614 0.01848331074660585 0
0.0613041212168364 0.02566010800374957 0
0.06255985810505992 0.01605246703865621 0
0.1076059499843863 0.0433593184793341 0
0.1089107037420936 0.007001236962859102 0
0.09672832240578785 0.006507405505482973 0
0.06832914797035268 0.03263884171103654 0
0.1022992958795303 0.03780235808583526 0
0.09108907728938748 0.03313218657267134 0
0.08888199713740143 0.001285612670219152 0
0.06707508638318031 0.01403745942138974 0
0.06115510645822798 0.04312768675746653 0
0.1187810072094646 0.02283873344070911 0
0.0951693683656597 0.03136808139533694 0
0.1093711320210031 0.003601939919459131 0
0.06540052754901464 0.02998630411674503 0
0.06779137607413917 0.01638597410745616 0
0.1041321840314023 0.01518846621478845 0
0.1144263396921533 0.04900149257120118 0
0.07518468739077551 0.02436647536709094 0
0.08315118754328639 0.008011852684057855 0
0.0911518374276835 0.00336011622933341 0
0.07817611519488112 0.01034443135908095 0
0.1172160122626244 0.01666126520614452 0
0.09488797674376326 0.04878410362708017 0
0.09010791821134456 0.02963034791960014 0
0.111196528835772 0.02970826121246418 0
0.1056655799063085 0.005891442004007461 0
0.1013241809610089 0.03482285944146293 0
0.08761807392116561 0.009101431809582103 0
0.09724130257027774 0.02832580683858955 0
0.08766701563059125 0.00806923520866829 0
0.07627702125227256 0.04718944817800421 0
0.06322054041960881 0.004758338654877656 0
0.08657735822801453 0.006187467930811388 0
0.08326903141121447 0.01182510967331609 0
0.09431280680161461 0.0139044221159258 0
0.1078556546299375 0.03089127387407118 0
0.0628538800790083 0.001148141660070744 0
0.09543146213890116 0.02127172956354222 0
0.1002335283595504 0.04431796803074477 0
0.06518982367827236 0.02373961522775982 0
0.07127401768142153 0.04881897259920062 0
0.06938060448596761 0.0343351456364324 0
0.1097240401197225 0.005458544506280165 0
0.07453874656330323 0.02284290472225597 0
0.1076717682396093 0.0336411813003215 0
0.06962989243087805 0.01775248380731575 0
0.06541681719484263 0.03962557099510172 0
0.1041606962180643 0.0346150545464672 0
0.089583834665224 0.009058901511939178 0
0.06941276568869391 0.04338380284808372 0
0.1021849922698955 0.02926937689453969 0
0.06581932148335982 0.04451003576628102 0
0.0649069707138082 0.03435001025975369 0
0.1000489719349133 0.03660393739429922 0
0.06563961950324991 0.005167703484326803 0
0.09303510269020762 0.0362970929977048 0
0.1062887354269243 0.03477856281075611 0
0.06355887850552344 0.02857573519326939 0
0.06280416306422291 0.03883509854348909 0
0.08986551633837123 0.03706532683625607 0
0.10749297548851 0.01576884518472002 0
0.09100743096537753 0.001299974866187965 0
0.07567367441681565 0.0394976205588525 0
0.09266463108937724 0.02733908966872647 0
0.107571010659577 0.005129637769106405 0
0.1080719099253293 0.02565389991216005 0
0.08193492736098827 0.04258605684928259 0
0.1084405188392305 0.0490603290623493 0
0.0652887770300951 0.01951683559061526 0
0.06114829737743463 0.01464660521764249 0
0.08704415833185029 0.01137925591589301 0
0.1090147236408074 0.03991909850306923 0
0.06769542565252031 0.02484901485118172 0
0.06121612639944969 0.02382913563264038 0
0.09575637558364952 0.01965221513955274 0
0.1130794190071811 0.03921305989919011 0
0.06843930655927689 0.03819373275502492 0
0.1093665338983119 0.03570973713058812 0
0.1167104248609641 0.03229057737288324 0
0.1045439000108487 0.02398678837502062 0
0.07668351409984807 0.03834554634918929 0
0.06118435355317536 0.02784956564730211 0
0.07936762760645566 0.02653501255082149 0
0.0630829531807376 0.02501207826121438 0
0.07106062227582287 0.04009490744565447 0
0.09442381730937895 0.00611507307611281 0
0.06260002223315127 0.04064207188484614 0
0.09352865479424183 0.008254480766429205 0
0.1156778511821024 0.02570470358123884 0
0.06468545146854698 0.03720775696161639 0
0.1009318016156159 0.02567273397671037 0
0.07628070779354516 0.03693210198630276 0
0.0821735033831098 0.004261846426889778 0
0.07672937837772562 0.01410446283177084 0
0.06414629840105415 0.0318320177171128 0
0.1095144584739338 0.02404725400679926 0
0.0990578642867239 0.009968835870851369 0
0.06923364005283236 0.04743601654615844 0
0.10337159686819 0.02259841632784217 0
0.07343538675604844 0.03063079981411954 0
0.1051729652665811 0.02954612670334009 0
0.08811789011200279 0.04879627701489773 0
0.118818820609796 0.03304620464971016 0
0.1060286079302849 0.03776960158927237 0
0.1098380995186555 0.0216471608488353 0
0.08484593299152901 0.0116483258340517 0
0.1158044617836723 0.03040650849477299 0
0.08255389653492969 0.01868289612800175 0
0.1117649486370089 0.02422601461228777 0
0.09572129262099466 0.02531655123639552 0
0.09143068662278196 0.01513114173545219 0
0.07315612655076748 0.01180772678175614 0
0.06716516833415116 0.03483184286050597 0
0.08537488942514623 0.03297111029795353 0
0.1059129113796408 0.02556498366524088 0
0.07983382528686062 0.04048924312844945 0
0.1134828332356432 0.01557776800524052 0
0.1002139743413015 0.04888135394767826 0
0.09389349143471533 0.03990868954039988 0
0.06778127118844912 0.006285162297059292 0
0.06113999425296917 0.008707132088864353 0
0.06266061898989386 0.03449434731739358 0
0.1168094539357948 0.01064732700414598 0
0.1169428967538879 0.03924287682404772 0
0.07273115178556358 0.008530321797132902 0
0.0704523632546222 0.02685632208974436 0
0.08822651500197565 0.0110047593579654 0
0.09806435331922778 0.04866466638703351 0
0.09639379749542837 0.001097630146444404 0
0.1104398899339574 0.04058330585506913 0
0.1043948883965435 0.04607294286817996 0
0.0752289909871635 0.007607729779940992 0
0.07459084373418472 0.008623571199255362 0
0.09202238858296166 0.01857720663059305 0
0.08816850259462108 0.01767395596058642 0
0.08970713014996841 0.03872233515799547 0
0.06387369168975252 0.01919598007215983 0
0.06300407709463736 0.005926645779831252 0
0.1073243375824595 0.01708663387060579 0
0.06645974694035471 0.001046637492507271 0
0.06253986849024118 0.04678325643122151 0
0.07903136735540242 0.03198842536364109 0
0.08985502627822173 0.04568893105480822 0
0.1131119103218508 0.0109216222714804 0
0.09624176034007452 0.03604858424496114 0
0.09325764266211818 0.01774557489498215 0
0.06507632472635669 0.02137571024148374 0
0.07590511807031482 0.02657533087535653 0
0.09320849200008391 0.01511659906658368 0
0.08382730315499425 0.003750128481887778 0
0.1002697546989353 0.03012488625926372 0
0.07016700213716168 0.04542540838877217 0
0.09472227386502226 0.01630426350774334 0
0.09612713577854448 0.03413005437650646 0
0.08416888001893666 0.009515039994817733 0
0.100284792497068 0.01742273255853482 0
0.1188408408947285 0.00904636919644175 0
0.1188408408947288 0.04095363080356168 0
0.102357685334904 0.02028984243441536 0
0.06107133412213826 0.03940869998726144 0
0.1137579637294873 0.04722952402582152 0
0.08271114229358861 0.02596999585665396 0
0.1000316970017803 0.04708886783533971 0
0.06105503973029184 0.0215661551959993 0
0.08077932774487175 0.04458509517844739 0
0.06553160450858184 0.04900051055820433 0
0.09189704482829084 0.03977071151066948 0
0.07658166464968096 0.009195214723565338 0
0.08610953599151491 0.02074259248428039 0
0.09836077527843441 0.02478328108909307 0
0.07201509829755928 0.03103867664426766 0
0.07856462435818735 0.03414845145360788 0
0.1133661705842899 0.0352502132961805 0
0.06918687364770451 0.02864549134464038 0
0.09861252409741487 0.01491205417514946 0
0.1122033038862798 0.02212596334465485 0
0.1096526777993762 0.04227899598598295 0
0.07180142233862485 0.03789997546080089 0
0.1172967149971192 0.04888719932166935 0
0.07132271532048554 0.04465555744938236 0
0.1096926985916107 0.04684728770831974 0
0.06416051298002801 0.02313621371026192 0
0.0887356724473852 0.01313911837454844 0
0.09658115168834285 0.02742882202954053 0
0.0739059531551701 0.0192175533633701 0
0.06872931897572113 0.02996506532363237 0
0.0611067740502552 0.004693979854827664 0
0.09733171260397043 0.04105013510009153 0
0.07179543175132594 0.02567096457184021 0
0.06108106643566577 0.002664565853048411 0
0.1080218937830225 0.02761530178464553 0
0.07755572220319454 0.04906747517717261 0
0.09961289957874786 0.03418102773223049 0
0.1039636521159292 0.00114386260319929 0
0.07354319603919063 0.01064466434701391 0
0.07773296712169128 0.01687380741341758 0
0.06302163002239891 0.0116810683955151 0
0.08189378726772935 0.03336849666274608 0
0.08804264441594456 0.04497519277113253 0
0.08913794093214648 0.004550191156595941 0
0.07130730292504295 0.01016427782408841 0
0.1173627652316482 0.0128076458598697 0
0.07355362647220794 0.04412151620447537 0
0.06524397771542935 0.01077226734081667 0
0.09655704767006998 0.002863215286485846 0
0.08327589000663045 0.01433456291105478 0
0.1115793914788297 0.01588481254132744 0
0.07639269749067859 0.003927888001736836 0
0.1065105350108982 0.0310823505772682 0
0.0884565030319629 0.02641167207340434 0
0.06610386212838473 0.02182248519855469 0
0.06739275360367308 0.0490508293010598 0
0.09267057694176327 0.04761162049072529 0
0.09158745157939925 0.00681436534781153 0
0.1065848759215676 0.04895232985613374 0
0.07541810214394194 0.01146663388097308 0
0.1013891182037482 0.03123007748808875 0
0.07373682921275199 0.03766114543113946 0
0.10529136231764 0.01120111790446243 0
0.06994230396445948 0.00552274785650726 0
0.07623292842308282 0.02035290906800769 0
0.08701682073793517 0.02883742724610772 0
0.06292024681265138 0.008189135645453557 0
0.06616071734449383 0.007296230791793932 0
0.06671154629515989 0.008406849021019423 0
0.1003827066580485 0.0123718528674869 0
0.09304706524049078 0.03247072812759198 0
0.1126681417500462 0.008659505270294137 0
0.1050359772711416 0.04470726583535788 0
0.06626784871430209 0.03334503385069034 0
0.104815923616056 0.01348844151621941 0
0.08869521252749789 0.04370457812755915 0
0.1125391125176115 0.03761220581800274 0
0.1038689017817504 0.02053087785777578 0
0.09762591731103194 0.01320491522719374 0
0.08069385215917353 0.03490793741435054 0
0.101162552436892 0.03281683960371415 0
0.1072024058680266 0.008617236756363162 0
0.08310905199417255 0.03312052481580404 0
0.06518899980946959 0.009326897177883526 0
0.08396585333546988 0.02091461182453723 0
0.08887060770335424 0.0473065747263577 0
0.09687618539715695 0.01142047901553931 0
0.08019615124232954 0.009145867291069311 0
0.06313603962050322 0.002572110311273003 0
0.1029256684385343 0.04562666080586755 0
0.1141007805867206 0.02124046145609237 0
0.1017212177222562 0.0235748959792452 0
0.09025596382293934 0.01398704941871637 0
0.09200439430076279 0.00874999043852351 0
0.06740100277299607 0.04410930480678713 0
0.08743012423523346 0.0167464285102544 0
0.06849617381445519 0.002360762868588971 0
0.08085017752180701 0.0250297874340024 0
0.1172049655909621 0.0262769840589911 0
0.1055980155967757 0.0009655199276689808 0
0.1057316042165658 0.04292136763018405 0
0.06119806518429861 0.03101845995858762 0
0.105756943191166 0.01791473963849366 0
0.08951140854643706 0.007815258689076883 0
0.09694583830535891 0.03176987122611877 0
0.1012316861136695 0.0447199356048097 0
0.07784009051690317 0.03931622527436175 0
0.09859965169136439 0.03867351118852731 0
0.07604981490237843 0.04034704206084846 0
0.0992577204864659 0.03151125828064925 0
0.08056873805759952 0.0296607152983318 0
0.09466442060709501 0.01172756917300327 0
0.07329796086760307 0.01531345644224055 0
0.08141438176572804 0.03156151108741131 0
0.1013337492686034 0.0359722084609316 0
0.1050160521452666 0.01589520722081863 0
0.08744938298608636 0.01893853578310305 0
0.07421821075946251 0.001249606103394356 0
0.08759850872666539 0.03544153789307958 0
0.08883400929533639 0.0354941145947983 0
0.1070942449125241 0.01932852400954723 0
0.1018870511497073 0.04735069187498436 0
0.07051490478601963 0.002650257701751313 0
0.1081266636651024 0.04734456707962608 0
0.1011666473419981 0.003501850228119175 0
0.08056505679279352 0.02663584928136873 0
0.09569922437738981 0.01720431308840347 0
0.1013794507855949 0.04057412877285607 0
0.0783661730623338 0.04746760928337072 0
0.1096170028956657 0.01427577273365099 0
0.06751684944761473 0.04328422445912542 0
0.07381621709501433 0.0174013554891402 0
0.06448199697604894 0.01584130482845896 0
0.102119682601923 0.04296722969295827 0
0.08621918549099533 0.04080883358981331 0
0.1039628554794897 0.005916325301516751 0
0.09258247398622847 0.03457223426153731 0
0.09199289794227217 0.02645556945445438 0
0.09809811591479224 0.02317134004296431 0
0.1171786220095707 0.005639598294833861 0
0.08166164807782557 0.04068684609557869 0
0.1190483975184536 0.02051247703573027 0
0.07915403168997179 0.001098323083368775 0
0.07782888750465018 0.02033227585572342 0
0.1171865744323434 0.04435268597626589 0
0.1124180038129619 0.04121657999606027 0
0.1055887239884923 0.004563479376866368 0
0.1013773854711224 0.00541259042071053 0
0.09530926962920523 0.02741744267295799 0
0.0821942309918765 0.008623462143680191 0
0.06957514090749045 0.009948828038173495 0
0.06858167839780605 0.009498421115053789 0
0.09105385136391733 0.03604199216945077 0
0.06630551521766723 0.03556357660918965 0
0.07265758465668778 0.02186582753045819 0
0.1030772539873438 0.03968113608784644 0
0.06676446121887462 0.01164750748254829 0
0.1100645028340734 0.007686963088040842 0
0.1016889548111778 0.01582483273868076 0
0.09717855218797677 0.04492899445979527 0
0.08741640602503027 0.04673004367067836 0
0.09411337632701965 0.02001540976354518 0
0.08894511599392668 0.03352043083950023 0
0.07077105534231597 0.01455707990616577 0
0.06564132562990847 0.01286146231270072 0
0.09141703292211152 0.01268904542468472 0
0.1084640209965583 0.02099294202066397 0
0.1169633607111568 0.009137142884038539 0
0.1169633607111557 0.04086285711595969 0
0.0710199357900122 0.01149937352421597 0
0.1190019751089659 0.007259941160445199 0
0.1190020277157681 0.04274012856534588 0
0.117146791686195 0.02319385962784708 0
0.06880618946297704 0.01474520061959749 0
0.1189493386916808 0.03179999614859236 0
0.1107240159285212 0.02043221849203384 0
0.08412580824014014 0.02269475702920162 0
0.08474447590888426 0.02372009420129999 0
0.08263902636778714 0.02108188575887408 0
0.08194477871153498 0.02025235719385613 0
0.06462761156339526 0.0454150812558258 0
0.1116190367036145 0.01697189348977086 0
0.08011337053544609 0.03320152813765697 0
0.06110671166551986 0.03301387520511938 0
0.0688537207194577 0.02326343410066249 0
0.07122113574064176 0.02158010186124456 0
0.07691051110611866 0.02223355471317574 0
0.08678235984344723 0.002507724871605794 0
0.1153584396626336 0.01376963907113704 0
0.0792335253980037 0.02214029952578511 0
0.07898495692429482 0.02834295524362963 0
0.06663296800465428 0.01503408470760307 0
0.06881970424026146 0.04256112635241256 0
0.1190189889953222 0.004349457389069593 0
0.1190232951995962 0.04564561805304693 0
0.1088091008625273 0.009491749696100794 0
0.08042936708308035 0.007474134930804196 0
0.1112844751536412 0.03456898672076272 0
0.07995133284850819 0.0393317839459379 0
0.1072349217879961 0.04576311205386142 0
0.1102628465790131 0.0009685802595763436 0
0.09500867495303669 0.04216883196700284 0
0.098789252516259 0.005591028535036503 0
0.07882449153061645 0.04255593358360536 0
0.1118536935228671 0.01257181743676129 0
0.09836942926174859 0.04776667053995367 0
0.1145376156822321 0.01735475980637135 0
0.09661455475046823 0.04730610305464782 0
0.06285059940131196 0.03628798573477794 0
0.07863589182476488 0.01206152028400032 0
0.09922855363833129 0.02949742336767889 0
0.103497506956602 0.04903747666582302 0
0.09397139972644374 0.0387820278512821 0
0.09206841153321928 0.00121060106952559 0
0.08654462041661999 0.009487668617929918 0
0.06767825858199408 0.01928601817247691 0
0.08394826431212098 0.01764726589009551 0
0.09872064927284901 0.01659283084342707 0
0.1134657115891016 0.02995972413125846 0
0.1133230112609171 0.02296511163831036 0
0.09409622051262662 0.03109411985420753 0
0.06241270080911888 0.04897829345168906 0
0.08975453521299707 0.002784903644537908 0
0.08560349460715849 0.03495790437028804 0
0.08166974331943257 0.01273723554417258 0
0.0788178042474558 0.02492815243549902 0
0.07654129023109772 0.03346515346619492 0
0.1189118716577595 0.03795830831694772 0
0.06254234216378007 0.02213994749848667 0
0.06785147063879686 0.02259520957671448 0
0.06538564732699767 0.04349862193263118 0
0.06474640055831951 0.03531636083212699 0
0.1038391453578297 0.002464530906652134 0
0.08100145719235845 0.02196949072507352 0
0.07052305585759883 0.0242821870735479 0
0.07484055179006836 0.02190646886814898 0
0.09056663080417228 0.04768923443001681 0
0.08087011202666318 0.0387985552056164 0
0.09050957346783066 0.006214629846960649 0
0.1153759359535499 0.01858829425940489 0
0.08669942774051274 0.007328543672985274 0
0.08614357703984557 0.02679960354486375 0
0.0773272508926393 0.04337651317909118 0
0.1132716156147072 0.00718954243029513 0
0.1095086353365166 0.02604698604770339 0
0.06907464268516636 0.003948411109540436 0
0.08363731852143612 0.03493762574456549 0
0.1136124486408746 0.0008800970608953537 0
0.07507705425362626 0.04115377800672428 0
0.06961020881300692 0.02615425418999235 0
0.1040468125487001 0.01762123812057208 0
0.08571664059545914 0.02190963222193692 0
0.09917880328564382 0.003654785468873995 0
0.0781409220665137 0.0323425937979708 0
0.1089409718383253 0.0450898143542126 0
0.1189686530377901 0.03977846550914214 0
0.09238033433683411 0.005235305178733727 0
0.1186971951672484 0.01797645505636658 0
0.07662392858929394 0.04505507379572905 0
0.1191267975113599 0.01334105588412137 0
0.08764731940232376 0.02007942193646102 0
0.07757390943976673 0.002519237391513721 0
0.07854324947783047 0.003169816558458299 0
0.1172148174604891 0.0152435408232118 0
0.06956873156616761 0.0009773934740687352 0
0.1043518261739689 0.01210292234183339 0
0.1189018710332282 0.01009950180336641 0
0.1056361104072058 0.007337253330309205 0
0.09631270999606771 0.04378656089957193 0
0.1152700876465046 0.03254248735885252 0
0.1147032092396075 0.03161006558599922 0
0.06227514884790115 0.0257585158998748 0
0.1173133986465019 0.03142069624035832 0
0.1131788877826416 0.03261824816261285 0
0.09170493899609311 0.04459922485538672 0
0.06725801931139339 0.004224158189246595 0
0.1173232847162091 0.03723344261974812 0
0.1008725969045952 0.04263315907544635 0
0.09520075782102502 0.03258853571728935 0
0.06892907436410804 0.04892261669284784 0
0.06371466896049223 0.04377793669754904 0
0.07072466636588835 0.02791038333156501 0
0.100230300973313 0.03926731604417321 0
0.1164667649144467 0.02787344385644162 0
0.06254579179977693 0.003993600772858096 0
0.06427068475020312 0.004463288994570367 0
0.08903930256459291 0.04208918462004237 0
0.1014284795161172 0.01072793412202225 0
0.07215636470874451 0.03897835100715116 0
0.1097332081183907 0.03852445848478726 0
0.1051798951655617 0.02758713757457399 0
0.0756564691399134 0.009812474147430288 0
0.1063809936564625 0.03254692415757808 0
0.06481095226470197 0.01420075685032397 0
0.09833218348717818 0.01952479042892069 0
0.1142235395501152 0.03589199827629768 0
0.06251730774528089 0.03257275442334667 0
0.06656123073313724 0.04612533067321502 0
0.09272172462232724 0.006689704240303581 0
0.07486268931377141 0.04895119842448206 0
0.09152473241781128 0.04913800574731102 0
0.07653585151314207 0.01131763693155688 0
0.1077742795508991 0.03281415081407751 0
0.08446824021783449 0.01548400014597677 0
0.07598429898838137 0.005361729475327103 0
0.08721984866821506 0.0249867157762188 0
0.1050271075516085 0.008589174973377786 0
0.07710580473231599 0.008358129596395255 0
0.08607106494915187 0.01804788106715256 0
0.1086465563332508 0.002736030668370532 0
0.09796669662090207 0.03314937601567861 0
0.1068097907503973 0.04151809240103161 0
0.1190871163158931 0.02852220843794934 0
0.06575744092733538 0.04785476500037248 0
0.1171403715679623 0.02428817448887157 0
0.1042907276415814 0.03249477706794673 0
0.06471555754707935 0.002651651688698585 0
0.1073629942150273 0.01060699681960818 0
0.1190511476392927 0.002481807371823175 0
0.1190704614320351 0.04748027248905697 0
0.08478125655498268 0.03121633002871476 0
0.1120040458861999 0.001089339381616651 0
0.1106011606491536 0.009378547387992313 0
0.08949022412522778 0.01902469509063246 0
0.08530642915669386 0.04904019064530361 0
0.08605276934434823 0.04202909687759513 0
0.07871327653164542 0.008751780753485318 0
0.06713883210117291 0.0478732531420703 0
0.08258627166192434 0.0490465945547676 0
0.09171378054895991 0.02345938977472643 0
0.1145636293011743 0.02212116505879031 0
0.08351743853501976 0.0008795576380427959 0
0.07406259937910137 0.002325259777509467 0
0.09478090141269442 0.02393200162703374 0
0.1162619969154566 0.03592332595786539 0
0.0625393925377745 0.02939833608775494 0
0.1118164707706331 0.00226709323772562 0
0.07538627128277442 0.04517435807856515 0
0.09475127550485647 0.01072146768626281 0
0.09788897730623046 0.008129029792771664 0
0.1119364351729093 0.01044534571134242 0
0.07452648874414775 0.02007878520813873 0
0.08397071594662331 0.03679684242668583 0
0.1073842431838356 0.0009267009151513449 0
0.1072268620325895 0.0240292293307336 0
0.08732586054250599 0.005613454263954229 0
0.1022517061382128 0.01249708963381277 0
0.117573707013153 0.02121379199323545 0
0.07431854729497986 0.04734476154111901 0
0.06697913054767618 0.02410648748669327 0
0.08133455199996049 0.01440810614596965 0
0.06218760828533105 0.03129123607442991 0
0.08536921273918645 0.04719026912530958 0
0.1070048776412399 0.02606756079469843 0
0.1037807376553682 0.0185163853321468 0
0.07856749120136629 0.02384175546740212 0
0.06411896030596828 0.02557595136931452 0
0.09471864591753312 0.002572978254276947 0
0.1048930521063894 0.01021834868573219 0
0.0820136702486154 0.04402978230267431 0
0.07275549978297259 0.01747245987896393 0
0.09341093156258645 0.02177292354489236 0
0.07999938558911053 0.0105835859969127 0
0.06427724293882689 0.04901661143041088 0
0.1172843597769283 0.003976875167974083 0
0.1173227556679273 0.04603297225160082 0
0.1106415139548311 0.04208007996504871 0
0.0892814135249787 0.02496082108055533 0
0.07458270554723567 0.01797260463851279 0
0.1116143541385028 0.04318072823183132 0
0.08720001647949244 0.03707532639536733 0
0.1158989603324779 0.02461967595759766 0
0.08748373020945364 0.01314631341720276 0
0.08668299670290464 0.01482764775006856 0
0.1163134994338451 0.007151753699530896 0
0.07681889882248985 0.01597153160792888 0
0.08172192594820427 0.03455961142362761 0
0.08558667969371109 0.008748617003153353 0
0.09705219555140364 0.01852419920304403 0
0.06326610690033929 0.009237299719072204 0
0.1116699405983706 0.04725432133917695 0
0.09515940140515261 0.03625418972010983 0
0.06220509337332725 0.02368937668799389 0
0.1067235188297778 0.04782036886577907 0
0.08259540920169953 0.03527102970305907 0
0.1099802419755756 0.04771646103985176 0
0.08893511337775162 0.03171166894445724 0
0.07974425367331596 0.004753250134622798 0
0.06091069007095353 0.03551348561203719 0
0.06830912016000588 0.04559607518136818 0
0.082309881494588 0.02996462363787799 0
0.1150947805519365 0.04003234378553099 0
0.06094283434019557 0.04553205739214929 0
0.06324755475610841 0.0153949258963129 0
0.07484487693009705 0.04407280616642438 0
0.1143077124601851 0.007324590511855664 0
0.1172039907577436 0.03307335707367143 0
0.08522928982301931 0.04345928705837865 0
0.08576999051052311 0.02509964607592202 0
0.1026895363459964 0.009043804891885799 0
0.09219573458454379 0.01333098165094854 0
0.06866815802733364 0.02795007865984622 0
0.1057368055258895 0.00215428117576439 0
0.09925221864153229 0.0406223065411865 0
0.0820916795551165 0.02833829597457407 0
0.09600728337967436 0.01492954032786859 0
0.09486565979215175 0.02843704721502932 0
0.108945471282201 0.03715012834455943 0
0.1163603613221001 0.04282549374515789 0
0.08227297652771295 0.01483869376303244 0
0.08634542333807867 0.032197440721368 0
0.09724609847156407 0.02202648635378575 0
0.06653056917412926 0.03846652112629471 0
0.06756645727618821 0.03886523877264487 0
0.1132419946435378 0.04295848014072508 0
0.07233864331549106 0.04339970822897902 0
0.06700366196025337 0.0278006967512944 0
0.09743119473088666 0.004406492672202655 0
0.1024838637327911 0.0009012620539703584 0
0.1082573950200749 0.02274518219962277 0
0.1044052800110594 0.03650840955070443 0
0.09690128122165707 0.01570931685062911 0
0.08381658509885881 0.04337302249332185 0
0.08728727204465081 0.02647257436327701 0
0.09079290677768161 0.02185639671166795 0
0.1143183517381133 0.0427411357871541 0
0.09132184127496352 0.007982550849108682 0
0.07488977539067185 0.01231900281556443 0
0.1060005127970717 0.01547380405135287 0
0.1189441641929845 0.02998655945553518 0
0.1049709330514082 0.03931400180388651 0
0.07814122956704846 0.01501228867749987 0
0.1109935764139695 0.02750006987805806 0
0.06090871735290821 0.01119670510892685 0
0.1155959847270514 0.04916583185617857 0
0.09533314745314876 0.0008363765173967173 0
0.0729581440138765 0.03395858183990292 0
0.09076838264211333 0.04646901139182699 0
0.09330978976091756 0.01017630077376198 0
0.1143404325282335 0.03838538308377037 0
0.06095982568645384 0.04144280267926991 0
0.0758009134541133 0.01644973144995578 0
0.09564265809114657 0.0381168129151039 0
0.07366740617555689 0.03581059400842113 0
0.08347171130487402 0.02984115006318764 0
0.08543839501285266 0.005082049448866323 0
0.09202394970001973 0.03271517046495536 0
0.1066943996316225 0.009790975363323406 0
0.08253247063611399 0.02366000867595905 0
0.09064016398575953 0.002482663524799607 0
0.09188492169378476 0.03109314142666637 0
0.1189850988428561 0.048985098842856 0
0.1189448098494131 0.001050710262548352 0
0.06512266755096757 0.0415270264116445 0
0.07709322464986433 0.04168599614215433 0
0.08733517475631947 0.04303411226955355 0
0.1075966746984581 0.01409768150298138 0
0.1140970219712914 0.01938974869268394 0
0.1114417380606766 0.03262150004181347 0
0.112185671381221 0.03114369759903196 0
0.08273372093101101 0.03860189189089074 0
0.1019364635761845 0.02546452721205757 0
0.119084119290521 0.03464619428365329 0
0.08077664445604582 0.003428053472143325 0
0.07875798887985247 0.04077507718124122 0
0.09290929893344356 0.01153567636204365 0
0.0741910054085296 0.02103680778901254 0
0.09467937542688167 0.03468980163596185 0
0.08917878820941585 0.02075117737912938 0
0.06857387242553907 0.005814322207682596 0
0.08172475586882544 0.006774582814725825 0
0.08265586607030496 0.04596098971409111 0
0.07358196341665206 0.006592304241683561 0
0.1191327556023598 0.03635878507569369 0
0.1018576740443411 0.03863473277780156 0
0.08046749217070058 0.01772210970432064 0
0.06103392279992963 0.04770095260367452 0
0.1147170781155218 0.04381175746607178 0
0.0812765971140547 0.01672653179871342 0
0.1172463388164807 0.02931260898079769 0
0.110872670562027 0.03904052621066324 0
0.08024711905929718 0.02862858364636294 0
0.1103430577685097 0.01957310273273889 0
0.1163922908547202 0.0184459219330969 0
0.07507102761413577 0.01481822870349646 0
0.1101614499623979 0.01090873383350048 0
0.09078213238770635 0.02028970086571534 0
0.0758044395349053 0.01953568220336605 0
0.1141505234573756 0.02792617660223205 0
0.08292725230630126 0.02277486502264572 0
0.07217173792789519 0.04527212497985247 0
0.07417831137172838 0.03423104330054984 0
0.1150213574793673 0.005994461633351616 0
0.07063515651037167 0.04233812332157402 0
0.07737290294071991 0.03640324210541967 0
0.06377086128476218 0.03081404352632653 0
0.07941370077756288 0.04901532397467913 0
0.09244818769540961 0.02144506664468518 0
0.06218670546115238 0.006811732292384651 0
0.08700686925481978 0.004190016723923385 0
0.09120198947784575 0.01791143911724164 0
0.1085309211156154 0.03927000467257001 0
0.1012844922920982 0.0129956210589329 0
0.1093586307576871 0.03245967204731525 0
0.08026139435623864 0.03729903545511762 0
0.07389337913242978 0.03946905619680458 0
0.0791932180402682 0.03565901732766254 0
0.08108148003343503 0.02778245537086508 0
0.08045607215546334 0.005494973311027292 0
0.09609272503061157 0.02045662306628787 0
0.1075102591866358 0.007063827791885325 0
0.07786727408317665 0.03338949485338154 0
0.08674709176141941 0.04758642672887069 0
0.08327046730795687 0.01663180370583642 0
0.07292414766291845 0.01923921468712606 0
0.1150976272255746 0.009970144408371236 0
0.09898065419545561 0.0457306878066869 0
0.08529642150361616 0.01064464739951275 0
0.06621351961875788 0.02606973584948624 0
0.08451360590165638 0.03922878564720877 0
0.09815990645565917 0.029735431228372 0
0.112093035567316 0.01389685575565927 0
0.06320270001709245 0.03964269293225738 0
0.08446826118295289 0.0450626517316097 0
0.06254778060706617 0.042898694437791 0
0.1012300753632596 0.01407320484657416 0
0.1065623363250095 0.02909696478647929 0
0.1066239277637789 0.02799983463961366 0
0.1177110390538004 0.02522934411980892 0
0.1033564447961657 0.03243417908563036 0
0.09235321396101612 0.04582686225829168 0
0.1097935501418766 0.004503169564556119 0
0.1037196185563328 0.04788463598409623 0
0.1034420078959884 0.04143690035518886 0
0.1115125693127391 0.01853730411915878 0
0.07095792415349347 0.03595588895785608 0
0.1054947270349693 0.04915974081810297 0
0.06651823553803074 0.005190466340426301 0
0.07416138638390835 0.02982944690407961 0
0.08392793673024289 0.005049908774219952 0
0.08049603440956747 0.04906826794923814 0
0.08402164522328588 0.01962952214437265 0
0.06222041688574365 0.0447025064976175 0
0.0887582225075942 0.02186986293381121 0
0.08636491898144888 0.0105036214395659 0
0.09440301665628636 0.04330543972167628 0
0.1123928810290447 0.04494969736877335 0
0.115495697130828 0.004073753399589881 0
0.09422484873962426 0.0208475295008124 0
0.06928476912621877 0.0211535546512669 0
0.07912736371966114 0.01945100672870976 0
0.06075009502709389 0.01764994714955545 0
0.0792802493147724 0.02313636043968522 0
0.1151579901402811 0.02658261590945779 0
0.1006054537076968 0.0210585323694997 0
0.08634719015778348 0.0009679136779041012 0
0.08700303309327431 0.03922154359966253 0
0.07820933040431591 0.001007320691833828 0
0.06568139128996082 0.03114030154463788 0
0.1131799137073077 0.0056543999890512 0
0.09948975796619669 0.01326785811323733 0
0.1107069185154078 0.002510405342625344 0
0.07715409305507334 0.01846742309552439 0
0.07723013826934219 0.009996324157716176 0
0.09702220604750947 0.04895048273553043 0
0.1112468167541044 0.02344176454923054 0
0.08942882339404248 0.015420669984673 0
0.1143665964732235 0.01157244837525284 0
0.1112000542113499 0.04897397757189847 0
0.08299217570424709 0.02711111471466813 0
0.06085819275270246 0.02475897930548366 0
0.08547789054019463 0.03747887791661231 0
0.09657591350391204 0.0430207287959891 0
0.0981973420669543 0.0355562190998223 0
0.115381087573847 0.04590525160775634 0
0.07522514827585014 0.0420785771299717 0
0.1059135754752269 0.02317134233537211 0
0.1072299205662421 0.03643849870904239 0
0.1000521173110533 0.02415271590059532 0
0.1069682891507601 0.02189934175565011 0
0.1124031224920618 0.01963345972391727 0
0.06336824803790397 0.02396553019656071 0
0.08798637925409525 0.03330201894388301 0
0.0643245337657031 0.01757774068933479 0
0.08494038653533136 0.03399253883958304 0
0.0676050468781316 0.01737456893927282 0
0.06234155102560746 0.01803275487365794 0
0.1032434835930597 0.01576328322612416 0
0.0650316509642188 0.005974045867962297 0
0.112516115748983 0.04591882892055354 0
0.1096487884772304 0.03166093551515174 0
0.1140158848706538 0.04457042841707906 0
0.0649642848480986 0.02479488772418477 0
0.06285565433539504 0.04578670053425886 0
0.1189965303452541 0.02391348714956703 0
0.0933618050658461 0.04914758299261242 0
0.08425623737789772 0.03578702698850068 0
0.08935648486637054 0.03637010178234856 0
0.1007157425501705 0.03088038341850241 0
0.06940477378773652 0.007697408097410324 0
0.08401878801897483 0.01343734088082194 0
0.09160364513934419 0.01691835283768125 0
0.08144943449197696 0.03248616572499544 0
0.06948339876080088 0.01681847002401451 0
0.08787599698297645 0.0009695410235952851 0
0.09896818128687355 0.008608614463589247 0
0.1101463195447444 0.02469795442313547 0
0.07025344466664059 0.03939277991871741 0
0.09609984339472499 0.008168070948197888 0
0.1143389570802458 0.0154825685789378 0
0.09310269315427362 0.02947614340210197 0
0.08064695672835731 0.019261485943133 0
0.1031344195208668 0.02969426141553455 0
0.09076779530240114 0.04137634735690405 0
0.1138593768074986 0.009970110599355096 0
0.09663162347817637 0.03752536117506601 0
0.07754126913624246 0.02704104227862382 0
0.0876667668317557 0.02169559235719865 0
0.08368010758642458 0.04904996502538321 0
0.09292133563537627 0.03846764412487674 0
0.06950919931541973 0.04117921979425989 0
0.07361656995286618 0.02305982568397676 0
0.1006204887335774 0.01134416592711273 0
0.1090556285224746 0.007791810327062438 0
0.1029922265542043 0.01332799313240823 0
0.1079352934802391 0.01254212271483091 0
0.08562988920472991 0.01229017363087976 0
0.108437755908604 0.01567857634255127 0
0.06394496112351776 0.006356557452368169 0
0.08909253577049281 0.02933760747074903 0
0.08058828879063368 0.03115322572276461 0
0.06850164982031354 0.018143985716483 0
0.1040234965464911 0.02315216649833737 0
0.07047498184156704 0.04335739561360481 0
0.09761935310953133 0.04715212643331687 0
0.06085510426365159 0.03015956368356514 0
0.06690076592423544 0.02971773367638299 0
0.1044419995255164 0.03070268600174217 0
0.1137018971339859 0.01341966975196574 0
0.07327782916988923 0.02470378584755733 0
0.09852313204507873 0.01278776897970527 0
0.08745230280529484 0.02308610287811409 0
0.1122031270358132 0.0360304735416583 0
0.07847298597426736 0.04455015181833246 0
0.08671783550333315 0.03477148711999753 0
0.07880347137515052 0.01851136480690845 0
0.1155874889505768 0.01561723313572047 0
0.08328981217731476 0.01012122372462398 0
0.1120376800889212 0.02750085204891099 0
0.06884906436458312 0.02697040083978886 0
0.1006206922623696 0.008519913256619381 0
0.09824897623146106 0.04352511847345768 0
0.09059100433799672 0.0350886571674334 0
0.09964729516420023 0.0184415862692648 0
0.09935724490936605 0.00475110410374927 0
0.06716073080210565 0.02664182797579415 0
0.06677449143812417 0.01598873578574436 0
0.08013778667253101 0.04201892264302273 0
0.1030209779949689 0.03413190873740586 0
0.1037708153332904 0.03875114548782483 0
0.1106777260165002 0.03710565202374132 0
0.1115441537920984 0.03773536574709726 0
0.1080677660857195 0.02464201924290464 0
0.07402949383961147 0.01624407240566996 0
0.07406521596478458 0.02660298944589456 0
0.1074381803133172 0.002585751012910624 0
0.1118352244590416 0.009487297237430317 0
0.1191768194976691 0.02649999999993765 0
0.1078446940834492 0.03743746758396994 0
0.06284726600960565 0.04187376091438873 0
0.09453367104072144 0.03552808808412191 0
0.1172839988605703 0.04795374781824344 0
0.1153495068383149 0.0008478357592664486 0
0.07184042157780182 0.004992784594373615 0
0.08414296985840641 0.02714257511029727 0
0.08815746128909123 0.04027399602131741 0
0.07828257117204436 0.04168096236268716 0
0.1087362448996262 0.005585758446810615 0
0.07401709299277959 0.03233011840032341 0
0.06537276068040838 0.0269204721568179 0
0.108722560782817 0.04191689466169859 0
0.06489401453400249 0.01221946571931969 0
0.07236955508388539 0.01555995356765675 0
0.06994343940163716 0.004496556460448734 0
0.09361515274349581 0.04468552989391896 0
0.09330003794320431 0.04560036288850147 0
0.1085123265141833 0.03544433799941878 0
0.07301910587278071 0.009898032036039645 0
0.09248376920526755 0.01482507438662466 0
0.102437222603223 0.04905559601859735 0
0.07429822047818629 0.02501481775442502 0
0.1045401901024619 0.004087343582690572 0
0.08881405479866024 0.03874244223629977 0
0.1113891760529815 0.003986728838630187 0
0.06226618460387053 0.01218465121120697 0
0.1078760267509173 0.01873792137550356 0
0.06679974595615816 0.0339746929620818 0
0.06792193043098335 0.03343104334393827 0
0.07936355150859543 0.01622418108076428 0
0.06957875559957505 0.01089428131625604 0
0.1192068615619857 0.01549128260037302 0
0.09277914924520984 0.01668240343291083 0
0.07723007653231515 0.0252441898007994 0
0.1047653203939993 0.04360853320456749 0
0.1066373837481005 0.04372166146000765 0
0.06905936580972809 0.03967772022332128 0
0.06630820700902178 0.010871432051234 0
0.07183336961314227 0.04089196221250704 0
0.06436479975425634 0.02996712207527624 0
0.09779626697485011 0.03443559202887779 0
0.09187898994150825 0.0282830599590059 0
0.09942521320139303 0.0008963429362664555 0
0.08420678780046921 0.02562161810037953 0
0.1134529091384072 0.04618453888729214 0
0.1138119243978125 0.001764867488430187 0
0.0829864143345411 0.002433117820211888 0
0.07142986239713771 0.006650175922815577 0
0.1126679898548701 0.02431115916430168 0
0.06926367856214236 0.002957860944211445 0
0.0681156394389698 0.0353619190223959 0
0.08221902035434603 0.02195016548086878 0
0.09806246036524181 0.0444480633100449 0
0.09785699868996639 0.01433580345384051 0
0.07637895105281228 0.01331259258477555 0
0.1003226909329917 0.03275461968669983 0
0.07752016865898398 0.03851217783322937 0
0.08397479737967144 0.048043759492178 0
0.09241469179115269 0.04139016043246335 0
0.1084717917188676 0.04414642562397636 0
0.1179978773281905 0.002629177745140518 0
0.09909083156951194 0.04166035514813199 0
0.08077203211669484 0.008419186229154904 0
0.06819979028407876 0.02156063616440692 0
0.1157525154825651 0.02043460062267479 0
0.1190750282956178 0.01170506266013144 0
0.06472709252236834 0.03887883508532172 0
0.06228453937893562 0.003034134566829764 0
0.06866202658678038 0.01272071746993588 0
0.07334794974573267 0.0421268116038824 0
0.07257859586596697 0.02013356584826089 0
0.07534320543880793 0.04701558779399507 0
0.1169512414498545 0.01760216454714027 0
0.07514529692795233 0.0008650528446443418 0
0.0714075275576338 0.01860819757269593 0
0.07083771339020006 0.01783917361607712 0
0.06432158129279988 0.0007389209775042094 0
0.07702138928142695 0.04673230234601697 0
0.097602276324652 0.007059261806898305 0
0.0757599442270062 0.002417508743044077 0
0.1122575292741305 0.0340888112891338 0
0.07927566959567173 0.0479730811973744 0
0.1137514737326851 0.0400278470985973 0
0.1134646644485235 0.04113768169783038 0
0.07226585864297271 0.02729361815337571 0
0.1125568755490154 0.04782803439290485 0
0.06261419798330765 0.01364979848610514 0
0.09626251521716141 0.03500943603583307 0
0.06770936027115031 0.01313357194599018 0
0.09761997277522665 0.0007748793579971183 0
0.1082958606735783 0.01042505000717297 0
0.09366252836246271 0.005115354461994705 0
0.08072591702582367 0.04078159021352513 0
0.09368722338394599 0.01339078433290698 0
0.06860791711112837 0.01146131373781899 0
0.06318506537725499 0.03541204136894942 0
0.0676800465931543 0.0008989714525680119 0
0.08076414175913081 0.03615298553173241 0
0.08823675767386678 0.03732385758625423 0
0.0678533540274068 0.01011150557803871 0
0.112300127656756 0.03312034292024821 0
0.114441095278063 0.01401929968727908 0
0.09298423366912509 0.009137178681282679 0
0.08037010364511246 0.01156656585829007 0
0.09398501698994045 0.02416801107432605 0
0.1158600404477093 0.008098687859726726 0
0.1111696965792638 0.01114476037206542 0
0.09968405876422161 0.002657695989583819 0
0.1048474859884424 0.03156253177880708 0
0.1179981322115912 0.03797368991539603 0
0.08059883052352103 0.01497264776681964 0
0.07036447253032531 0.0491761247235967 0
0.06363025198002979 0.01076073815325947 0
0.09680052348552344 0.02528310039653536 0
0.09976531966511834 0.01656827324171154 0
0.1047642555851046 0.04769600134829372 0
0.1107252041306219 0.01273560094866523 0
0.07324978673954427 0.04907217760318894 0
0.0780264096426015 0.03493399583841941 0
0.1035508130948794 0.008706726044360029 0
0.0947439683345388 0.02278099322528473 0
0.1077634168435504 0.02659286606656294 0
0.07522144407251265 0.03025072094281182 0
0.07149472045441761 0.02479332260778244 0
0.1163370174194679 0.009896145526847209 0
0.1163485061242728 0.04010051753947715 0
0.1135592112300069 0.009065303844814155 0
0.082273042961564 0.04823635937838619 0
0.1153004046995439 0.02294063813833631 0
0.08229546895356121 0.009651226035824016 0
0.06069696669293301 0.02637452049810935 0
0.09844990261684236 0.04007430779432782 0
0.08431602109788522 0.04602273925180199 0
0.06699359386270057 0.04148156020298662 0
0.1062226377255301 0.003743750974181924 0
0.09473925592688837 0.04767040436136441 0
0.09364543764784682 0.04734478638862995 0
0.08527238022699976 0.0008365531258129432 0
0.102922267772422 0.00437846303225476 0
0.0702681391179403 0.01348874611157857 0
0.1117293289049672 0.00680208485865821 0
0.0857328163970406 0.004203764077000999 0
0.1157054267312277 0.04763966626890722 0
0.09845066071288908 0.0270085726456136 0
0.06429904221081387 0.02212250652175546 0
0.1091587684177077 0.02906493576107723 0
0.0639213942316698 0.04042605951841306 0
0.09429703463841024 0.003575502389831275 0
0.1066219795720253 0.02012834870025842 0
0.08010099484486251 0.01314390655514762 0
0.0962378820396388 0.02336804569001383 0
0.09709052354160898 0.0204092966260299 0
0.1178976783271917 0.0225747256819686 0
0.06467946450389563 0.007884508208875358 0
0.06736689198433594 0.02866310898034222 0
0.1036945126007138 0.04045861538060281 0
0.07011877568694405 0.03356475421179288 0
0.09782425144265572 0.005268736186663095 0
0.09957828775705004 0.007173346259380062 0
0.08129217547095627 0.01178546834036965 0
0.07579031215250794 0.01736822629256375 0
0.06844772181912931 0.01578278573292627 0
0.09804312614481267 0.04190900750682462 0
0.07417745826447936 0.04257051921280815 0
0.1158955658627066 0.04197208081481426 0
0.08523084884812954 0.01645422015673091 0
0.09728378457545121 0.009624898128858826 0
0.1070564217516798 0.006040753574777807 0
0.07819695054798327 0.01302157241374121 0
0.08945370767271117 0.000684805552243648 0
0.09363462768080827 0.000866741599060282 0
0.1068538318731576 0.007731671009503727 0
0.09783372143691557 0.02390650579709702 0
0.06082814384733566 0.03758768812332967 0
0.09488228230387938 0.02937409386734621 0
0.06262266068902395 0.01718250019504572 0
0.06604879192845234 0.009057043732137197 0
0.089231478609334 0.04055135530007913 0
0.1130648584409585 0.04411061697671132 0
0.08687993920557921 0.02058811023954278 0
0.1179405936424293 0.03497392364117562 0
0.07359762221995299 0.01367574756301136 0
0.06367863226580329 0.03705362524563909 0
0.06695524850031445 0.01003388887802778 0
0.1021125633509749 0.001955391921706647 0
0.1004905314030408 0.0008822651407825664 0
0.1189732634054773 0.005490774772495362 0
0.1189745347675657 0.04450887377070872 0
0.1179398449972629 0.03008982733348937 0
0.09872591186372566 0.006660725239037167 0
0.1011485685879168 0.02280356067569826 0
0.08359421683481306 0.03397376253690363 0
0.1163299429701084 0.01223992657298194 0
0.117659325193793 0.02855761865791478 0
0.1074276436103935 0.04073035600793084 0
0.1140050942751869 0.005113514693857664 0
0.1163499094240286 0.03775428363002825 0
0.06417769032312592 0.0420435296538571 0
0.1089847503202207 0.0219140952487728 0
0.0716432676176459 0.04200462934339508 0
0.09494161262172536 0.006939464456715679 0
0.06815620373750038 0.004474015135194112 0
0.08097325669748812 0.03788337264433536 0
0.1030916978547871 0.03141820113436533 0
0.09892244252603599 0.02023782214858871 0
0.08631542684054173 0.0160443127313805 0
0.1062496689157207 0.04638220256071608 0
0.07650200797247046 0.03468051480127587 0
0.1023211144732442 0.04479938078295144 0
0.08259787015607001 0.04319106293459751 0
0.1167072146325544 0.002110870748321415 0
0.1104979902974174 0.01383557530885343 0
0.1035188852245445 0.01159371130560143 0
0.08099368438534696 0.04268144461527298 0
0.06421953807467833 0.02666437235816197 0
0.1090994903346485 0.02750832695673482 0
0.08307779605080448 0.03155613649078897 0
0.09049749988877631 0.04296686050470607 0
0.07859594598156695 0.01114452470146087 0
0.1039798635823058 0.01304002216589265 0
0.09799863161722666 0.04625130033560127 0
0.1104857201427082 0.03028774672603336 0
0.07736857052106492 0.03164456180725864 0
0.1179236647648109 0.007097954984390827 0
0.1180797087588051 0.04293119383521073 0
0.06824305906638116 0.04464871538757879 0
0.105141176764623 0.04189569816724636 0
0.06640307123907556 0.04521222620772779 0
0.1143728971973219 0.02965578697428366 0
0.1085843349382132 0.04086332165665446 0
0.1179796820969919 0.03617951092510375 0
0.09713503608790547 0.00866763749577506 0
0.1153121984213098 0.002419165172130647 0
0.08504278293175396 0.01376834093700349 0
0.09947737283919976 0.04927314778444185 0
0.09823802747602776 0.01763745342666139 0
0.0828361956191207 0.04491590191477674 0
0.1119438133528766 0.04051340260905361 0
0.1113132379695046 0.01439916972133819 0
0.08486797789094172 0.002453865222253285 0
0.08584091090338467 0.00255428625376117 0
0.06079316379673866 0.005550186416887259 0
0.1084809278700343 0.0007807492162225231 0
0.09715602317899209 0.03276330450151187 0
0.09658321894824627 0.01682806841687665 0
0.1136050785907918 0.03704038815795569 0
0.09174958309686311 0.02232310748855603 0
0.07468087624532396 0.006702695196321808 0
0.1036241952962759 0.04627881129509782 0
0.06390413429064527 0.01250792854168848 0
0.08974835954627332 0.01714781238227489 0
0.1097111420930277 0.009660800419942777 0
0.08059079719460609 0.0006891057450615693 0
0.09957311640225135 0.04476164735243088 0
0.1078004323392702 0.04242349116142196 0
0.09498298955944473 0.005224736294521131 0
0.06222945497664549 0.02760860116184745 0
0.09091069352454759 0.02519203306669021 0
0.07282294801616547 0.0007979511069061389 0
0.1081313163625308 0.008880299245666603 0
0.08065866876777644 0.0158938651505297 0
0.08067816058932348 0.009988215311537789 0
0.08960103734404264 0.04928177606362649 0
0.11400067342465 0.03396180949959991 0
0.09708680591374808 0.0308231951707547 0
0.09639662638041499 0.04573415499570802 0
0.08291289167905419 0.005568918816380245 0
0.1177757469783683 0.008714491774221173 0
0.1177849089336775 0.04125225680092914 0
0.08025394927747959 0.04363273541605499 0
0.06211369011632605 0.0008478692732920706 0
0.08377656983220197 0.04453789524070933 0
0.09652394840833008 0.01033972071127313 0
0.1024768757286807 0.005218765019444163 0
0.0864032458566787 0.03316895669318307 0
0.08365161990055645 0.02877349006869322 0
0.1179075223824848 0.0009012130015195347 0
0.09478199552650383 0.0372767663316195 0
0.07978740067133358 0.01226918312073721 0
0.08567610280235552 0.03593813795335844 0
0.1130685371869801 0.02100707360500759 0
0.1060172666896068 0.0299976184797542 0
0.08008629119856191 0.03400209543710425 0
0.1118714527503656 0.02926800475930724 0
0.07464669500475196 0.01389253825603914 0
0.06963061269778378 0.0191570446135031 0
0.1062379178655461 0.03687848131626163 0
0.105825278135242 0.03167666196915257 0
0.07469048996687173 0.003936056787927252 0
0.07319536737260056 0.02112255578996991 0
0.102623285138717 0.01945437953441334 0
0.0741596278580576 0.04338123515974666 0
0.1087164261669028 0.03062118315923 0
0.0962813259197482 0.02210489893186182 0
0.1137882314291879 0.03171174053022089 0
0.1113459802579985 0.02576248871878816 0
0.08436465893200083 0.03755944034186644 0
0.104768126976076 0.002944883167863713 0
0.08463221062856451 0.01874486783625662 0
0.06558348641623202 0.02908500590126501 0
0.06446187960337213 0.04317194916984266 0
0.07759841953143479 0.005904172019790026 0
0.1087016934380001 0.01120725098905708 0
0.06583878321283718 0.003289696966708198 0
0.08074818068908775 0.04789215369181547 0
0.07000185758558333 0.04764518370535076 0
0.09047403205900054 0.02827938319145837 0
0.1025447696572907 0.04175490294238057 0
0.1170433204374537 0.02003650104265903 0
0.07132848308698178 0.01697998503439474 0
0.09934182482476001 0.02593072736684556 0
0.06434590035488988 0.02831095559662946 0
0.08411918648318666 0.01234766897067974 0
0.09321291212315412 0.02293378548919724 0
0.09004285805967172 0.0120676645892207 0
0.08775491694639902 0.04201352242283663 0
0.06109912858551976 0.007006332392680923 0
0.1162804167887387 0.02172741503418601 0
0.1125256227423745 0.004016155648998743 0
0.06081030610299118 0.02041338514594233 0
0.06576884287350243 0.0467173503984429 0
0.07946308303631766 0.002405774197790646 0
0.06959557457193787 0.0226078488006039 0
0.0717453212818825 0.008571501880345828 0
0.07102288299734601 0.02327553811601328 0
0.0937958589128518 0.002008940581359583 0
0.06591591661025986 0.01649774184718883 0
0.09968453539960967 0.008104176689536849 0
0.06685724103435862 0.006610018520323838 0
0.06275410223372446 0.0305319929219101 0
0.09328632017872567 0.04174734537203108 0
0.07487711676136989 0.0359161410082804 0
0.1126834034694514 0.01215317375979494 0
0.06770408796654036 0.008181900942029693 0
0.09363487664923577 0.02704367072321796 0
0.07767078297661234 0.0220221485536245 0
0.1060392022061342 0.02736703581969707 0
0.06335102464959319 0.0339415699643802 0
0.1114718540840084 0.03560960590716111 0
0.0659589674229694 0.04014697807862425 0
0.09812075013754652 0.002165324042235865 0
0.08974891411413145 0.006737732508107668 0
0.0778082185678993 0.04536538172158482 0
0.07141905531238424 0.0265393038356533 0
0.0788595267880306 0.03033852491150718 0
0.06980757820643355 0.02503261809285285 0
0.1054422101265485 0.03608602153481884 0
0.1070384266129127 0.03968557119978981 0
0.06607808276644001 0.04272931190991261 0
0.1104147140639487 0.01559837293429174 0
0.06504596497180476 0.03202505358736821 0
0.1164080690969441 0.01693934314180661 0
0.08913813824417927 0.01074289161252974 0
0.079528824546683 0.02126555372641603 0
0.07972999415022664 0.04604036423617541 0
0.09538181416581687 0.04524502952908959 0
0.115212664823198 0.03892538296492204 0
0.06555923758794036 0.03731760329601115 0
0.1008974317780251 0.04547290131583873 0
0.06750321115471715 0.002423863300317268 0
0.06657308045609023 0.002225854755823855 0
0.1051395213918969 0.02179952108630768 0
0.1153612211233983 0.03429378674574047 0
0.1002853423612038 0.005727323826551532 0
0.09328147663347365 0.04307735155058991 0
0.1091778833496285 0.01648624207035109 0
0.09400550972932989 0.02565047320550585 0
0.07192179877892366 0.04771503249953855 0
0.07683810134281291 0.04060943725441352 0
0.1075243013536622 0.04927245523616344 0
0.0860704293254351 0.04590693526755326 0
0.0929894965515936 0.03541178839746981 0
0.0716009244869356 0.02015115154400142 0
0.06228590805588001 0.02010853580260304 0
0.09104520513736809 0.02964371734074306 0
0.08747990499326136 0.04099244737734772 0
0.07125957417039103 0.04676114886344828 0
0.08107563645527183 0.01343724103894521 0
0.1033205889491943 0.01696097591557552 0
0.08815646526844392 0.0138363522578787 0
0.1180579547714998 0.01174692653943364 0
0.08760791940015031 0.01503232543292497 0
0.08874868271957553 0.04563326477724496 0
0.1191407208586287 0.008213335716841906 0
0.1191407208586246 0.04178666428315832 0
0.07238067464462095 0.00227326170780228 0
0.07348831851836145 0.04801865936946015 0
0.06510305654198623 0.01499072389302146 0
0.08536156759946373 0.04449781621564391 0
0.1164435972093203 0.04929131280928564 0
0.1094133831757602 0.04328590940792375 0
0.08380859191429357 0.03084352260094312 0
0.1108977477682416 0.04593412559277182 0
0.1168069126046058 0.01379450515002803 0
0.07386100878363722 0.01235082786035024 0
0.09181343519504655 0.0430812681347875 0
0.09760258924431439 0.02122692458706868 0
0.07400197653593601 0.04572127649438612 0
0.1075187204556629 0.02939251639647807 0
0.08900027709862088 0.00219401505273673 0
0.0608387707705552 0.01935253619162887 0
0.06950552459618117 0.006224451182238771 0
0.06679608973063024 0.01778404903218321 0
0.1023697104857336 0.01734096066034517 0
0.09111817086281442 0.03875660146031241 0
0.1162760890361497 0.02959109119221039 0
0.08790644611232425 0.02448469768152326 0
0.08248210399085562 0.03767716185636865 0
0.07218340040691698 0.03444882703810354 0
0.08205409907722024 0.002459689616387759 0
0.07643707718229331 0.03225386546505562 0
0.08467178702256077 0.03229475741840041 0
0.1122390151922626 0.03963456522978036 0
0.08143950819461657 0.005002653498656959 0
0.1051507386162616 0.01919062767935164 0
0.1180582924456483 0.02706107141793928 0
0.09515647624063048 0.01808780221151826 0
0.08843945359268614 0.01853858870304727 0
0.06075920168325077 0.003607536286960685 0
0.1146512099842129 0.02876826873948142 0
0.08177867558292187 0.003412740848843849 0
0.1096541111013132 0.02684423115005576 0
0.0732225608934413 0.004034153892752254 0
0.07295833324325063 0.004920771459580135 0
0.104500846010474 0.03740056775013927 0
0.09251516111037994 0.02554464642886048 0
0.1165020123690147 0.03119846859076838 0
0.09203447160087642 0.02909978953557494 0
0.0915289310394158 0.004902558567878077 0
0.1134915051065246 0.04935050210713578 0
0.08911731070470162 0.04280806465583841 0
0.08794901256051346 0.03220913035612514 0
0.0852065859233249 0.01476440025058127 0
0.08226682746445647 0.0008548186123261982 0
0.1190051881100221 0.01954102881998521 0
0.1128813100037249 0.02913373088463212 0
0.09209520517017381 0.03768089796476344 0
0.08656311761834887 0.01875121092826403 0
0.115515468358048 0.0366287097783522 0
0.07365527105273188 0.008586083111206714 0
0.1057197910419085 0.03322059467824738 0
0.07921213059745504 0.03780017635234745 0
0.07664931716923017 0.04401486239114651 0
0.1004491911761584 0.03764765924407339 0
0.08227055094942737 0.007650628753045242 0
0.1095463916223511 0.01959958330814098 0
0.08829790816851035 0.02803148029747472 0
0.1064856602492535 0.01288445880098655 0
0.09094825502250897 0.04043136510630872 0
0.1022599711000404 0.04011997469109094 0
0.107925995844496 0.004119663652153735 0
0.1039752001576367 0.04295323964016309 0
0.08657805922105584 0.01368177611467534 0
0.09817346437098493 0.00364855193976514 0
0.07772157984903459 0.007499830226557787 0
0.1180162043845063 0.04734690213193989 0
0.0975951518848848 0.04291946662462164 0
0.0999400633021012 0.03118336219609642 0
0.06087208135364814 0.01299506064412491 0
0.07569914206285498 0.04349409181238069 0
0.09364437812469094 0.02832899320952539 0
0.06388079363552535 0.007527633744149577 0
0.0990383697934617 0.02176938298132304 0
0.0799858619988363 0.02480601410999449 0
0.06369190026444749 0.01337563878650875 0
0.07976625136569633 0.04511524014757239 0
0.1137358070787396 0.0254133315962827 0
0.09566386069852224 0.01332219389452721 0
0.1170219740563417 0.03638194715623673 0
0.1181290999821167 0.04913977258243919 0
0.1029269236868012 0.03562407561290006 0
0.09949236769974643 0.0386602710979543 0
0.07236677262469372 0.01844232183312386 0
0.07241720768194558 0.04255030870093458 0
0.1151871352086916 0.01104933884094902 0
0.0804786185882809 0.002462432442942429 0
0.08219143054077503 0.03098768731736849 0
0.1019564439145585 0.01481008124104242 0
0.1007107817755955 0.04139533256263423 0
0.09796243654610041 0.03667046952062614 0
0.08008282502762284 0.02351905794738084 0
0.08297233211378935 0.03948153150927867 0
0.07620269280722647 0.02555775312575484 0
0.08095073299446122 0.0231096425103345 0
0.06082337813664936 0.01661612516055349 0
0.1179872671091872 0.01477474629342505 0
0.09640657295978319 0.01395995834541301 0
0.06810333284588066 0.007202288689062295 0
0.09593206687489886 0.03183228780196788 0
0.1048613101689914 0.02597209464842172 0
0.0958608772010006 0.03331860720450847 0
0.0700899530612248 0.0161173310446554 0
0.0716353568498348 0.04384776896639146 0
0.1192353877771376 0.0255828272308286 0
0.07388664939332525 0.0281229206931429 0
0.06976583051985633 0.0359146402298002 0
0.116282327236932 0.0007589832175608464 0
0.1097584163964593 0.03761332756045128 0
0.09710624994574488 0.0391642175868296 0
0.08735301392266848 0.03073395246315113 0
0.07092273342653266 0.005753419182749416 0
0.1062666958810316 0.01713386632164889 0
0.08400201503685038 0.0244818734506989 0
0.1113885956331395 0.04234574485439815 0
0.07990227473631591 0.003886700636146035 0
0.09695225036993745 0.0123457759896791 0
0.08522652644524573 0.02972481272729572 0
0.08622664958187359 0.029549808970886 0
0.09249251996976417 0.002117065563918645 0
0.07669216587888159 0.02703751539608787 0
0.06252662700023533 0.02661785837672405 0
0.1154113313243522 0.01285706495385467 0
0.1163770345028469 0.003570434577244107 0
0.111499449054133 0.04462962359095735 0
0.1097424098763869 0.0231602100942748 0
0.1012684941910882 0.009233987015886142 0
0.06219533098918696 0.009999641052265102 0
0.1021613257369965 0.02162701394406721 0
0.09033445630925079 0.03405068085305132 0
0.09932619625921837 0.03709111881154243 0
0.06728217062680238 0.03682724407858153 0
0.09433314382837084 0.00867209267487574 0
0.07603930594164188 0.01464621212861474 0
0.09016667055677478 0.02337603916866116 0
0.09734081616008644 0.01647021714734016 0
0.06868701728193119 0.04169331615800067 0
0.1010806780650088 0.00440599772660235 0
0.07925334303757074 0.03875731742557302 0
0.09044787694015563 0.009775823642937938 0
0.09806889767384259 0.01007674065490774 0
0.09068144844058965 0.01322151275771838 0
0.1107418695831042 0.03381956356929168 0
0.09101032784438634 0.004126948598644272 0
0.1143145564012645 0.02408634563679631 0
0.1005360414258588 0.03445598215326037 0
0.09000556597784062 0.01118818232620189 0
0.09043424477080128 0.01933682370708251 0
0.1067281134438221 0.01387934332946016 0
0.1033115158831633 0.03497168838707845 0
0.1027471653258665 0.01424053590622192 0
0.06872793715527696 0.03369828306494022 0
0.09528658205105145 0.0155113137039252 0
0.1020769999094923 0.03547377595179286 0
0.1059712197277567 0.014437979435836 0
0.07852600354686462 0.04630657195133126 0
0.076018929536423 0.007159041574437352 0
0.07707300699923958 0.02425060221942242 0
0.06371406229764043 0.02081860749504029 0
0.07806875615985052 0.02534947277179121 0
0.1167680681187379 0.03494261440266191 0
0.08902989053811899 0.02568328032231086 0
0.07525954428848801 0.03351902431258931 0
0.1157966879011491 0.0449325333905941 0
0.08162702025914823 0.02375328231090947 0
0.1157504960245758 0.005066502884735848 0
0.09771475292667253 0.02541915324226285 0
0.09367764115493071 0.03710238078771072 0
0.06899945027929794 0.03511271978523615 0
0.1023841032866065 0.02810905094060783 0
0.07999945033257783 0.03555583340935849 0
0.09080045048971214 0.03714221431096334 0
0.06077064794192102 0.01545070240170565 0
0.1031607618046698 0.04335401230141914 0
0.1025325205303486 0.007182485219119913 0
0.08555063409012553 0.02814949459342997 0
0.1019743668691178 0.0464929618517773 0
0.1156314246896831 0.02867323928963705 0
0.06065614663042264 0.02249129045753801 0
0.08158097727982211 0.01021620104850173 0
0.06068964711609768 0.03850000000003175 0
0.06557190778191994 0.0352011711982714 0
0.1062864821920378 0.01866536798801597 0
0.1040930259517147 0.01023861082178425 0
0.06428032529004062 0.03358459145545899 0
0.1001303188459718 0.01547213160832716 0
0.1106607704769746 0.008381199915208542 0
0.08256968740927742 0.01273618544477625 0
0.08570267208276824 0.0132413028175174 0
0.06419470750596316 0.04713995058310175 0
0.1000596160992888 0.04802329211853243 0
0.07268697482275448 0.04085223746613034 0
0.1113307315977018 0.03177128486864567 0
0.09691862189094083 0.02658685934722891 0
0.06962302273505816 0.02948646177724794 0
0.07718055111116807 0.03007073101526269 0
0.0968178835632011 0.02393249006906455 0
0.101822873095297 0.04411363151528262 0
0.07933342864176592 0.04341091585900534 0
0.07479297229377237 0.00951382180706724 0
0.07543841667456197 0.03499026152561961 0
0.06731056824452011 0.03977711260525769 0
0.1132827230533665 0.02832885248713605 0
0.09065893977434916 0.03137742457198243 0
0.1030895722886695 0.03781653010159047 0
0.109262354081578 0.03403978489511069 0
0.09857602911735366 0.01185053880547117 0
0.0687842111638655 0.03191989950019555 0
0.1001123854936851 0.009953082266352439 0
0.06188332060769951 0.03746903781270316 0
0.1076206892518972 0.01502631432591717 0
0.1033307182694607 0.0363751091512545 0
0.08527522229590767 0.04640141839970912 0
0.07129000681419802 0.0008234871827921896 0
0.09568564724912443 0.03042635015206499 0
0.1010460778913392 0.001788549047250023 0
0.1190978912075567 0.01640247515298397 0
0.08516034151587304 0.04062850519620816 0
0.08691655367022566 0.04464520946798618 0
0.08668053413632862 0.04380072621267293 0
0.06858931045512232 0.04689070931765844 0
0.09172540819201486 0.02026584512997943 0
0.07714504311440956 0.01769708363721733 0
0.08101849780399864 0.01845160009716418 0
0.1081669277089601 0.02883742138701361 0
0.08707848745541631 0.01229778942553165 0
0.1033546233553188 0.01476186846961398 0
0.1093088821861383 0.006301015988666839 0
0.0995901863879434 0.03591027215242158 0
0.07517940442816176 0.005669426279925502 0
0.09606371854669733 0.04229635414855606 0
0.07471440040444408 0.03771334342915271 0
0.1041269028127074 0.04206020671638518 0
0.08972534485872322 0.04766773029254389 0
0.07695483605087314 0.04590457630417808 0
0.0710445093556431 0.03494584447361814 0
0.09929969175838226 0.04764221733065697 0
0.08196397345020118 0.01731309313624146 0
0.06089797531854058 0.04242176963277316 0
0.08635911542539189 0.03976166549518474 0
0.1142508160559482 0.04550398569730774 0
0.07282541900886666 0.0465744775356804 0
0.09990452426522606 0.02172005837904262 0
0.1055083635764566 0.02017072734905974 0
0.104608070679226 0.02681451043724173 0
0.07298856081025844 0.03950821821209232 0
0.08720379131028426 0.03619864843615704 0
0.1096125158164837 0.02832195906353143 0
0.07853598681782786 0.005895612900412689 0
0.09561747821692437 0.0492133632903071 0
0.08645979044164752 0.02458021607715628 0
0.1030199145792777 0.0187248066729164 0
0.1106900188326646 0.01871166870595059 0
0.09988881809880792 0.01160115175249297 0
0.09159776066577746 0.009474873818194517 0
0.07568765479370988 0.0490308062211814 0
0.1164955538878737 0.04638099864048537 0
0.06532823762572076 0.004298995409353809 0
0.09987191143627865 0.004106988320933302 0
0.08486755729003237 0.04786088269967623 0
0.09914491742176099 0.001891629186951207 0
0.08851044000618027 0.00772181268728312 0
0.110788273822479 0.0331206600223518 0
0.08792295979508835 0.01601840893732279 0
0.09172864679939445 0.0118218796232202 0
0.1013885314514186 0.03773705528618648 0
0.09912388599158856 0.0432574956950309 0
0.07746728523787949 0.04008126746558984 0
0.1193305684601998 0.003499999999993423 0
0.1193305684601979 0.04649999999999075 0
0.08636323071508396 0.04921869244707098 0
0.07280257899200929 0.0256750611930763 0
0.08706532218842143 0.02731451285134831 0
0.1088454365104262 0.02012516437680149 0
0.06680774367942677 0.02108151614667232 0
0.07314627241966638 0.0448442618871119 0
0.1113257679894313 0.02224069148560821 0
0.09649617303101528 0.02907381462537019 0
0.07267428746355825 0.03527370986876018 0
0.06827295022253642 0.0198643726681628 0
0.08644389474592529 0.03781707735055495 0
0.0811784596998285 0.04549696736795864 0
0.06961019345247187 0.04933834205505407 0
0.07660033604336586 0.001884649735905363 0
0.09671707965617626 0.01767541543406538 0
0.06075600467162931 0.009566636332621586 0
0.08548638936116329 0.03897299828032792 0
0.1075645904554071 0.02099736119597341 0
0.08824971507765281 0.03819619787066595 0
0.1068568971271061 0.03812529037076647 0
0.1116802201859542 0.0463817903762569 0
0.106998003664328 0.03437631362669998 0
0.07164406347840291 0.02948975593560396 0
0.1178755711001606 0.03948136066705273 0
0.08205896588253297 0.0264832256794452 0
0.07480487309651751 0.00280909140385852 0
0.1178441103508588 0.01058702407355565 0
0.07675987497193346 0.0007958120360213529 0
0.06199419474647687 0.008395064995349814 0
0.1023190540792081 0.02643921610768315 0
0.1019685140619555 0.02725995584982921 0
0.06914695894685506 0.04413950093318205 0
0.09830928200774697 0.02793366635240552 0
0.06082845717144825 0.007936892878948438 0
0.09004691125059283 0.0398019380746195 0
0.07804468243289735 0.004272308414678155 0
0.1112276222105164 0.0007984120284527565 0
0.09037283271050864 0.02658144116526651 0
0.1001516446556265 0.0192114369990163 0
0.1016190140698562 0.01675331501808679 0
0.06421904858571612 0.009271277424975286 0
0.08856283068381189 0.02016246942081283 0
0.08364927397056035 0.04651694018505696 0
0.06082164743535787 0.01388377296393777 0
0.1031300935467219 0.0263872666436336 0
0.07991499906135674 0.006327730568449955 0
0.1161385971496398 0.03858033835168845 0
0.0720250475353135 0.04917095734505129 0
0.08990669930760914 0.03783212881241622 0
0.09558721025464956 0.039470786375491 0
0.1123059612986641 0.01881069798446482 0
0.1030103196694708 0.002587506909636951 0
0.09174597320403938 0.03470884410559051 0
0.1069219662886319 0.01141376713094426 0
0.07236792564952571 0.02413985549977269 0
0.1036415034951042 0.03058095048456741 0
0.11612188615548 0.01135237312635827 0
0.1100619548694834 0.04469922579034841 0
0.110193922234266 0.04388922550305394 0
0.1050376343732706 0.007829325705379373 0
0.0884645571376956 0.04801202578436991 0
0.0607079540861093 0.03230792618206526 0
0.1091531175568157 0.04588915150387068 0
0.09275894839296708 0.03062624486598508 0
0.1056836846265789 0.003043988100146874 0
0.09515763132095813 0.0410979824625483 0
0.06733787846703213 0.03087277210442734 0
0.06673966123892529 0.02502701117523884 0
0.1156821037828799 0.02750614557895107 0
0.0704020804947323 0.01196263896255551 0
0.09368863218610775 0.03570392695109212 0
0.06607018283634367 0.02369702264543206 0
0.08245876444684794 0.0195024119032905 0
0.08185062186377301 0.01110542021484986 0
0.1191929884007672 0.02140320132657957 0
0.06181208940940422 0.04364185825415239 0
0.0944435356002629 0.0331157779440922 0
0.09054623781785121 0.02110467039344873 0
0.08951642722390137 0.03255514654164664 0
0.06918002009323553 0.0137546957850283 0
0.0781697119296004 0.03767698052570754 0
0.08922459276115596 0.04634635878282069 0
0.07048024069505508 0.04837384153223933 0
0.09543658922101117 0.02338908422825375 0
0.06972196456792823 0.02190846247087124 0
0.1033514854780284 0.04441846543088309 0
0.1089567421159561 0.01274440757285164 0
0.06987751940239698 0.01517715619093142 0
0.07025830385896155 0.03851377337298709 0
0.09187149475048245 0.03382909125437761 0
0.1149005889988563 0.01918944511843877 0
0.07164545415872674 0.01088351509022488 0
0.07416063504103985 0.04094089528142744 0
0.06204677698038619 0.01450069200842491 0
0.09778488388214157 0.01122850403107859 0
0.08351289365189667 0.001782341131190408 0
0.08286798195377107 0.02811882859179364 0
0.09327101513489881 0.03412645719278532 0
0.1182835030429612 0.01343074194750992 0
0.08748029865427848 0.0280306248110858 0
0.1031435096143855 0.005867408374742472 0
0.06293607800363429 0.02109088593704211 0
0.1087709329930816 0.01741337565349644 0
0.06786061136494977 0.01427503622121533 0
0.06080966307402337 0.02866906929848275 0
0.06800971118649486 0.02659491248020926 0
0.1150939573696657 0.03089146389031403 0
0.06786403237640726 0.04121923916573542 0
0.09744976035296021 0.04021392444744635 0
0.1058553576841472 0.03419417036955033 0
0.1129504621321261 0.03453777946016479 0
0.1141845277727226 0.04814822802754257 0
0.09611689974871254 0.04661330187551716 0
0.07193931421645493 0.03602819930124537 0
0.1012115106790341 0.01820503696930207 0
0.06600205295717554 0.0199197866553701 0
0.06524025682526322 0.02030625815490197 0
0.06548529757312792 0.01871014260352679 0
0.1127163238786394 0.002626090796062989 0
0.07248342724375473 0.006342997663589752 0
0.07102777897805204 0.02074687854809068 0
0.08171423825053697 0.03654532618224957 0
0.1129479566682431 0.02527347836681376 0
0.07040630949798299 0.03211384122344951 0
0.06078807056110391 0.03640514445616074 0
0.1002875407812629 0.00665282031440699 0
0.07381394164687934 0.03142463224379224 0
0.060904371418372 0.03377747779681629 0
0.104724927903025 0.02089123061333619 0
0.06909793301589821 0.02548486955777065 0
0.09758669974482705 0.03605088129580711 0
0.06198566571913397 0.04132087084653558 0
0.1164302813716293 0.02602262938613557 0
0.08535997943358271 0.04250188771972434 0
0.06211255653464084 0.005946982991997442 0
0.118330805601605 0.02815669017946923 0
0.06535452185267787 0.007425269888112079 0
0.08381732006120129 0.03258981116050623 0
0.1053027572092166 0.02370915649035418 0
0.08208637039011753 0.04680814098949321 0
0.06188236604813647 0.004374872800815276 0
0.08389565107753344 0.04221536268797996 0
0.119222147062328 0.0337550089729528 0
0.1169646322547079 0.02712988880298297 0
0.1193036999936202 0.00642416799432665 0
0.1193036999936124 0.04357583200567143 0
0.08444544330457834 0.02800458177582046 0
0.1046763286053831 0.0007481520320548779 0
0.1123667579432654 0.02604783692954482 0
0.07521442550620869 0.03127610714660848 0
0.07661069529828668 0.03617044386898593 0
0.1046132387710974 0.01430169336151174 0
0.08744746404156695 0.04933048318810455 0
0.1023078715410135 0.03930947557457808 0
0.1193321012421974 0.0125256976143698 0
0.07238727002041749 0.03281225186399812 0
0.08383688508638724 0.008672313957820272 0
0.08150207858896311 0.02962576618245696 0
0.09318231195152055 0.007278660072575244 0
0.1128949737307746 0.01404289606649356 0
0.07601846428965511 0.004595079285980136 0
0.0877453490606275 0.02962369781521296 0
0.09655092488101052 0.04138036180990218 0
0.07093876650199614 0.03711547808299143 0
0.07249821330947567 0.03827975320831789 0
0.06211239367940915 0.03875781005368486 0
0.1104500895484151 0.03128508906574243 0
0.1011925330353891 0.02035823622552533 0
0.107965233630941 0.0177211232181357 0
0.1133512724477798 0.01668201882198394 0
0.1125843445429558 0.01734722485893901 0
0.1138644658776085 0.03327665205843967 0
0.07073766424048916 0.004016683878326887 0
0.08341470133271554 0.04734367495770284 0
0.06572642979771336 0.03891132227438156 0
0.09537160402092348 0.01127043209359885 0
0.07912147072680643 0.01063833563749557 0
0.06063831206546744 0.01050000000002916 0
0.1074268223935203 0.04421033616168656 0
0.06167503579612986 0.01931190425938093 0
0.07626552864673994 0.02122556167554593 0
0.09749948994135887 0.03738656576901707 0
0.0836112857634813 0.006791668400320303 0
0.08951144009004949 0.01368420460777616 0
0.08967691309313977 0.01455347488818665 0
0.06389748528402049 0.002847198264564705 0
0.09882175667024673 0.01861513049480698 0
0.1192696092106406 0.03865131564704238 0
0.1063787437664608 0.009049456223936726 0
0.0788679002566412 0.00496388748798193 0
0.06579899014672487 0.02533048780261412 0
0.09042002264739525 0.03235171238326374 0
0.07035020420229893 0.008646421889558597 0
0.08380991792325926 0.01506110871974911 0
0.06783579239632972 0.02572684572990429 0
0.08122554008652419 0.005879069849027957 0
0.08885850917273952 0.03084006095128818 0
0.07200693812896412 0.02328301627476525 0
0.09387511597147753 0.0170991761398026 0
0.06755210396098926 0.02105723354532759 0
0.09588493242787967 0.04066141124868439 0
0.1058198752638943 0.04496744656291437 0
0.08548648984623861 0.01997268897431712 0
0.09658530424100259 0.001926811549684422 0
0.09083797196345865 0.01454693213511898 0
0.1027841877865984 0.01178832935187854 0
0.06658253535388034 0.03141574325156933 0
0.06668155720083681 0.03234874766966116 0
0.1062514827691476 0.006149827449821041 0
0.1034344712285074 0.02783632924061949 0
0.09218289383957806 0.03644733466368403 0
0.109854807040337 0.01231070764571501 0
0.07054270617103379 0.0301245154501049 0
0.09519433553424056 0.02206380578829731 0
0.09766036443606778 0.01509237860883902 0
0.06078885296782009 0.04045836901668057 0
0.07979591683967326 0.03238813613048704 0
0.08910817259241013 0.01228272983531503 0
0.09281753367491115 0.0007844015450352784 0
0.1062319207545094 0.04722161112474028 0
0.1164654440225816 0.04737927062528999 0
0.07494339341231965 0.03420883438241092 0
0.08775199299520549 0.04588230607562587 0
0.1072023392158566 0.00177401037312022 0
0.06077604094945471 0.04378777004046725 0
0.06355705069361334 0.0008462133966286956 0
0.1151759570537486 0.04834281680875364 0
0.09993606550641482 0.02742258414436374 0
0.08267091547745681 0.01127236592405273 0
0.0737055355874765 0.03358034780452246 0
0.06693228501404401 0.005865172990202268 0
0.09037206840750547 0.008241491846226964 0
0.06683536599289065 0.02252534269118642 0
0.09311586703023081 0.04417598696149836 0
0.07540273671541266 0.02271880896428143 0
0.1006950398179028 0.02679891224807799 0
0.07229671351274965 0.01668893843169492 0
0.1084611051379422 0.04814604208595299 0
0.0652337288945458 0.01789201196751896 0
0.1171225159728262 0.04521903714167839 0
0.07705735906696061 0.02004386390713021 0
0.1013571746854883 0.02185026667483491 0
0.1148303561885609 0.003225924221412849 0
0.07823518523498713 0.04004923390683578 0
0.1039303770466877 0.03787722044619068 0
0.06353756523016157 0.02245289158549859 0
0.1046005348563744 0.03569481928441039 0
0.1089740609793462 0.03626260852259904 0
0.1171151991346256 0.0047800109060543 0
0.1102435366511356 0.02556711210492008 0
0.08960958503755306 0.04134535450185952 0
0.1005066024481631 0.01455839219076027 0
0.09257119501784213 0.0404530739714006 0
0.07632354763904813 0.02393874149651896 0
0.07856588256316431 0.02012052700179645 0
0.06390208779666535 0.02929996230660981 0
0.06366938997131846 0.03882169145802224 0
0.1103675506273531 0.04936327332123949 0
0.09897609513036405 0.03326587778576984 0
0.08494772750553586 0.009280709826450585 0
0.1054127634542383 0.03845382976036566 0
0.07049999999997673 0.000625485513150045 0
0.07537176483427797 0.01806075747071141 0
0.1162123339151249 0.03431556502417817 0
0.1092768514491603 0.01813453487100949 0
0.07193549687186847 0.003303629450898626 0
0.08888465180018147 0.006146953733225259 0
0.08827517596375445 0.006536990589718455 0
0.09025123520146089 0.02248854932236946 0
0.09031002267900223 0.04376579365155935 0
0.09975262524846591 0.04627699738350344 0
0.1094873544275253 0.0492553462256019 0
0.09469695633560894 0.03962826122750569 0
0.08645150260226059 0.02360045194229831 0
0.1047837269400743 0.03317959226555129 0
0.1006064945456424 0.002604234868921824 0
0.1192502966312307 0.03072389454575386 0
0.06350128428712513 0.03238985072667915 0
0.09448324540188827 0.007874776865355902 0
0.1032681197069086 0.0007519691634851455 0
0.114952210489871 0.04691124060718427 0
0.09276513938125985 0.01834435491991195 0
0.09902090659952831 0.02845428051018396 0
0.07850000000005074 0.0493780611288057 0
0.07427524684335039 0.01536843003879819 0
0.07938664799154183 0.03384237717623943 0
0.1101923893649887 0.0413722985096411 0
0.07500897792346693 0.02343349390565367 0
0.09208472903922663 0.01416368883102256 0
0.06180290664015011 0.02189467020554961 0
0.06372122313499225 0.01603126254735396 0
0.08309758442608328 0.004012762673417622 0
0.08640932992627513 0.01202300666652485 0
0.1130320226108554 0.01817077233958067 0
0.1161467477828119 0.002643359900695795 0
0.1023052788979281 0.03012806934044989 0
0.09140266316882087 0.01095900996156176 0
0.08633828388260711 0.001869310591473778 0
0.08312443245945599 0.04106786852237222 0
0.07955860461154629 0.01774545848470768 0
0.0685790821688316 0.03898817189549677 0
0.09517803820328485 0.004179238730725855 0
0.08307606286325801 0.01344775071340735 0
0.1127636417472832 0.04929857290263233 0
0.1116780198984042 0.03034027870583725 0
0.06080926793666272 0.00181346256303007 0
0.1044847538299415 0.04038089091512009 0
0.08189413637918533 0.01814627862977069 0
0.07284596551608538 0.02267230589403575 0
0.08477215689295095 0.01716583185716925 0
0.06401491982901125 0.03558499738823939 0
0.1028418331179492 0.03317063561682346 0
0.08814636049791395 0.0470629185997094 0
0.09224672232197885 0.03194313074257427 0
0.08304314564237156 0.02438956080114478 0
0.08515386908419595 0.02087466379189208 0
0.07631829902006668 0.04222497484807122 0
0.09979552168516367 0.03331042406453492 0
0.07535730206009907 0.01315622707480464 0
0.1112572702046127 0.01193298586004017 0
0.06813586653512659 0.03619989050672377 0
0.06877718276324069 0.03677640209228476 0
0.1064959808541511 0.0006426971397405207 0
0.09372339857643222 0.006484078239923252 0
0.07140813704067492 0.01547801647530749 0
0.1084923174016064 0.03241124757893131 0
0.07382673236478005 0.0464925240454092 0
0.06986038918418133 0.007063931716835677 0
0.07325300106458468 0.02973572954510784 0
0.1071564918407772 0.0033966696850922 0
0.08225523906431613 0.01554584452120383 0
0.1054751836862349 0.02452043135206054 0
0.1109912959597072 0.02895248824756243 0
0.1194420398253692 0.03246155019955243 0
0.11007631966579 0.001816179368157304 0
0.1025463625824088 0.02325552232808682 0
0.1042613160157469 0.01931033434753405 0
0.08890626808214624 0.01732923778379991 0
0.0658715529797532 0.01490899067083035 0
0.09296175096679428 0.01299381515766619 0
0.09417107901389593 0.01812797806103834 0
0.1180413737315444 0.005633067824499132 0
0.09736159016001368 0.04575152128697748 0
0.09850305865866492 0.03130411921224281 0
0.1143140909740231 0.04162930166376146 0
0.1061486376310963 0.04209782241891718 0
0.08657807097569721 0.03053241283252463 0
0.06233326003186937 0.02289670403110901 0
0.07848157545665095 0.007362746091814588 0
0.1011912422636623 0.00777823651882468 0
0.0987069890822817 0.01569451684560679 0
0.07710650860842071 0.01200118407354954 0
0.1051842729235519 0.03775817295342282 0
0.07800014463830295 0.03688022820313109 0
0.11254919700014 0.01556133798374281 0
0.07153731211008264 0.03287429265561404 0
0.09712138369220805 0.01385834788721709 0
0.1021173283918153 0.04105437449709642 0
0.1150666592543103 0.02517178263725697 0
0.1180442643631339 0.04436728768414413 0
0.09696415358631605 0.03457312807648349 0
0.09415483206972808 0.02988181853311063 0
0.1037325557264003 0.02916546346084213 0
0.109314606249412 0.03919306842335054 0
0.0850456334209127 0.006876833590635885 0
0.0814274265354325 0.02686975913226113 0
0.1193919688847452 0.0245477319387934 0
0.08459115166755315 0.04189526337906599 0
0.09199021288178347 0.02417177157665491 0
0.1062489293380599 0.04556638461264857 0
0.06073907527225308 0.04626972905179792 0
0.1056950761541629 0.01033343187835099 0
0.1115731834836843 0.02040373410566739 0
0.07627175280022111 0.008050812173039395 0
0.1045358094410844 0.04930154128018566 0
0.09554192555942406 0.01887061765028654 0
0.07846980342778004 0.00953353100241937 0
0.1175208610185369 0.001936779003069983 0
0.09557048504643181 0.04829142236309149 0
0.1102656715413156 0.02112300038838394 0
0.08863747087948926 0.02314115046706275 0
0.08378526629095835 0.01587685623717906 0
0.0724341033721453 0.005588146545634061 0
0.08192231151830995 0.02535210958366466 0
0.107678263544185 0.04652283764459159 0
0.1080662260857039 0.04569170655104857 0
0.1130941345337891 0.006400515252616971 0
0.06448806179721239 0.03634648458818756 0
0.09043380503282897 0.0006543032592145639 0
0.1104680997079949 0.01712776880145919 0
0.1020600576394163 0.008134256342059103 0
0.09979989671000319 0.03207469642119292 0
0.09004100590845014 0.004690318411475058 0
0.0935422273311356 0.03174803661687636 0
0.06667578687001105 0.04451398527068181 0
0.07027447618840785 0.04094303376416983 0
0.08464956748936665 0.005411898790450881 0
0.07625622217068248 0.02273793855175242 0
0.07196837854167425 0.0129404924603448 0
0.08746966025016864 0.03465983661797754 0
0.1124682039358465 0.04335276877541896 0
0.07562966323378111 0.02501166939746643 0
0.07340840627172013 0.04128724483702622 0
0.08759946983097774 0.002278386864791446 0
0.1104923506626073 0.005694103557963991 0
0.1179100244187717 0.03330692254627016 0
0.1113429237839709 0.00309589243877111 0
0.07731703889063572 0.006627570702497215 0
0.1128830684528644 0.04201812877973125 0
0.0964202269417077 0.03012829512060143 0
0.07165418405846891 0.03951911041032348 0
0.06381256478499778 0.04803204903228132 0
0.06597344823652275 0.02283454014341041 0
0.06343486343819424 0.04934563123745173 0
0.1192572992507434 0.03722636989215486 0
0.07986927111204817 0.03161329391636252 0
0.07907424022296324 0.01531080866027585 0
0.102569612096094 0.01034313434305514 0
0.06942838253108596 0.03801084111263817 0
0.09122002323264317 0.04726010448670345 0
0.06073577846273667 0.04926422153726427 0
0.08231356435967351 0.005093456629323662 0
0.06733426761680215 0.02319948939448956 0
0.1135086947731784 0.00408907885972183 0
0.1129653083978669 0.03176771770711727 0
0.06237660325086104 0.007569106255612064 0
0.07601020583908633 0.04799664312634999 0
0.1034582435176002 0.01068166775587215 0
0.1180818106525229 0.03153250870494872 0
0.0951943502195472 0.0247225760759068 0
0.1029828552304701 0.04747508282067843 0
0.1178868600221235 0.01868390023618612 0
0.09756823448453221 0.02911116188544665 0
0.07249515379038547 0.01385250629240573 0
0.07838073819212149 0.02673519498301448 0
0.06924938557541742 0.04814322479349824 0
0.08729193794062554 0.004865890702823789 0
0.1111849682001189 0.01510052537091343 0
0.06647670423842626 0.03754110072558964 0
0.090598075526493 0.04548725704561893 0
0.08366798151217497 0.03982203019925225 0
0.1181009570844385 0.004002189879231753 0
0.1181009570844392 0.04599781012076785 0
0.1178003065938601 0.04662937169755698 0
0.119240385385872 0.01082757104586048 0
0.06451647586907078 0.01961438695163981 0
0.1179549806076467 0.01941696471185773 0
0.08814448346390935 0.01451697092557072 0
0.1150926274417868 0.04121754431920047 0
0.07250245530663252 0.03041456766921935 0
0.08119168403219131 0.002018845221110737 0
0.0850400847730659 0.007803325266416274 0
0.06564584306713184 0.0006917652421778352 0
0.1143308182468518 0.024860825180769 0
0.07734277485427825 0.01359003121307358 0
0.06937885408195443 0.02405505574559918 0
0.06523050367361359 0.01356679560804947 0
0.0871615730786871 0.02231529463809155 0
0.06805868251011035 0.01085354443138269 0
0.07992570046321491 0.01971604522981974 0
0.0809643336247618 0.02075069863347596 0
0.1136190532723797 0.03865275729402007 0
0.112947965607837 0.03841517366919639 0
0.0832176935720709 0.03674281072012382 0
0.06505384181691413 0.04491078737792589 0
0.09567333253276492 0.002850916890491382 0
0.1192917742106246 0.01867162269766975 0
0.09172436602514905 0.0256861560322857 0
0.1120830914185974 0.02134161960925045 0
0.1088860834856077 0.0469264978477787 0
0.1127233226978399 0.0007242746976878737 0
0.1059992294996751 0.03988576643675679 0
0.07091973319769673 0.008147369020573917 0
0.08442808882341699 0.006374429690301726 0
0.07268454418606288 0.04745597962896143 0
0.1117015951892908 0.04814848481192924 0
0.07236410673725627 0.00778712129049063 0
0.09793824821736372 0.0167724605607784 0
0.1133534076512882 0.02372130859527727 0
0.07219842303715152 0.02889306195528928 0
0.08450022995482168 0.04939353918185838 0
0.07944914194712815 0.03700815486193285 0
0.1094999999999756 0.0005905784555218065 0
0.09855327664789162 0.02108992775212415 0
0.1018632172996668 0.03694283789617642 0
0.07313244534731179 0.02666191654416952 0
0.07055204380822717 0.009483530241986428 0
0.09963216901476835 0.02316423122866 0
0.1041280127112738 0.02536939819448361 0
0.08318797523897406 0.01923993654669361 0
0.07192932946343497 0.02172632098073419 0
0.114332368420038 0.008466712146437377 0
0.06190496058181771 0.03638280220782072 0
0.06922260697101146 0.03107156334177436 0
0.06070760921407382 0.02720366705765415 0
0.08586448907957947 0.0311469990844447 0
0.1020463566026123 0.03434144752476204 0
0.06874070596891813 0.01642690992878324 0
0.06817450057057423 0.0403097697858047 0
0.1051528295240227 0.04096668015826355 0
0.1058292225168451 0.01635837931701957 0
0.1017213199888157 0.04828994098075987 0
0.1063436735477835 0.0245570407778103 0
0.09496118434403811 0.025737667677018 0
0.1101328391833102 0.01797527071756916 0
0.07721664500864664 0.01077181012512946 0
0.07747810160325198 0.0006191554230745337 0
0.0865990763105472 0.01719126868646814 0
0.1139826835503333 0.02632874027380998 0
0.07749565591813687 0.0193569058251077 0
0.108753854045112 0.0242229400043728 0
0.09487762140988994 0.0144620028043069 0
0.1020989610915997 0.01130004141233856 0
0.06649142260430135 0.04937123635093068 0
0.09425127489530756 0.04926352961501104 0
0.08681288418737904 0.04240209979819236 0
0.07766818903648409 0.01584441362525946 0
0.1175351580169139 0.01596568772937569 0
0.1116495268791974 0.007957821463063385 0
0.08383920673688644 0.03833043924760079 0
0.1129278979983885 0.01488961270021796 0
0.09620331956908179 0.005601592323596001 0
0.09648509856614582 0.004600855412702111 0
0.0916780439986743 0.04171675941588282 0
0.06403665940621694 0.01430426397511238 0
0.07977902803102035 0.01463061298398871 0
0.1006673825502262 0.02839398239481314 0
0.1076314465566894 0.02325637964101997 0
0.07881014016831729 0.01362293710126413 0
0.0664635944881799 0.01357067136103166 0
0.1049127711889143 0.006001803731824009 0
0.06598042806099963 0.01739383729450194 0
0.09919518189427297 0.02457696048747557 0
0.09502657986760764 0.01374456606157692 0
0.1192772327772235 0.02926263875700535 0
0.1088532916197987 0.02334412014156464 0
0.06264540629047916 0.0243385594131291 0
0.060770060153205 0.04462365005353661 0
0.09518951435210696 0.04677854125233222 0
0.1137771874691274 0.02234337021180485 0
0.07614644212862189 0.03768867777183532 0
0.0732953239180506 0.002549861314792922 0
0.06926451837195638 0.01852110539902479 0
0.07982094913947718 0.03012353318931603 0
0.1184355726847132 0.02098888812297679 0
0.07588488458262134 0.03861677859185923 0
0.09725606890274474 0.005949836129533489 0
0.0669200986179399 0.01857195770370168 0
0.07883622848044099 0.0363631757897996 0
0.07092027824960556 0.01625446519575394 0
0.06436321898592151 0.04117828983327611 0
0.06780443432849019 0.0294980722875494 0
0.09388300921921502 0.01451918843768217 0
0.1043060291337724 0.04440445882788718 0
0.1107337144778089 0.03988216419064636 0
0.1111864666122819 0.0404338835207489 0
0.09476270035008399 0.0460968434378252 0
0.0875186464532588 0.02568725543485611 0
0.09272665622899831 0.008474419897078525 0
0.1148993596133112 0.01595315209650428 0
0.09227447358862004 0.006026732034339008 0
0.09775795742365978 0.02637092812048834 0
0.07900821704964882 0.03119056558742318 0
0.08815048281138747 0.003854310493278635 0
0.09923058729266797 0.02677797303165859 0
0.08892808532554917 0.02843177199444549 0
0.07778477195201075 0.046875530115268 0
0.07526078706766076 0.04600695818298147 0
0.103521023462768 0.007623496445950654 0
0.09138348821475949 0.0006188603325035447 0
0.07450451226128217 0.005099432827496904 0
0.08255575833390269 0.04749419634146831 0
0.1079578404658053 0.03164824639903176 0
0.116590724962012 0.02270968710055326 0
0.06426492731296148 0.02132170849162195 0
0.07416164855751993 0.04925376130855553 0
0.1192920402353077 0.00171402579332038 0
0.1192920402353091 0.04828597420667925 0
0.07676041204114745 0.02863108498224571 0
0.09277630488125374 0.01075366570344392 0
0.0831745421272042 0.01823897151673148 0
0.09405888646542174 0.01020505545825571 0
0.09940127093598297 0.04248897760183911 0
0.1110804635953462 0.04382542385771474 0
0.08095284989047485 0.03306433067367808 0
0.0655375937539234 0.00675871870912745 0
0.1175533627918117 0.007784453842073292 0
0.1174330341588741 0.0423422269381501 0
0.1060722787626013 0.02140882640052204 0
0.06310664976222691 0.01945078099546213 0
0.1071838176987452 0.01225954268885484 0
0.07307352787731844 0.009138106726256591 0
0.09449693003113853 0.0005854961132748573 0
0.1193118065139804 0.0173265160144588 0
0.07126303330023694 0.001826452351404285 0
0.1151134648036075 0.001710906724566986 0
0.06849969004404059 0.02431838952447789 0
0.06184281623311989 0.01660911790441505 0
0.1133744061362432 0.01266083056260268 0
0.07202075109993056 0.04610688232917916 0
0.06275360187880534 0.01085396618680414 0
0.1016647085965916 0.00654369701711525 0
0.08069960229051601 0.02582040398009419 0
0.06167931710081734 0.01528043831423123 0
0.1027676727058982 0.03706127306188054 0
0.1192909574369353 0.02220143623184905 0
0.1150980229835513 0.008827273779614496 0
0.07566335262996159 0.02943870157775122 0
0.06472143676702177 0.008650107559806179 0
0.07327580344783642 0.03680678275123713 0
0.08484794886543645 0.009965577484785491 0
0.08173062530088979 0.03742966095739021 0
0.1085772652695155 0.003703089431454929 0
0.1139971347130739 0.003264736443178589 0
0.08450743324946788 0.04104603184898355 0
0.1125540889157918 0.006858218519790779 0
0.1118023307616738 0.005630988331603112 0
0.08255325724317684 0.036119222490567 0
0.1108537108483182 0.006716059941920325 0
0.06296143443796254 0.04803334936315237 0
0.1010293051370167 0.007006221804378794 0
0.1067865784165581 0.01559895715840197 0
0.1177135172908611 0.0387567457469118 0
0.0744027284578358 0.02588399847714302 0
0.06077153464048844 0.0007635338484459029 0
0.109806377921657 0.01500746667455466 0
0.1002615619790318 0.02921717826963038 0
0.07873841157565843 0.03503672031166208 0
0.09247021169671236 0.02059121105659523 0
0.06530954377933336 0.03360065303028074 0
0.09573471872966252 0.009061755674609078 0
0.106498163892191 0.02368950849077267 0
0.1096061248569187 0.04062504512268889 0
0.1158763671886778 0.006536483804498242 0
0.08871117475494894 0.005283008717007234 0
0.06150520348338146 0.04939024502795228 0
0.0606315292748939 0.04851672637042204 0
0.09654262119192492 0.03330851211189134 0
0.07551354769409356 0.03210252290728815 0
0.1001180006710919 0.02583038873662816 0
0.09482048779557617 0.03813433926716044 0
0.06159796786460896 0.0400135664486896 0
0.06791630534672888 0.02818439048900402 0
0.10592224235694 0.04071458909643238 0
0.08967323476630917 0.04408446027922939 0
0.1004287630325848 0.02497770632112206 0
0.09653456328864224 0.04808222993941805 0
0.1042800413037109 0.02235584822403293 0
0.06960052204089683 0.03667931358174051 0
0.09641999140345371 0.03678027749988491 0
0.06182252916224558 0.03432347790982235 0
0.0700331485465652 0.03273839397056977 0
0.08583160533423004 0.00577085975005085 0
0.114174275270318 0.01486145521478997 0
0.09314102837282073 0.01971620717348083 0
0.1177903188016194 0.02192711551534389 0
0.08877586095322762 0.02426793626890615 0
0.1037264610699564 0.0240331464061638 0
0.07421646962757569 0.0102845190071573 0
0.1077695932135461 0.03022483470687831 0
0.116520767673145 0.005151655408485013 0
0.07358928098406405 0.01305171444281345 0
0.09189249137669993 0.003488317531486671 0
0.07776669015960277 0.04826132219995235 0
0.109565359882901 0.0113802181850867 0
0.1165555969520898 0.04485648057125423 0
0.1177408585710093 0.003342737898630896 0
0.1194486936960789 0.04045216005582367 0
0.1194356779819892 0.009536467749941928 0
0.08716310593547602 0.0007331406620404358 0
0.07528002982464402 0.02854930592804007 0
0.09901606474226932 0.02526299314854957 0
0.07173378630254228 0.02807117960544943 0
0.06522206852130992 0.01005754384787582 0
0.07860118087419589 0.03918229849261786 0
0.0891429690734529 0.01978315437841772 0
0.07862181268168633 0.01675632937001582 0
0.1028430074287883 0.02503034332991588 0
0.1116193550994481 0.03910184233357691 0
0.09350673280060603 0.03797491675862714 0
0.1045692558033515 0.03389080061535839 0
0.1049853912820861 0.03437266877904627 0
0.1151728311750594 0.01781590255060403 0
0.1072718136870796 0.02778823053496449 0
0.08020129326655071 0.04129131879430322 0
0.1149486779932579 0.03022942505750338 0
0.09849999999994111 0.0005576182709631448 0
0.07652196291458999 0.04938474369501258 0
0.09032115499417069 0.03643485490426315 0
0.07360017500066922 0.000656044441573891 0
0.08408728118213278 0.007848758897349742 0
0.07403227824712644 0.01847980831624689 0
0.07920595932725974 0.0256451198197938 0
0.09587917298160926 0.009737379928060941 0
0.07934910389929832 0.003371494691345846 0
0.07493387961856221 0.03265441622481088 0
0.1039227765403177 0.004756431772128572 0
0.07750472188823665 0.02863440011582852 0
0.07035341821460545 0.0343626906833365 0
0.08836055314640592 0.009191654971094488 0
0.1181412783630768 0.01645660453400382 0
0.08726656921588993 0.03175588730076007 0
0.09638731323632824 0.0191033786425413 0
0.07995132401878063 0.04761095573377073 0
0.0631984419461435 0.03801484424829996 0
0.08877237566991572 0.04929926906278068 0
0.1088357956779271 0.02578012847331439 0
0.1094363409886637 0.02994174720268458 0
0.1068153393000768 0.03538425670557178 0
0.1059996060650302 0.03545612487694795 0
0.08413843970555286 0.0294260195989019 0
0.1070097862824024 0.03294955005383866 0
0.07442451183343919 0.04816018912166627 0
0.08144051011642585 0.02449118296569904 0
0.1010087154456194 0.01900952330735671 0
0.08242709254632524 0.04067740342079681 0
0.06519509099016715 0.01615934944419846 0
0.09239733050627066 0.03916931449918153 0
0.09136732649975338 0.0378755445926575 0
0.09047732816925504 0.003280591575989042 0
0.1052790539215811 0.01414014209076841 0
0.09111207752232557 0.02679880704395336 0
0.1088364691609116 0.008663081152375665 0
0.07092762183999771 0.04393605078531083 0
0.08005635156838943 0.02058049597038441 0
0.07696230700812801 0.003377284261008175 0
0.06753114907893797 0.01146680013359848 0
0.07074629800083244 0.0450508065065449 0
0.07521900871188639 0.0274803556098165 0
0.1003857112371446 0.04354366090194837 0
0.09191806709739792 0.01037759486784164 0
0.06780168029395228 0.0473513680974357 0
0.1006031779746615 0.03611807407444495 0
0.06748838674615507 0.03405095755011029 0
0.08798002302513676 0.04345699460254274 0
0.09783489863904027 0.03878206769131727 0
0.08199631363984661 0.02910685824767416 0
0.08259327596780741 0.006343863409456534 0
0.09284078481820389 0.004546736283939192 0
0.06280126430145171 0.03354126196346162 0
0.08373694837004061 0.04065983855914877 0
0.06575281315105509 0.001615469720339235 0
0.1001671925490543 0.02261116400314395 0
0.07574921047815664 0.01069699533069047 0
0.090556981291669 0.01654239863468672 0
0.115785170801263 0.01465518896319757 0
0.07911127843417683 0.02741561953566975 0
0.09409812873752751 0.01912372832355285 0
0.06733898989575196 0.04610041906110908 0
0.1107777137808843 0.03517625889947097 0
0.113773091385907 0.01129202830583447 0
0.07626532063880852 0.03080764056527909 0
0.06155018727013202 0.02067262751173858 0
0.08595242487307228 0.008065126229547999 0
0.1181159988514343 0.02438307665935911 0
0.1172056201097532 0.01448181218111442 0
0.08744255320292259 0.02098826832695982 0
0.1022489989828703 0.03113476821063246 0
0.07005820447673741 0.03119035485031051 0
0.1104811772940871 0.02828521307638452 0
0.09635655372782595 0.04935983154058404 0
0.09314136448168077 0.002481972137666091 0
0.06629713321737463 0.01225803363109407 0
0.07648244152633681 0.02937468765581496 0
0.06065882968268742 0.03164641328512947 0
0.06481633166065423 0.03792846478022521 0
0.08853705236317264 0.0005589246030142397 0
0.1075439757835089 0.02254762291890844 0
0.0985199635407823 0.03471101297561902 0
0.08415367880384375 0.02192920663347569 0
0.07790397027140256 0.001838146529820035 0
0.1159582093737205 0.0324638225462632 0
0.07862168939257574 0.02938260203977013 0
0.08793140511512625 0.009796694034209092 0
0.1129500685267008 0.007973453749477543 0
0.09412753253688973 0.03397483506967983 0
0.1079824499504019 0.03451215186648924 0
0.07015017575423695 0.02859695262657875 0
0.07031022752348388 0.001937458338602695 0
0.08768390318461268 0.01823514048906785 0
0.1149266916605692 0.02735267563232343 0
0.1008287064517301 0.03976546295400452 0
0.1165139129296265 0.04362433511345336 0
0.07377234589214873 0.005466926278741763 0
0.0988396409667949 0.0323214162840629 0
0.114268619471266 0.01246222945728689 0
0.0656828245769864 0.03268654805186756 0
0.1090698895546791 0.01363450016968401 0
0.08501004662091372 0.03558326187738626 0
0.09989141818014179 0.04121252709187213 0
0.08970120656268829 0.02790250315187064 0
0.06383326024713659 0.02000404235176835 0
0.09322960952935298 0.003381995407923597 0
0.1031091307609763 0.02017431400060898 0
0.1100053209446003 0.003161199070796311 0
0.08820483312760746 0.00294706133325944 0
0.06819221467527721 0.00522314085299367 0
0.06827547183088505 0.008700753129044126 0
0.112833770674894 0.02245210365587673 0
0.077216085345098 0.00399183610475391 0
0.08572338501804402 0.03825177565710879 0
0.1194372469417292 0.03550025923358429 0
0.1064878458723783 0.03179897640525677 0
0.06451518727452257 0.04613504301362407 0
0.06659814730168263 0.04018904772696077 0
0.08575134468050408 0.03666075603023265 0
0.09028469115748594 0.03039251348871166 0
0.1091091997126872 0.002016145713511313 0
0.06598708006380001 0.04183181732994252 0
0.06793081868036169 0.00174222078342466 0
0.1177247192276919 0.03079648943498701 0
0.1024266795538377 0.01566925816298099 0
0.07792584639601918 0.0280422967580644 0
0.09317274291568961 0.01587533094616109 0
0.09387391423180136 0.01554779764004043 0
0.08957762836497657 0.0270042681303852 0
0.07753420099984493 0.02280976217079769 0
0.1084782210705447 0.03399747595462647 0
0.07772696724374624 0.0235710981476662 0
0.0648602361684447 0.01148263973589146 0
0.09376049316496833 0.04080910368163464 0
0.09330031163822146 0.04023527203552996 0
0.1005412782358416 0.009325913654078227 0
0.08460270241294804 0.02656996914404242 0
0.08161702202452989 0.03901276092533887 0
0.06237145147794893 0.03807715742426871 0
0.09983311975374075 0.03493845496108632 0
0.07155557394397075 0.009406811427581411 0
0.1022782901502719 0.02098917565324442 0
0.0807642328522972 0.04620382420096756 0
0.09657926048199331 0.03831080325724133 0
0.0720759955977249 0.01008756040484738 0
0.1124999460863842 0.03672493721910062 0
0.1061064733465107 0.01144177576083 0
0.06178487419007681 0.03280085955214094 0
0.1094066293973471 0.03493723863020715 0
0.09767767710261047 0.03134104685582662 0
0.1045884251341715 0.04532261034314067 0
0.06193343249439207 0.01289628060433877 0
0.1046377626188175 0.0127745458785193 0
0.1084962139232409 0.01200988060731687 0
0.1062904269137844 0.02652981207192945 0
0.1065615334525814 0.002167021150446263 0
0.08607149111224052 0.04510135201173615 0
0.1171911211677589 0.01836887502892302 0
0.0632551463012998 0.04666538226563887 0
0.06508462231675149 0.002000849864179407 0
0.07780340930717149 0.01222535742416235 0
0.0976755498046334 0.04934096141277098 0
0.09646599493404129 0.02592602560264064 0
0.09729255605817369 0.003685463162103905 0
0.07978159394184589 0.0006761553230301853 0
0.08184692324886685 0.04331486682419904 0
0.07440319832751899 0.02885362481633566 0
0.06159313167218178 0.00932568544527573 0
0.1179727661161672 0.01724215168563392 0
0.08121444573025932 0.046927888342811 0
0.1060806611293054 0.02074383856260868 0
0.09968970119766615 0.04378457309298122 0
0.08620520382651806 0.02863785257523981 0
0.06611940978925658 0.02952559397596606 0
0.09018310472725753 0.02445442208655249 0
0.08590656429176602 0.01503709298282411 0
0.08878093550297994 0.0115714984706566 0
0.09250000000007415 0.04946457644721322 0
0.1071445799103423 0.03071567942768115 0
0.06152509223235159 0.005576669335569568 0
0.0834420551021641 0.003075681045900901 0
0.0701873048689686 0.0204454872184442 0
0.07782580006739971 0.02933019010911329 0
0.117848453808107 0.04372169480798531 0
0.06718309432538043 0.04689095845882638 0
0.07113578149199672 0.03209063936966557 0
0.09768404968738713 0.01988567634895187 0
0.117849438311688 0.006280624021379336 0
0.07328741149438978 0.02387083891461988 0
0.09113794301422461 0.02803600905959818 0
0.07261353610759817 0.0147714282179273 0
0.0646540149930817 0.0399068295243367 0
0.07308941375774004 0.02766398996880256 0
0.1050420738033959 0.04854282795492617 0
0.0680493457573664 0.03167340263405357 0
0.08947789233767586 0.009924591043846813 0
0.09584617250224686 0.003807658819725358 0
0.08443939205189092 0.0006320808100614434 0
0.06720843008733419 0.01226708027241997 0
0.09203692086910431 0.04522105753900559 0
0.09043760165607394 0.01580412802416524 0
0.07954110408804212 0.01379868687550074 0
0.1053789223207399 0.005292435229225221 0
0.06422767654202934 0.03265538669347839 0
0.1009499673071913 0.04927183998379944 0
0.08133238789170155 0.004065021687876229 0
0.09542129362644652 0.03451431660156089 0
0.07108892947064346 0.01937536805062918 0
0.1077111890594394 0.03580111908402121 0
0.09787688256598592 0.02253178031920234 0
0.08593621455341793 0.0438128251777827 0
0.1155835324103949 0.0437711887943343 0
0.06754950292675382 0.03245457214323094 0
0.09489206573843724 0.01943650076396599 0
0.0769986366396819 0.04257599980409255 0
0.1091444913670669 0.01501070299873774 0
0.06061391584226147 0.006392910737596375 0
0.07443330533403897 0.02740014344275655 0
0.09463816681226432 0.02707658489705157 0
0.07662814329921769 0.03144818330803644 0
0.08479607930623151 0.02224185711844046 0
0.07073102882854491 0.007320799246572109 0
0.06438841273916462 0.02395348247890308 0
0.1162398231005911 0.01529385379179641 0
0.0851247652133708 0.03048076682413941 0
0.09754077633996736 0.01797134030897359 0
0.07865435189002321 0.0175707150524067 0
0.1005182929268549 0.04497415355687431 0
0.1152994266474445 0.02383087457841107 0
0.06969937023192246 0.02688206510460748 0
0.06646378986619651 0.04788407477435682 0
0.09604401482409872 0.01110244368164395 0
0.09871353487353374 0.02258994150661775 0
0.1149905542538211 0.03517043494110522 0
0.09648666874491187 0.01983025027837949 0
0.09397740072987035 0.02249775980393384 0
0.101429701910981 0.03378209316206816 0
0.08275322970144583 0.02514420354560501 0
0.07135382288222825 0.03092410997051585 0
0.07029217509085421 0.04167849343253877 0
0.1093818879402152 0.02102164937500564 0
0.08941100550166151 0.03021822876548748 0
0.116398684854529 0.008618885611076321 0
0.116398811239015 0.04138323857527517 0
0.08369655034728735 0.004372456623847299 0
0.0795221999864015 0.008982756380615282 0
0.1030247222608355 0.02414039761535645 0
0.09862879629904259 0.04929927366407204 0
0.1047582174418257 0.0467219575017818 0
0.09131152014963476 0.03529877444550664 0
0.07024160877271027 0.0112885220769063 0
0.08399381829666157 0.01147515086511394 0
0.0701753064135917 0.01260083549747175 0
0.09577889780758975 0.044311208241902 0
0.0756938634345635 0.04273757090827996 0
0.1100851668365103 0.03546842075595656 0
0.1035466022623726 0.02171826478527627 0
0.1100892027551287 0.04619948908862979 0
0.06165228364899064 0.02846131017242026 0
0.06685164932109912 0.04287631952935245 0
0.08121364428788141 0.0198779909589224 0
0.09724293490595491 0.00236020511255419 0
0.0606122943364055 0.02943286874188457 0
0.07108077570303176 0.003156619983948524 0
0.0923896715852682 0.0229663183963926 0
0.1099662731661787 0.0163555418875837 0
0.08558818923279977 0.01743679161498644 0
0.06322527213961106 0.001813236036894704 0
0.06146479441773625 0.04500203387122489 0
0.09769446247584103 0.01915033825705061 0
0.08456962819696748 0.04340310315698933 0
0.08425392492046661 0.03425513425742133 0
0.08321801352876586 0.03229827465577446 0
0.08488142480187205 0.01949019607351572 0
0.1055944539605817 0.006528961123652098 0
0.06487775463451556 0.005032984840602254 0
0.1113754830275389 0.03846034697610621 0
0.1125255620183358 0.02678101145287833 0
0.09380217682040859 0.04633153644077929 0
0.1056020182813515 0.01864343111751048 0
0.08429404306909186 0.003114153103540893 0
0.06995415757533807 0.04278856147327013 0
0.09931149742084538 0.01524490032385736 0
0.09261890702194588 0.003836213151724359 0
0.1064610279167139 0.004598705041180686 0
0.0965263828439096 0.007233071507780843 0
0.07607287228269791 0.003242143150130656 0
0.1034797274171384 0.04705869613397731 0
0.08608621755457643 0.04740464001418274 0
0.1124853221678365 0.005417649857948271 0
0.114771302239445 0.02080439725526109 0
0.06385618143093216 0.04547908375224143 0
0.06831427060639692 0.04308785386098412 0
0.08330442317523981 0.02568767821717383 0
0.1159550689897848 0.02107154385366071 0
0.06440838001362789 0.01659433424250743 0
0.06955146350651252 0.04673876985397996 0
0.0751459987241009 0.0386483243946524 0
0.07553509046178464 0.004000913309368686 0
0.06068456237070798 0.02321219132142324 0
0.1018726316187796 0.008939269077513553 0
0.09898607680584701 0.03802106951721935 0
0.09321499834499374 0.04822359380498327 0
0.1103855011341612 0.004065952141356682 0
0.07534353382611718 0.04048525413096823 0
0.09852597003127163 0.03938126462915822 0
0.09528298180506369 0.007747744653047154 0
0.07289859586653787 0.04382400681001229 0
0.06849999999998156 0.0005172523182928317 0
0.09050590726131971 0.04942366475431293 0
0.06058754087226089 0.01848673541977746 0
0.07292177654449422 0.02897178692945592 0
0.1101775534252409 0.01019221155879056 0
0.1009834124834384 0.02371338296198115 0
0.1161266422632311 0.01398576846416198 0
0.09961547068211918 0.005455162575870259 0
0.1171795780408445 0.009927206828065891 0
0.1172129343280949 0.04002137224763684 0
0.1105106343356387 0.02191231588320357 0
0.1135697493430814 0.0344416039922809 0
0.06844476023745472 0.02522551066675839 0
0.09187006454946588 0.01613391153276767 0
0.1005664683475444 0.01057587640152126 0
0.07794229024382086 0.01873622083920139 0
0.06911810997248655 0.04044708390800707 0
0.06358042180292213 0.005436120553666823 0
0.1141920160763566 0.03758158392608485 0
0.0660704098255273 0.02772887885888017 0
0.07471361910147675 0.04561429206289127 0
0.1073409751725268 0.04745383477412883 0
0.08997028772074621 0.02073731964160415 0
0.1108142097922885 0.04511756628484117 0
0.08175358052666855 0.04184735868267826 0
0.08251437661101069 0.04217362971463857 0
0.08650964007499412 0.0364038606466392 0
0.09648381523433253 0.02458714185904404 0
0.07990524466998317 0.02195423437748442 0
0.1009263517198224 0.01703066490389456 0
0.07779713158353083 0.02609343030163979 0
0.09450076289296939 0.04052154515622853 0
0.08972646424954357 0.0426629647979967 0
0.1095157962612385 0.007109339350926425 0
0.09262672362106679 0.02451364598838566 0
0.07744625241870688 0.01441533981309256 0
0.1020273056265132 0.03285500676910556 0
0.09967725640614794 0.01998263800018101 0
0.06429068648069279 0.003460144131398626 0
0.1011388781458787 0.04702746772828988 0
0.08685826764633764 0.04617806010731026 0
0.06941764909914835 0.04564896684982318 0
0.1119621959133514 0.04185719522879811 0
0.09061063647130009 0.012518884561571 0
0.1165727364704704 0.006366187384493394 0
0.1015844475091191 0.02864749413131248 0
0.08044112434854693 0.03042005115947258 0
0.06509151706587359 0.0473870476251937 0
0.1098079026002731 0.02234705732639228 0
0.09046418472267181 0.03899881055294454 0
0.09507442751421501 0.0266333409331233 0
0.1076651819699943 0.01641836408250462 0
0.07207493198402687 0.007133537531094239 0
0.1036975598408946 0.02699452243012663 0
0.08892718525485539 0.03707925025666099 0
0.06813121593374888 0.01871169226744477 0
0.1009012766418989 0.04853059148232357 0
0.1144938548812401 0.0005592978884570791 0
0.07487027060783563 0.03946143920282434 0
0.1092664947504485 0.04840644351772893 0
0.09028054841195476 0.01776330488249284 0
0.08570371758078053 0.02739798044245319 0
0.08149999999994267 0.000511393455994041 0
0.06178738453025016 0.04630284240435076 0
0.06173692595878675 0.04709267943859925 0
0.1110094282757973 0.02437904735295397 0
0.1114267158084723 0.02494443728246116 0
0.076669906016652 0.0150469653994099 0
0.09591720859543296 0.006594940477656655 0
0.1120142850733305 0.01326451393458666 0
0.0810872047285047 0.007124215468504496 0
0.0753756927721581 0.02010748841372787 0
0.1169885937442471 0.02839630926158633 0
0.08145421844549522 0.008546524969391074 0
0.07785980914140206 0.03061935154175971 0
0.06860073325124771 0.03749835726320911 0
0.0879316040380075 0.00722758826451548 0
0.08821650391459238 0.001596896387335113 0
0.07240191972462859 0.03688387111470325 0
0.1156536346489565 0.03727099762392082 0
0.1012726530425685 0.02719918642689624 0
0.09920739828981597 0.0112243706567183 0
0.07086457413975095 0.03799835300017346 0
0.06368460856023643 0.009902753152029908 0
0.09023231160474465 0.02589888461548588 0
0.06145024731621884 0.0005657843910723897 0
0.08573021721996572 0.02336084120976268 0
0.1091938252889442 0.03119814858918547 0
0.1001499017925023 0.03837478316554437 0
0.06892427081846503 0.02925371563702247 0
0.1153694192093106 0.02208506731392691 0
0.09861870836238537 0.03035544290300649 0
0.09554573645299953 0.02893495966533971 0
0.1077629038414338 0.03923179355462115 0
0.06304885841489646 0.02785619687520366 0
0.09064144079254444 0.01070110510805777 0
0.09422171909554485 0.04426098387445742 0
0.1116674916192896 0.01770956520214055 0
0.08959920409692593 0.02557299284673749 0
0.1034181505396776 0.02561589608454946 0
0.07953854812020425 0.04226486258930676 0
0.07894924597844996 0.007833013310542964 0
0.1170455979461084 0.007343857735070929 0
0.1082389957736688 0.007235177844141466 0
0.06057185613249437 0.02555872156149546 0
0.09662426770849208 0.04443825004108621 0
0.07325715175424753 0.007615430252376071 0
0.1048440612047307 0.01756427452520434 0
0.06171489578213561 0.04282172856568187 0
0.09335961854782443 0.02383348914365625 0
0.08332911786390772 0.01098091373931674 0
0.07998830357328908 0.009825189766739855 0
0.06300064957831986 0.01470094741238858 0
0.1058685726219856 0.0292849714332021 0
0.08190666970634897 0.001641520712073232 0
0.09335040455917279 0.0310502399054051 0
0.08538423588316815 0.02685598601792519 0
0.1078979161555937 0.03835961498213386 0
0.06678392228238965 0.009221174743115344 0
0.108090114608734 0.01949744808737827 0
0.07170993050114027 0.004254934668945312 0
0.06315161818789566 0.0433131763298917 0
0.09033269674938633 0.00551464241668834 0
0.07579026369257227 0.01880143447874483 0
0.1041693753618934 0.02464691266309787 0
0.083251722331046 0.04181233261053473 0
0.0744999999999609 0.0005023717156947278 0
0.1047919280102146 0.03016916448658127 0
0.06385112232132358 0.02765450659929836 0
0.07694873206437557 0.04848212864473739 0
0.09871578728388375 0.04488042776786338 0
0.06443557176964158 0.01091538495586291 0
0.09335125119528043 0.0277152361384444 0
0.07025106863177684 0.01962335508893859 0
0.09052474098393265 0.02901831562504345 0
0.07323284134592331 0.02840562266919232 0
0.08581518514036296 0.006603775465335505 0
0.06416701030842467 0.04478073898463642 0
0.1005316870666037 0.003988020528641827 0
0.0911150585086718 0.01873533063732835 0
0.06925421577603749 0.005614700332507006 0
0.1026862747538612 0.0221435495861947 0
0.06297858038307785 0.003262108547732821 0
0.08819104334850034 0.0442476042712829 0
0.07783313966782759 0.008437954317392369 0
0.1016810522186532 0.03201481171871318 0
0.1194881675042316 0.04948816750423059 0
0.1194342022968084 0.0005135142221567032 0
0.1184999999999963 0.0005002187843447491 0
0.06824267793743594 0.04928278430951884 0
0.1134890518963013 0.00249833060542831 0
0.09256835958351387 0.01915920938594462 0
$EndNodes
$Elements
5 8166 1 8166
1 1 1 60
1 1 5 
2 5 6 
3 6 7 
4 7 8 
5 8 9 
6 9 10 
7 10 11 
8 11 12 
9 12 13 
10 13 14 
11 14 15 
12 15 16 
13 16 17 
14 17 18 
15 18 19 
16 19 20 
17 20 21 
18 21 22 
19 22 23 
20 23 24 
21 24 25 
22 25 26 
23 26 27 
24 27 28 
25 28 29 
26 29 30 
27 30 31 
28 31 32 
29 32 33 
30 33 34 
31 34 35 
32 35 36 
33 36 37 
34 37 38 
35 38 39 
36 39 40 
37 40 41 
38 41 42 
39 42 43 
40 43 44 
41 44 45 
42 45 46 
43 46 47 
44 47 48 
45 48 49 
46 49 50 
47 50 51 
48 51 52 
49 52 53 
50 53 54 
51 54 55 
52 55 56 
53 56 57 
54 57 58 
55 58 59 
56 59 60 
57 60 61 
58 61 62 
59 62 63 
60 63 2 
1 2 1 50
61 2 64 
62 64 65 
63 65 66 
64 66 67 
65 67 68 
66 68 69 
67 69 70 
68 70 71 
69 71 72 
70 72 73 
71 73 74 
72 74 75 
73 75 76 
74 76 77 
75 77 78 
76 78 79 
77 79 80 
78 80 81 
79 81 82 
80 82 83 
81 83 84 
82 84 85 
83 85 86 
84 86 87 
85 87 88 
86 88 89 
87 89 90 
88 90 91 
89 91 92 
90 92 93 
91 93 94 
92 94 95 
93 95 96 
94 96 97 
95 97 98 
96 98 99 
97 99 100 
98 100 101 
99 101 102 
100 102 103 
101 103 104 
102 104 105 
103 105 106 
104 106 107 
105 107 108 
106 108 109 
107 109 110 
108 110 111 
109 111 112 
110 112 3 
1 3 1 60
111 3 113 
112 113 114 
113 114 115 
114 115 116 
115 116 117 
116 117 118 
117 118 119 
118 119 120 
119 120 121 
120 121 122 
121 122 123 
122 123 124 
123 124 125 
124 125 126 
125 126 127 
126 127 128 
127 128 129 
128 129 130 
129 130 131 
130 131 132 
131 132 133 
132 133 134 
133 134 135 
134 135 136 
135 136 137 
136 137 138 
137 138 139 
138 139 140 
139 140 141 
140 141 142 
141 142 143 
142 143 144 
143 144 145 
144 145 146 
145 146 147 
146 147 148 
147 148 149 
148 149 150 
149 150 151 
150 151 152 
151 152 153 
152 153 154 
153 154 155 
154 155 156 
155 156 157 
156 157 158 
157 158 159 
158 159 160 
159 160 161 
160 161 162 
161 162 163 
162 163 164 
163 164 165 
164 165 166 
165 166 167 
166 167 168 
167 168 169 
168 169 170 
169 170 171 
170 171 4 
1 4 1 50
171 4 172 
172 172 173 
173 173 174 
174 174 175 
175 175 176 
176 176 177 
177 177 178 
178 178 179 
179 179 180 
180 180 181 
181 181 182 
182 182 183 
183 183 184 
184 184 185 
185 185 186 
186 186 187 
187 187 188 
188 188 189 
189 189 190 
190 190 191 
191 191 192 
192 192 193 
193 193 194 
194 194 195 
195 195 196 
196 196 197 
197 197 198 
198 198 199 
199 199 200 
200 200 201 
201 201 202 
202 202 203 
203 203 204 
204 204 205 
205 205 206 
206 206 207 
207 207 208 
208 208 209 
209 209 210 
210 210 211 
211 211 212 
212 212 213 
213 213 214 
214 214 215 
215 215 216 
216 216 217 
217 217 218 
218 218 219 
219 219 220 
220 220 1 
2 1 2 7946
221 1667 390 1848 
222 836 1667 1848 
223 1694 372 1788 
224 1194 484 3719 
225 593 1416 1504 
226 1366 546 1555 
227 227 2715 3148 
228 1626 974 2252 
229 407 1626 2252 
230 1367 327 2176 
231 491 1618 2744 
232 1679 284 2170 
233 966 1679 2170 
234 432 1385 1554 
235 656 1232 4040 
236 256 1373 2824 
237 1373 1007 2824 
238 2187 1010 2278 
239 1253 891 2901 
240 1572 674 1822 
241 1622 322 1861 
242 1243 478 2573 
243 1274 640 1763 
244 415 1274 1763 
245 1273 281 2372 
246 1711 190 2245 
247 1663 576 3753 
248 707 1309 1945 
249 443 2018 3525 
250 1506 338 2852 
251 1256 753 2196 
252 509 1256 2196 
253 623 1262 1729 
254 1262 364 1729 
255 281 1285 2746 
256 1285 919 2746 
257 2559 869 3406 
258 988 2429 2572 
259 1154 697 1995 
260 1219 1392 3586 
261 1392 535 3586 
262 1614 915 2364 
263 1539 2370 2534 
264 1167 543 1892 
265 661 1222 1684 
266 1426 319 2641 
267 1415 340 1601 
268 697 1154 1990 
269 102 1865 3125 
270 869 1629 3406 
271 2659 428 2964 
272 1687 722 3274 
273 1385 522 1900 
274 967 1743 2841 
275 1599 847 2311 
276 327 1401 2176 
277 1300 706 1590 
278 659 1226 1916 
279 1226 516 1916 
280 1524 348 1580 
281 665 1524 1580 
282 2678 1381 3733 
283 866 1932 2276 
284 1481 669 1483 
285 579 1481 1483 
286 1261 1921 3581 
287 186 187 1323 
288 1231 496 2166 
289 731 1266 1628 
290 1521 124 2648 
291 575 1564 3825 
292 958 2185 2442 
293 496 1233 2166 
294 1612 1174 3105 
295 713 1385 1900 
296 1233 303 2285 
297 481 1268 3915 
298 639 1175 2045 
299 2495 607 2755 
300 2713 630 3384 
301 1945 1511 3193 
302 1258 232 1787 
303 685 1230 2008 
304 1230 232 2008 
305 1053 1826 2577 
306 1378 686 1565 
307 369 1378 1565 
308 1472 818 1759 
309 338 2616 2852 
310 1307 578 1605 
311 624 1314 1671 
312 2005 996 2102 
313 1860 656 4040 
314 1484 321 2356 
315 123 124 1521 
316 446 1487 2855 
317 1487 1080 2855 
318 737 2017 2776 
319 497 1208 2618 
320 2106 1067 2360 
321 2125 309 2403 
322 598 1291 1639 
323 3087 2401 3689 
324 1349 1663 3753 
325 496 1231 2948 
326 1235 239 1887 
327 1743 967 2865 
328 1385 713 1554 
329 105 106 1781 
330 70 71 1780 
331 1578 895 2602 
332 327 1367 2529 
333 1225 471 1890 
334 1213 368 1753 
335 1906 976 1961 
336 388 1906 1961 
337 1313 673 2043 
338 543 1167 2013 
339 1271 571 1831 
340 314 3150 3863 
341 2053 1365 2946 
342 3150 314 3696 
343 1229 1687 3274 
344 1713 1034 2620 
345 645 1402 1666 
346 1402 361 1666 
347 1175 639 1967 
348 1773 1245 3025 
349 2343 317 2587 
350 270 1203 3951 
351 657 1252 1669 
352 644 1342 1806 
353 1265 481 2190 
354 1325 697 2178 
355 2641 319 3201 
356 1447 585 2486 
357 1593 11 2375 
358 793 1951 2076 
359 1456 833 2895 
360 1350 549 1825 
361 209 1277 2737 
362 2018 1119 3525 
363 174 1248 2086 
364 1751 630 2713 
365 2085 469 2088 
366 1099 2085 2088 
367 1250 277 2474 
368 571 1271 2086 
369 1256 509 3117 
370 481 1272 2190 
371 833 2287 2895 
372 1009 2091 2117 
373 1232 656 1725 
374 1637 769 1758 
375 635 1637 1758 
376 2301 354 2576 
377 584 1413 3652 
378 1783 953 3017 
379 754 1424 1605 
380 1043 1504 2837 
381 489 1306 2153 
382 1564 1331 3825 
383 584 1612 3105 
384 325 1773 3025 
385 2153 1306 3318 
386 953 1783 3041 
387 1401 955 2176 
388 90 91 1332 
389 750 2153 3318 
390 77 78 1363 
391 94 95 1784 
392 1613 1037 3103 
393 1223 805 2368 
394 102 103 1865 
395 1413 2976 3652 
396 264 1462 1801 
397 1291 598 3004 
398 1598 739 3068 
399 2837 1504 3978 
400 2598 201 2679 
401 718 1207 1845 
402 45 46 1343 
403 767 1694 1788 
404 150 151 1344 
405 1277 209 2043 
406 773 1480 1724 
407 1381 331 1653 
408 1015 2347 2373 
409 284 1266 2170 
410 1266 731 2170 
411 346 3040 3106 
412 1578 2602 3414 
413 728 1213 1799 
414 1599 2311 3136 
415 1899 737 2776 
416 1756 748 2301 
417 1023 1756 2301 
418 612 1305 3516 
419 1493 583 3350 
420 1485 600 1894 
421 1646 3196 3255 
422 1138 1620 2683 
423 1445 585 1545 
424 105 1781 2663 
425 1780 71 2662 
426 1646 251 3196 
427 544 2678 3733 
428 567 1388 1596 
429 851 1346 2088 
430 1267 626 1706 
431 327 2529 3275 
432 681 2005 2102 
433 1335 901 2778 
434 330 1517 2320 
435 1517 893 2320 
436 1592 346 3106 
437 670 1181 2042 
438 2024 2457 3338 
439 1618 491 2548 
440 1388 257 1884 
441 696 1388 1884 
442 1160 2598 2679 
443 845 2106 2360 
444 491 1195 2253 
445 190 191 2245 
446 1206 541 2130 
447 1243 634 1828 
448 478 1243 1828 
449 822 1672 1875 
450 1672 661 1875 
451 809 1515 2059 
452 1515 563 2059 
453 1306 283 3318 
454 371 1706 2328 
455 527 1511 1945 
456 613 1334 1624 
457 1181 670 2574 
458 1046 1482 2970 
459 1262 623 1772 
460 488 1262 1772 
461 562 1899 2090 
462 1899 1008 2090 
463 1757 519 3539 
464 248 1377 1745 
465 1234 892 1768 
466 1424 3921 3974 
467 3009 1493 3350 
468 1605 1424 3974 
469 648 1519 1963 
470 1510 225 3047 
471 342 1337 2071 
472 1301 624 1671 
473 1204 2790 3723 
474 281 1273 1721 
475 1273 684 1721 
476 398 1614 2364 
477 717 1934 2927 
478 787 1442 3343 
479 1365 2053 3547 
480 517 1395 3293 
481 1395 1120 3293 
482 1308 645 1666 
483 2923 643 3364 
484 1647 690 1842 
485 797 1647 1842 
486 1022 2363 2622 
487 1843 1276 3398 
488 601 2960 3150 
489 301 1389 3673 
490 1195 491 2744 
491 94 1784 3214 
492 2410 853 3046 
493 1700 481 3915 
494 607 1723 2755 
495 1442 2006 3343 
496 1409 794 1734 
497 503 1409 1734 
498 1416 593 1604 
499 1144 2742 2759 
500 1326 259 2314 
501 1439 832 2289 
502 1427 571 1594 
503 658 1445 3478 
504 2322 1188 2781 
505 10 11 1593 
506 1329 318 1680 
507 619 1329 1680 
508 1285 281 1721 
509 611 1333 3446 
510 2024 925 2457 
511 1348 568 2875 
512 310 2001 2404 
513 2831 278 3836 
514 1356 120 2178 
515 641 3130 3424 
516 2053 357 3547 
517 1855 371 2328 
518 612 1434 3608 
519 732 1501 2268 
520 1826 247 2577 
521 345 2179 3034 
522 2091 733 2117 
523 261 2333 3256 
524 3047 225 3619 
525 1533 3076 3269 
526 2960 1283 3150 
527 2905 605 3245 
528 248 1370 3506 
529 1163 2102 2833 
530 1034 1713 2929 
531 1395 517 2687 
532 2939 1156 3423 
533 1806 1342 2983 
534 1629 618 2944 
535 1377 248 3506 
536 1622 1861 3253 
537 1699 2487 3023 
538 492 1369 3202 
539 1369 1072 3202 
540 722 1687 3731 
541 1832 1381 2678 
542 1794 631 1839 
543 859 1794 1839 
544 1106 2343 2587 
545 1442 319 2006 
546 678 1265 3231 
547 1351 604 2973 
548 870 1550 2215 
549 1550 234 2215 
550 1211 466 2060 
551 863 2107 2525 
552 612 3608 3666 
553 206 207 1523 
554 1409 503 2463 
555 815 1218 2613 
556 372 2099 2330 
557 1760 641 3424 
558 734 1960 2656 
559 861 1453 1881 
560 444 2187 2278 
561 1384 379 2633 
562 1371 611 3446 
563 618 2175 2944 
564 1553 613 3387 
565 1393 526 1816 
566 678 1393 1816 
567 892 1234 2853 
568 713 1900 2615 
569 1349 329 1663 
570 776 1566 1763 
571 1868 2621 2902 
572 2070 1383 3762 
573 2665 1958 3650 
574 1395 2687 2903 
575 2509 1886 2747 
576 1400 290 3880 
577 613 1624 3387 
578 1090 2665 3650 
579 853 1641 3046 
580 484 1194 2084 
581 432 1554 4060 
582 305 1533 3269 
583 1230 685 1851 
584 1951 718 2076 
585 664 1656 2004 
586 1015 1303 2347 
587 450 2500 3104 
588 599 1468 2266 
589 1565 686 1648 
590 657 1565 1648 
591 983 1342 2916 
592 1342 482 2916 
593 1434 612 3516 
594 1355 991 1884 
595 1800 586 3710 
596 466 1211 2653 
597 714 2053 2946 
598 428 1576 2964 
599 1335 2778 3099 
600 569 1512 2132 
601 1286 245 1813 
602 1539 262 2370 
603 1445 1545 3478 
604 322 1257 1861 
605 1257 636 1861 
606 2356 321 2902 
607 1836 1190 2689 
608 1671 1314 3547 
609 1615 741 2179 
610 1934 1122 2927 
611 1450 371 1885 
612 712 1450 1885 
613 1442 787 2459 
614 2715 1145 3148 
615 668 1843 3398 
616 1150 2279 2476 
617 1190 1836 2830 
618 852 1886 2509 
619 1454 1197 3541 
620 550 1454 3541 
621 632 1353 2418 
622 1482 312 2970 
623 281 1488 2372 
624 515 1213 3192 
625 1213 728 2614 
626 2790 269 3723 
627 1245 1773 3262 
628 1970 766 2751 
629 603 1440 1955 
630 1337 342 1701 
631 1620 1138 3655 
632 509 1300 3527 
633 1156 2274 3423 
634 1844 2624 3393 
635 999 1945 3193 
636 697 1325 1995 
637 720 1448 4008 
638 1462 2367 3041 
639 600 1485 1591 
640 1218 815 2645 
641 469 2308 2539 
642 1260 316 1811 
643 825 2181 2575 
644 1389 1717 3673 
645 236 1681 2276 
646 469 1216 2308 
647 357 1671 3547 
648 1967 1161 2426 
649 364 1262 2262 
650 541 1206 2543 
651 333 2774 2836 
652 316 1260 2609 
653 545 3087 3689 
654 1836 914 2830 
655 3062 1998 3430 
656 860 1836 2689 
657 640 1274 2636 
658 2102 996 2474 
659 1252 657 3596 
660 1921 506 3581 
661 1220 666 2957 
662 1373 256 1914 
663 1325 2178 3195 
664 688 1585 1586 
665 1585 616 1586 
666 613 1317 3093 
667 653 2465 3279 
668 1334 3810 3863 
669 943 2357 2468 
670 645 1308 1910 
671 625 1641 3100 
672 1472 573 3120 
673 1213 515 2632 
674 1431 617 3243 
675 2466 654 3297 
676 1718 595 2647 
677 665 1636 1982 
678 1624 1334 3863 
679 1216 469 3237 
680 935 1438 2159 
681 1835 413 1965 
682 900 1835 1965 
683 645 1253 1846 
684 522 1385 3147 
685 625 3100 3138 
686 1620 936 2683 
687 1208 497 2063 
688 1523 207 2981 
689 1372 61 2555 
690 1495 333 2836 
691 1721 684 1948 
692 1640 217 2697 
693 1518 524 3909 
694 3318 283 3594 
695 1586 616 2867 
696 720 1530 2023 
697 1530 720 4008 
698 290 1531 3880 
699 2137 713 2615 
700 568 1458 2875 
701 2279 349 2476 
702 633 1315 1795 
703 1315 505 1795 
704 349 1540 2425 
705 278 2087 3836 
706 715 1358 3554 
707 669 1824 1987 
708 1824 904 1987 
709 1277 673 2304 
710 1360 1518 3909 
711 1334 613 3093 
712 1236 670 2042 
713 2308 1093 2539 
714 1773 627 3262 
715 605 1561 3245 
716 2285 303 2456 
717 277 1250 2157 
718 1804 654 2466 
719 653 1803 2465 
720 2649 1113 2880 
721 1296 363 1797 
722 1385 1043 3147 
723 2647 595 2935 
724 1357 1800 3710 
725 1527 965 1992 
726 272 1830 3299 
727 516 1226 1968 
728 319 1532 2006 
729 1287 244 2871 
730 709 1327 2051 
731 1327 386 2051 
732 1203 270 4012 
733 114 115 1632 
734 2486 585 2868 
735 1341 981 1944 
736 367 1292 2597 
737 1441 255 4084 
738 1506 776 2849 
739 2987 625 3138 
740 1451 601 3715 
741 261 1270 2333 
742 313 1844 3393 
743 1517 330 1747 
744 312 1482 1637 
745 1482 769 1637 
746 1330 378 2493 
747 272 1465 1830 
748 1346 399 2123 
749 1380 622 1722 
750 563 1515 1823 
751 1125 2125 2224 
752 2125 554 2224 
753 1491 1018 2158 
754 339 1491 2158 
755 2338 410 2669 
756 1574 212 2971 
757 1323 187 3065 
758 906 1397 2843 
759 1228 2924 3158 
760 714 1221 2053 
761 626 1267 1874 
762 1868 629 2621 
763 2102 277 2833 
764 1548 775 2629 
765 781 1382 3873 
766 1209 2863 3689 
767 1207 718 3118 
768 2684 1182 2845 
769 1174 1612 3766 
770 805 1223 2619 
771 634 1243 2069 
772 297 2070 3762 
773 350 1300 2454 
774 1469 224 1725 
775 656 1469 1725 
776 1862 476 2386 
777 1073 1862 2386 
778 1297 661 3771 
779 1638 793 2124 
780 1222 661 2726 
781 452 1606 1736 
782 1606 804 1736 
783 733 1735 2117 
784 761 1728 1729 
785 1728 623 1729 
786 2594 2065 3453 
787 245 1286 1852 
788 666 1220 2626 
789 1597 1121 2611 
790 327 1588 1705 
791 1509 227 3148 
792 888 1705 2484 
793 1710 2505 3283 
794 938 1696 2551 
795 964 2289 2493 
796 1572 1822 3210 
797 1536 531 1735 
798 724 1339 2155 
799 1226 659 3126 
800 1253 645 1910 
801 389 1562 2327 
802 1626 580 1905 
803 627 1353 3371 
804 1998 679 3430 
805 519 1757 2552 
806 1286 629 1852 
807 2023 1530 3238 
808 1141 2220 2739 
809 1250 2474 3361 
810 1379 285 2081 
811 2571 1069 3645 
812 232 2322 2781 
813 1221 714 2101 
814 2551 1696 3856 
815 482 1342 3286 
816 1905 580 3858 
817 1363 542 3036 
818 368 1213 2614 
819 2015 2820 3449 
820 1439 2289 3952 
821 2109 898 2420 
822 601 1451 2960 
823 216 217 1640 
824 1846 1253 2901 
825 611 1371 2098 
826 303 1233 2302 
827 253 1317 2288 
828 2863 1428 3689 
829 426 1806 2983 
830 1407 705 2035 
831 2367 953 3041 
832 1077 1598 3068 
833 2037 261 3256 
834 1681 236 3456 
835 684 1273 2075 
836 1273 486 2075 
837 937 1744 2885 
838 1891 1451 3715 
839 1926 523 2582 
840 1166 1926 2582 
841 745 1383 1750 
842 1393 678 3231 
843 1601 340 2761 
844 583 1493 1635 
845 636 1257 4019 
846 1579 228 1891 
847 751 1579 1891 
848 255 1587 4084 
849 616 1901 2867 
850 1353 627 1773 
851 1394 16 2537 
852 723 1855 2293 
853 1834 734 2656 
854 1317 253 3167 
855 919 1285 2784 
856 1892 1194 3719 
857 611 1345 2258 
858 54 55 1810 
859 2484 1705 3445 
860 40 41 1582 
861 421 1597 2611 
862 2159 1438 3806 
863 212 213 2971 
864 1894 600 3078 
865 1139 1999 2888 
866 244 1287 1996 
867 1324 625 2987 
868 1321 493 2251 
869 1259 365 2567 
870 1455 410 2338 
871 1204 2753 2994 
872 1920 251 2319 
873 1062 1920 2319 
874 1597 421 1950 
875 778 1597 1950 
876 1353 632 3336 
877 1318 699 2066 
878 487 1318 2066 
879 1346 851 3268 
880 616 1585 3311 
881 2145 592 3101 
882 1677 840 1678 
883 594 1677 1678 
884 1744 937 2907 
885 1037 1613 2848 
886 1124 1536 3372 
887 743 1423 2358 
888 1449 715 3554 
889 471 1225 2152 
890 285 1618 1969 
891 1618 796 1969 
892 1286 491 2253 
893 1203 2049 3951 
894 1415 1601 3666 
895 239 1235 3520 
896 1830 1239 3299 
897 7 1490 2549 
898 588 1699 3023 
899 20 1423 2352 
900 1326 608 1809 
901 1249 476 2732 
902 77 1363 1869 
903 623 1425 2192 
904 604 1351 2580 
905 332 1310 2115 
906 161 1494 2985 
907 1378 632 1779 
908 386 1327 2094 
909 1275 2923 3364 
910 1265 678 2067 
911 481 1265 2067 
912 1472 3120 3628 
913 1295 886 2890 
914 1585 2824 3311 
915 632 1378 3336 
916 1384 2633 3767 
917 775 2168 2629 
918 1909 643 2923 
919 657 2037 2673 
920 1482 1046 3370 
921 909 1931 1946 
922 1931 782 1946 
923 393 2129 3457 
924 1971 774 2158 
925 1018 1971 2158 
926 2417 354 3634 
927 670 1236 2700 
928 1262 488 2797 
929 1639 1291 3489 
930 352 1639 3489 
931 2127 904 2154 
932 1544 342 2071 
933 3372 1536 3684 
934 1337 3273 3871 
935 652 1290 3165 
936 2623 335 4007 
937 1455 881 2533 
938 410 1455 2533 
939 511 1466 1919 
940 1314 624 3102 
941 935 1350 2947 
942 1335 1040 2239 
943 264 1801 3276 
944 2753 948 2994 
945 617 1643 3243 
946 1373 604 2580 
947 891 1253 2541 
948 232 1258 2008 
949 1130 2015 3449 
950 1301 1671 2899 
951 927 1432 3519 
952 1460 975 2797 
953 488 1460 2797 
954 1609 311 3052 
955 764 1400 2617 
956 505 2159 3806 
957 1224 2987 3138 
958 1233 582 2166 
959 2184 1097 2908 
960 958 1858 2185 
961 570 1989 2795 
962 1989 1251 2795 
963 1499 464 2354 
964 858 1499 2354 
965 3145 1683 3724 
966 335 2623 3500 
967 1322 836 4055 
968 1410 795 3620 
969 1214 1580 3711 
970 1569 430 1808 
971 745 1569 1808 
972 232 1230 2322 
973 1266 284 3189 
974 1391 343 2113 
975 725 1391 2113 
976 117 118 1470 
977 1615 2179 2962 
978 251 1646 3706 
979 1646 1387 3706 
980 2761 340 3339 
981 1123 1844 2603 
982 1844 313 2603 
983 755 1237 2175 
984 1233 496 2956 
985 1582 41 2368 
986 1556 615 1784 
987 3110 951 3888 
988 1411 823 3905 
989 1550 525 4014 
990 1885 969 2147 
991 712 1885 2147 
992 679 1323 3588 
993 1337 1701 3273 
994 476 1249 2619 
995 390 1713 2620 
996 1305 612 2788 
997 1921 1261 2473 
998 1301 2899 3922 
999 1023 2301 2576 
1000 1932 236 2276 
1001 1378 369 3336 
1002 1502 1214 3637 
1003 317 1316 2587 
1004 2427 282 2955 
1005 753 1256 2161 
1006 1945 1309 3883 
1007 790 1924 1981 
1008 1294 864 1939 
1009 262 1866 2370 
1010 582 1233 2285 
1011 1464 86 2204 
1012 1234 2393 2853 
1013 278 2184 2908 
1014 491 1286 2866 
1015 1877 659 2997 
1016 223 1651 1986 
1017 1651 803 1986 
1018 786 1320 2426 
1019 659 1916 2997 
1020 579 1502 3637 
1021 1426 676 1879 
1022 319 1426 1879 
1023 1462 1075 2367 
1024 1315 633 2603 
1025 1841 1506 2849 
1026 1237 755 2793 
1027 1691 820 2057 
1028 1310 332 3030 
1029 1511 527 4027 
1030 2473 341 2508 
1031 1421 1767 3556 
1032 1767 538 3556 
1033 2843 1397 3084 
1034 823 1411 2420 
1035 1411 363 2420 
1036 3921 337 3974 
1037 549 1350 3053 
1038 1350 979 3053 
1039 3004 598 3819 
1040 1494 533 2646 
1041 929 1494 2646 
1042 775 1467 2168 
1043 1467 512 2168 
1044 1584 781 3873 
1045 2924 412 3158 
1046 1268 481 2067 
1047 2742 900 2759 
1048 1486 898 1955 
1049 252 1486 1955 
1050 1274 415 2799 
1051 546 1366 2122 
1052 1366 717 2122 
1053 1855 951 2293 
1054 1458 568 2819 
1055 486 1273 3277 
1056 1388 696 3377 
1057 365 1259 2701 
1058 1407 2035 3282 
1059 1338 130 3829 
1060 2347 423 2373 
1061 2200 450 3104 
1062 1332 91 1922 
1063 571 1427 3557 
1064 1947 664 2004 
1065 928 1947 2004 
1066 1742 710 2666 
1067 1872 2600 3632 
1068 9 1374 2355 
1069 833 1518 2287 
1070 1518 293 2287 
1071 1801 599 2266 
1072 673 1277 2043 
1073 1601 612 3666 
1074 369 2460 3371 
1075 1486 252 1850 
1076 1391 628 2873 
1077 3425 663 3857 
1078 1340 1550 4014 
1079 1992 965 3285 
1080 1257 322 3395 
1081 1643 617 2346 
1082 913 1643 2346 
1083 1492 590 1715 
1084 1851 685 2033 
1085 2004 1656 2570 
1086 420 2898 3100 
1087 1409 2463 2989 
1088 331 1381 1832 
1089 1504 1416 3978 
1090 1208 1500 2618 
1091 951 1732 3888 
1092 1254 483 2324 
1093 1667 650 2036 
1094 241 2837 3978 
1095 417 1967 2426 
1096 1814 1039 2395 
1097 1502 579 1713 
1098 608 1326 3116 
1099 2021 988 2572 
1100 2418 325 3017 
1101 1637 635 2861 
1102 257 1355 1884 
1103 230 2216 3187 
1104 1341 270 1905 
1105 1563 635 3441 
1106 290 1400 2270 
1107 1400 764 2270 
1108 2268 1501 2817 
1109 378 1537 1966 
1110 1537 735 1966 
1111 880 1521 2648 
1112 1098 1609 3052 
1113 810 1727 1942 
1114 1727 743 1942 
1115 2514 789 3124 
1116 1397 906 2785 
1117 793 1638 1951 
1118 1604 360 1820 
1119 1952 825 2575 
1120 478 1880 2573 
1121 2155 479 2643 
1122 1260 2155 2643 
1123 2460 1380 3371 
1124 2393 485 2853 
1125 2973 604 3737 
1126 335 1595 1863 
1127 1442 2459 2828 
1128 1248 174 3308 
1129 1854 230 3187 
1130 384 1596 2047 
1131 558 1616 3972 
1132 1616 1430 3972 
1133 436 2792 3521 
1134 434 1923 2599 
1135 114 1632 2748 
1136 2635 1203 2984 
1137 1303 2418 3017 
1138 2220 893 2739 
1139 2014 345 3034 
1140 901 1335 3134 
1141 526 1410 1816 
1142 1742 2666 3654 
1143 803 1651 1692 
1144 1785 759 2092 
1145 1321 2251 3318 
1146 1445 357 2610 
1147 626 1732 2328 
1148 1732 951 2328 
1149 2583 1384 3794 
1150 563 1418 3600 
1151 650 1703 2036 
1152 1032 1464 2431 
1153 1300 1590 3527 
1154 150 1344 1938 
1155 1219 2145 3101 
1156 1347 641 3735 
1157 166 167 1619 
1158 483 1254 3533 
1159 425 1958 2665 
1160 864 1294 2802 
1161 1516 595 1718 
1162 222 1649 3851 
1163 596 2032 2488 
1164 1432 927 2800 
1165 392 1432 2800 
1166 326 1345 2562 
1167 1043 1385 3300 
1168 1385 432 3300 
1169 2177 1204 3723 
1170 2082 1269 3057 
1171 1238 3191 3335 
1172 1290 652 3220 
1173 2370 1866 3676 
1174 1979 436 3521 
1175 2861 635 3787 
1176 420 2182 2898 
1177 2599 1923 3980 
1178 2132 1512 3194 
1179 583 1600 1664 
1180 1600 979 1664 
1181 1649 3614 3851 
1182 1591 385 2108 
1183 806 2609 2643 
1184 277 2102 2474 
1185 2117 1735 3303 
1186 641 1347 2209 
1187 1211 2060 2871 
1188 661 1297 2726 
1189 588 1584 2527 
1190 1810 55 2974 
1191 1846 384 2047 
1192 1540 2132 2425 
1193 2609 1260 2643 
1194 1440 603 3572 
1195 1327 709 2273 
1196 1877 1021 2450 
1197 706 1300 2193 
1198 1300 350 2193 
1199 317 1268 3028 
1200 261 1669 1911 
1201 1753 3178 3447 
1202 1564 575 3142 
1203 717 1366 2938 
1204 690 2012 2576 
1205 2124 793 2349 
1206 3608 1354 3666 
1207 186 1323 1998 
1208 664 2676 2943 
1209 1295 746 4056 
1210 321 1484 2350 
1211 311 1609 3962 
1212 1963 1519 2400 
1213 2040 296 2269 
1214 1066 2040 2269 
1215 354 2301 3634 
1216 1040 1335 3099 
1217 3441 635 3983 
1218 246 1683 3145 
1219 218 219 1643 
1220 1459 907 2084 
1221 932 1413 2164 
1222 516 1370 1916 
1223 502 1288 2518 
1224 1288 779 2518 
1225 2576 2012 3002 
1226 1150 2476 2579 
1227 208 209 2737 
1228 1069 2424 3645 
1229 604 1373 1914 
1230 808 1786 1787 
1231 1786 636 1787 
1232 1341 1905 3858 
1233 705 1407 2443 
1234 448 2877 3430 
1235 430 1569 2074 
1236 1569 783 2074 
1237 23 1752 2167 
1238 1402 645 3357 
1239 1227 2427 2955 
1240 254 1505 1840 
1241 827 1593 2375 
1242 1323 679 1998 
1243 1270 261 3289 
1244 1375 641 2209 
1245 926 2684 2845 
1246 1268 317 2343 
1247 507 2082 3057 
1248 699 1318 3725 
1249 3065 620 3588 
1250 279 1545 2104 
1251 1710 885 2505 
1252 815 1517 1747 
1253 1466 511 3732 
1254 1420 241 3464 
1255 1699 1095 2844 
1256 302 1699 2844 
1257 363 1296 2109 
1258 677 2198 2238 
1259 1533 305 4057 
1260 1283 2960 3387 
1261 1272 481 2559 
1262 598 1639 3431 
1263 647 1625 2121 
1264 1721 1948 3113 
1265 2863 1209 3701 
1266 1580 348 3711 
1267 619 1465 1888 
1268 1462 599 1801 
1269 1691 2057 3126 
1270 1999 337 2888 
1271 617 1431 2549 
1272 733 1536 1735 
1273 2040 1311 3244 
1274 681 1436 2005 
1275 1814 2395 3257 
1276 1368 691 3884 
1277 2060 671 2871 
1278 1094 1871 2951 
1279 1398 323 1897 
1280 1713 579 2929 
1281 627 3371 3815 
1282 360 1604 2736 
1283 659 1877 2450 
1284 1473 563 3600 
1285 309 2125 3544 
1286 2251 750 3318 
1287 595 1534 2335 
1288 1836 860 2121 
1289 160 161 2985 
1290 1107 1753 3447 
1291 2064 923 2286 
1292 1564 336 3946 
1293 1331 1564 3946 
1294 296 2040 3244 
1295 642 1599 3278 
1296 1639 1217 3431 
1297 823 1603 3905 
1298 1484 587 3364 
1299 1310 921 2913 
1300 1818 1031 2461 
1301 448 1818 2461 
1302 1588 638 1705 
1303 2001 1074 2361 
1304 555 2001 2361 
1305 1201 2108 2595 
1306 2108 899 2595 
1307 569 1613 3103 
1308 1606 452 3136 
1309 1131 1606 3136 
1310 624 1301 2115 
1311 2853 1266 3189 
1312 3191 530 3335 
1313 3163 768 3892 
1314 673 1313 2795 
1315 2176 955 3122 
1316 1329 619 3014 
1317 2812 267 3853 
1318 948 2125 2403 
1319 663 1748 3857 
1320 3532 1732 3716 
1321 746 1295 2172 
1322 1281 2020 3433 
1323 1214 1502 3820 
1324 629 1286 2253 
1325 362 1750 3957 
1326 2129 1126 3457 
1327 2363 228 2622 
1328 397 2065 2594 
1329 669 1481 1824 
1330 1481 348 1824 
1331 1957 1106 2587 
1332 949 2635 2984 
1333 1405 247 1918 
1334 2001 949 2404 
1335 253 2288 3633 
1336 1788 372 2330 
1337 1660 572 2628 
1338 2035 508 3282 
1339 1032 2431 3593 
1340 1507 2722 2798 
1341 1943 811 2399 
1342 509 2652 3117 
1343 883 1444 2682 
1344 1444 311 2682 
1345 1660 2628 3375 
1346 1028 1544 2071 
1347 3005 2128 3128 
1348 991 1355 3171 
1349 1014 2128 3005 
1350 2474 819 3361 
1351 943 1949 2357 
1352 771 1567 2553 
1353 2080 573 2723 
1354 1699 588 2527 
1355 1672 822 1968 
1356 657 1669 2037 
1357 1343 46 2028 
1358 1299 549 3055 
1359 1316 317 2093 
1360 563 1823 2787 
1361 283 1306 2802 
1362 497 1302 2412 
1363 890 1878 2182 
1364 1548 388 2105 
1365 775 1548 2105 
1366 1982 1636 2658 
1367 1874 1177 3716 
1368 794 1409 2417 
1369 1409 354 2417 
1370 1642 646 2402 
1371 963 1970 2751 
1372 505 1315 3022 
1373 2185 433 2442 
1374 2729 1360 3267 
1375 704 2052 2556 
1376 495 1732 3532 
1377 1432 1948 3519 
1378 516 1390 2398 
1379 1540 349 2279 
1380 1300 509 2196 
1381 630 1957 2587 
1382 90 1332 2277 
1383 1465 619 1830 
1384 1490 3163 3892 
1385 695 1581 2174 
1386 1651 607 1692 
1387 1288 502 3033 
1388 389 2327 3060 
1389 779 1288 2416 
1390 641 1375 3130 
1391 2370 786 2534 
1392 2396 159 2985 
1393 848 1502 3169 
1394 990 2729 3267 
1395 2556 2052 3578 
1396 1292 367 3056 
1397 955 1401 3385 
1398 586 1800 2091 
1399 978 1452 1933 
1400 603 2109 3501 
1401 1294 498 2536 
1402 1789 668 3398 
1403 2567 365 2963 
1404 1144 1707 2742 
1405 1453 693 1881 
1406 1708 380 2138 
1407 849 1708 2138 
1408 2429 480 2572 
1409 1851 2033 2940 
1410 652 3165 3464 
1411 1472 1759 2723 
1412 166 1619 3451 
1413 1573 969 3734 
1414 1543 640 2636 
1415 552 1867 3369 
1416 1483 669 1850 
1417 1436 681 2384 
1418 1342 983 2983 
1419 2524 1686 3770 
1420 257 1388 3207 
1421 1303 1015 3877 
1422 510 2052 2987 
1423 2052 1324 2987 
1424 1185 3120 3675 
1425 1789 3398 3885 
1426 498 1294 3306 
1427 2505 506 3283 
1428 2195 708 2241 
1429 1816 1410 3620 
1430 1353 1773 2418 
1431 1447 387 2397 
1432 802 1447 2397 
1433 1655 428 2659 
1434 847 1587 2110 
1435 1537 378 1881 
1436 693 1537 1881 
1437 1560 1182 2684 
1438 886 1295 2439 
1439 1465 272 2882 
1440 962 1465 2882 
1441 2288 1429 3633 
1442 2289 499 3952 
1443 291 2149 2545 
1444 2149 1185 2545 
1445 1339 724 3878 
1446 1704 655 3332 
1447 963 2588 3174 
1448 1151 2492 2548 
1449 197 1527 2180 
1450 1089 2195 2241 
1451 518 1419 2041 
1452 164 165 1665 
1453 1306 489 3206 
1454 1566 415 1763 
1455 1658 328 3821 
1456 739 1598 2366 
1457 1309 707 2245 
1458 3462 710 4045 
1459 1919 990 2275 
1460 760 1919 2275 
1461 2220 1141 3299 
1462 661 1672 3771 
1463 1106 1957 2596 
1464 1796 1207 3118 
1465 368 1796 3118 
1466 576 1663 2829 
1467 1490 617 2549 
1468 125 126 1668 
1469 2452 184 3062 
1470 1818 448 3430 
1471 1476 765 2414 
1472 341 1525 2508 
1473 1464 700 2431 
1474 549 1299 3485 
1475 3165 1420 3464 
1476 641 1760 1761 
1477 1760 798 1761 
1478 1535 861 2535 
1479 2476 770 2579 
1480 488 3016 3129 
1481 1943 2399 3021 
1482 578 1307 2969 
1483 1321 3318 3594 
1484 318 1746 3027 
1485 1579 646 2622 
1486 1296 3341 3733 
1487 1632 952 2281 
1488 1500 1208 3816 
1489 1036 1744 2654 
1490 1744 582 2654 
1491 921 1310 2859 
1492 1313 2043 3115 
1493 1302 497 3742 
1494 275 1722 2273 
1495 1432 514 1948 
1496 356 1475 2630 
1497 605 1346 2123 
1498 230 1519 2272 
1499 2545 1185 3675 
1500 657 1648 3596 
1501 1457 3459 3484 
1502 1665 672 4082 
1503 2960 513 3387 
1504 1642 1022 2622 
1505 2808 1340 3032 
1506 686 1378 3029 
1507 1057 1501 3184 
1508 1501 225 3184 
1509 1068 1811 3003 
1510 1108 3145 3724 
1511 1619 167 1973 
1512 642 3278 3685 
1513 1497 263 1845 
1514 857 1352 3741 
1515 1802 358 3906 
1516 1503 1802 3906 
1517 1276 1843 3961 
1518 1872 621 2600 
1519 603 1955 3374 
1520 1318 487 2235 
1521 1197 1454 3535 
1522 979 1350 2942 
1523 3403 1658 3821 
1524 1746 2990 3027 
1525 1328 760 2521 
1526 790 1782 1924 
1527 1315 313 2601 
1528 2174 1581 3786 
1529 1505 649 1840 
1530 1344 151 2150 
1531 1342 644 4034 
1532 784 1405 2716 
1533 1169 2831 3836 
1534 672 1889 4082 
1535 2667 2007 3835 
1536 428 1655 2471 
1537 338 1506 1841 
1538 296 1765 2269 
1539 1765 907 2269 
1540 1957 424 2596 
1541 1403 850 3203 
1542 1618 894 2744 
1543 829 1927 2369 
1544 867 2649 2880 
1545 1728 265 2254 
1546 1743 394 2841 
1547 1363 78 2310 
1548 792 1363 2310 
1549 2032 1025 2488 
1550 815 1412 2645 
1551 387 1836 2121 
1552 3433 1930 3849 
1553 1346 605 2905 
1554 1417 701 2223 
1555 1609 1098 2263 
1556 789 1609 2263 
1557 169 1831 3351 
1558 3459 1087 3484 
1559 1383 2070 2760 
1560 149 1938 2228 
1561 2107 376 2525 
1562 1317 613 2288 
1563 1341 1944 2717 
1564 1485 347 1895 
1565 1024 1471 3191 
1566 6 7 2549 
1567 404 2023 3238 
1568 1397 2785 3648 
1569 1120 1395 2435 
1570 938 2808 3032 
1571 1503 721 3917 
1572 519 1377 2842 
1573 2046 714 2687 
1574 655 2506 3332 
1575 1833 910 2194 
1576 771 1833 2194 
1577 1060 2495 2670 
1578 1440 252 1955 
1579 913 1640 2697 
1580 1793 620 3065 
1581 981 1341 3858 
1582 1146 1757 3539 
1583 752 2127 2154 
1584 2198 1005 2238 
1585 1869 1363 3036 
1586 572 1660 1791 
1587 1383 532 3653 
1588 2081 868 2980 
1589 1364 849 2138 
1590 1425 623 3337 
1591 1345 611 2870 
1592 2079 1573 3734 
1593 696 1402 2047 
1594 1048 2317 2478 
1595 625 1324 2777 
1596 1477 2653 3744 
1597 1575 679 3588 
1598 1389 301 3119 
1599 721 1704 1740 
1600 1704 254 1740 
1601 1438 935 2947 
1602 595 1516 3483 
1603 2743 989 3462 
1604 1668 126 2146 
1605 989 1903 3462 
1606 373 1691 2450 
1607 22 23 2167 
1608 1403 365 2701 
1609 850 1403 2701 
1610 347 1485 1894 
1611 439 2007 2667 
1612 2020 675 3433 
1613 1296 1797 3341 
1614 378 1330 2789 
1615 2037 1038 2673 
1616 313 1315 2603 
1617 1036 2594 3453 
1618 1539 537 2479 
1619 1863 647 2121 
1620 1117 2142 2394 
1621 2142 437 2394 
1622 1381 1653 3501 
1623 1788 668 1789 
1624 767 1788 1789 
1625 1347 451 2209 
1626 847 2110 2211 
1627 760 1328 3745 
1628 1670 593 3695 
1629 1350 935 3137 
1630 1570 1061 3591 
1631 710 2003 4045 
1632 526 1393 3107 
1633 2687 714 2946 
1634 1376 416 2186 
1635 1320 786 2370 
1636 401 1650 2528 
1637 1650 934 2528 
1638 1970 963 3174 
1639 1534 595 3483 
1640 40 1582 2045 
1641 357 1445 2899 
1642 279 1534 3478 
1643 851 2088 2539 
1644 1524 752 2154 
1645 348 1524 2154 
1646 646 1642 2622 
1647 267 1940 2407 
1648 361 1402 2140 
1649 1402 696 2140 
1650 1697 644 2341 
1651 1339 807 4029 
1652 524 1518 2446 
1653 1392 1219 3101 
1654 1471 530 3191 
1655 1689 756 2376 
1656 379 1738 2823 
1657 1345 326 2258 
1658 807 1339 2634 
1659 1716 595 2335 
1660 593 3233 3695 
1661 1355 806 2643 
1662 1581 695 1815 
1663 873 1581 1815 
1664 836 1848 4055 
1665 2114 457 2376 
1666 1096 2114 2376 
1667 120 121 2178 
1668 1376 689 2640 
1669 1621 616 3311 
1670 1148 2514 3124 
1671 937 1386 2129 
1672 235 1438 2947 
1673 1467 775 2318 
1674 294 1467 2318 
1675 1491 812 2572 
1676 836 1322 2707 
1677 527 1945 3883 
1678 1891 228 3610 
1679 1451 1891 3610 
1680 1491 339 2119 
1681 493 1321 2685 
1682 1382 757 2394 
1683 1710 259 2313 
1684 885 1710 2313 
1685 2105 388 2608 
1686 646 1844 2402 
1687 675 1930 3433 
1688 130 1338 2299 
1689 2092 759 2724 
1690 1846 2047 3357 
1691 1545 279 3478 
1692 2204 1364 3692 
1693 890 2182 2735 
1694 804 2031 2523 
1695 689 1376 2186 
1696 1414 2712 4047 
1697 928 1868 1947 
1698 1868 321 1947 
1699 416 1376 2189 
1700 1498 813 3649 
1701 1481 579 3637 
1702 1772 623 2192 
1703 1384 2583 3641 
1704 2164 1174 3179 
1705 2441 1002 2735 
1706 1518 833 2446 
1707 30 31 2165 
1708 285 1379 2949 
1709 1122 2228 2336 
1710 2228 814 2336 
1711 869 1700 3477 
1712 1344 501 2406 
1713 343 1498 1912 
1714 2652 509 3527 
1715 445 1856 2206 
1716 1856 910 2206 
1717 1065 1686 2524 
1718 615 1532 1882 
1719 158 159 2396 
1720 1643 219 3243 
1721 1611 610 1865 
1722 912 2000 2054 
1723 2000 694 2054 
1724 744 2221 3397 
1725 422 1529 2691 
1726 609 1610 1876 
1727 954 1655 2659 
1728 1750 1312 3957 
1729 744 2085 2891 
1730 1022 2939 3423 
1731 1412 815 2704 
1732 1532 842 2705 
1733 1454 550 2003 
1734 2600 1103 3632 
1735 259 1326 3139 
1736 2401 1209 3689 
1737 451 1347 2766 
1738 2160 744 3397 
1739 682 1514 3984 
1740 1800 1357 3750 
1741 1460 488 3129 
1742 1379 2081 3077 
1743 1710 881 2314 
1744 259 1710 2314 
1745 2627 770 3746 
1746 2492 796 2548 
1747 714 2046 2101 
1748 270 1341 2717 
1749 1358 715 2303 
1750 1112 1478 2500 
1751 1333 611 3902 
1752 318 1329 3035 
1753 1045 2338 2669 
1754 590 1743 2865 
1755 964 1966 2202 
1756 1966 735 2202 
1757 1865 1044 3125 
1758 61 62 2555 
1759 169 170 1831 
1760 1370 248 2997 
1761 399 1346 3268 
1762 805 1582 2368 
1763 1460 671 2056 
1764 1387 528 2183 
1765 1200 2940 3037 
1766 568 1348 3589 
1767 181 182 1613 
1768 1724 1480 2821 
1769 776 1763 2849 
1770 1644 551 2892 
1771 415 1566 2329 
1772 1566 821 2329 
1773 1604 2208 2736 
1774 329 1349 2725 
1775 249 1800 3750 
1776 849 1364 2772 
1777 961 3149 3602 
1778 1502 1713 3169 
1779 1489 683 3803 
1780 1871 456 2951 
1781 2152 1158 3013 
1782 1362 330 3814 
1783 1554 713 4046 
1784 1328 3272 3745 
1785 2523 2031 2803 
1786 590 1492 3667 
1787 45 1343 2464 
1788 832 1439 2590 
1789 1439 294 2590 
1790 1177 1874 3199 
1791 2109 1296 3501 
1792 2218 1422 3910 
1793 1051 2659 2964 
1794 806 1417 3461 
1795 2001 310 3386 
1796 1356 915 3241 
1797 1608 548 2257 
1798 818 1608 2257 
1799 2722 856 2798 
1800 2238 1005 2740 
1801 1660 1003 1791 
1802 915 1356 2364 
1803 339 1528 2119 
1804 501 1344 2583 
1805 348 1481 3711 
1806 708 1499 2241 
1807 331 2811 3330 
1808 1924 380 1981 
1809 1072 1369 2305 
1810 2957 2278 4050 
1811 690 1709 2012 
1812 1709 1055 2012 
1813 646 1579 1859 
1814 1498 343 3755 
1815 3316 477 3584 
1816 1383 745 3762 
1817 765 1476 3452 
1818 74 75 2344 
1819 369 1565 2673 
1820 245 2064 2286 
1821 1694 566 3253 
1822 1165 1694 3253 
1823 841 1775 2010 
1824 1775 486 2010 
1825 1372 855 2775 
1826 676 1426 3109 
1827 1777 1118 2546 
1828 1119 1778 2547 
1829 2756 946 2818 
1830 199 200 1617 
1831 1893 2845 3006 
1832 2633 894 3767 
1833 2046 517 3093 
1834 1317 2046 3093 
1835 3308 2002 3996 
1836 1075 1462 3467 
1837 1462 264 3467 
1838 1352 857 2599 
1839 572 1791 3327 
1840 2854 1421 3456 
1841 1100 2721 2738 
1842 380 1542 1981 
1843 826 2685 3594 
1844 130 131 3829 
1845 1326 2314 3116 
1846 501 2583 3794 
1847 768 1374 3784 
1848 542 1363 2764 
1849 2355 768 3163 
1850 1983 888 2484 
1851 159 160 2985 
1852 3364 587 4062 
1853 663 1623 2451 
1854 1358 819 3914 
1855 1422 2218 3931 
1856 974 2524 3770 
1857 3464 241 3978 
1858 1355 257 2674 
1859 806 1355 2674 
1860 353 1474 2173 
1861 1544 1028 3173 
1862 1007 1373 3345 
1863 402 1635 2191 
1864 1559 548 2127 
1865 752 1559 2127 
1866 2778 475 3099 
1867 2653 1477 4067 
1868 1911 1669 3681 
1869 1430 302 2844 
1870 154 155 1645 
1871 1655 879 2471 
1872 1538 740 2217 
1873 673 1650 2304 
1874 644 1806 2341 
1875 1515 809 3326 
1876 158 2396 3513 
1877 1656 664 2943 
1878 1867 552 3793 
1879 1388 567 3582 
1880 829 2369 2581 
1881 2687 947 2903 
1882 2135 946 2756 
1883 120 1356 3241 
1884 1595 647 1863 
1885 957 1429 3064 
1886 1653 603 3501 
1887 363 2109 2420 
1888 1507 320 2722 
1889 819 1358 2597 
1890 3016 1287 3129 
1891 1636 665 3155 
1892 1884 991 3824 
1893 1700 1940 3477 
1894 1544 3173 3577 
1895 757 1382 3157 
1896 1374 768 2355 
1897 1413 584 3105 
1898 1017 1804 2937 
1899 1803 1016 2936 
1900 2811 331 3657 
1901 1263 2075 2932 
1902 2075 486 2932 
1903 49 50 1709 
1904 2099 828 2330 
1905 61 1372 2775 
1906 2421 1228 3158 
1907 1424 533 2584 
1908 310 2443 3386 
1909 1471 340 2300 
1910 1369 492 2724 
1911 1665 165 3451 
1912 1102 1619 1923 
1913 2307 1458 2819 
1914 2823 1738 3504 
1915 1161 1967 3403 
1916 691 1368 2412 
1917 2289 832 2493 
1918 1983 2484 3800 
1919 770 2063 3746 
1920 2357 1457 3484 
1921 1374 9 3390 
1922 1370 516 2398 
1923 799 1430 3208 
1924 2221 744 2891 
1925 1471 1024 3339 
1926 1386 937 2885 
1927 528 1387 2896 
1928 330 1362 3659 
1929 971 2285 2456 
1930 1363 792 2764 
1931 128 129 1821 
1932 1020 1644 2892 
1933 1412 221 2645 
1934 1178 2452 3062 
1935 2780 1232 3438 
1936 230 1549 2216 
1937 388 1961 2608 
1938 1389 528 2798 
1939 301 2777 3768 
1940 1097 2184 3218 
1941 1377 519 3038 
1942 441 2357 3484 
1943 354 1842 2576 
1944 715 1449 3342 
1945 379 1384 3641 
1946 2407 1940 4023 
1947 1394 810 2664 
1948 771 1425 2254 
1949 1153 2631 2814 
1950 1804 1017 3380 
1951 1016 1803 3379 
1952 117 1470 2044 
1953 333 2145 2774 
1954 2145 1219 2774 
1955 229 1631 1898 
1956 1493 260 2202 
1957 631 1526 1959 
1958 128 1821 3312 
1959 547 1614 3218 
1960 1614 1097 3218 
1961 1399 2623 4007 
1962 666 1557 2957 
1963 855 1372 2489 
1964 1592 682 3984 
1965 377 1815 2244 
1966 1743 590 1887 
1967 980 1743 1887 
1968 1743 980 2586 
1969 394 1743 2586 
1970 444 2278 2957 
1971 2340 2013 3727 
1972 1689 223 1986 
1973 756 1689 1986 
1974 1567 771 2194 
1975 375 1567 2194 
1976 2906 727 4041 
1977 740 1538 3333 
1978 1447 802 2104 
1979 998 2349 2568 
1980 365 1403 3479 
1981 305 1568 2768 
1982 1568 942 2768 
1983 1949 943 2215 
1984 234 1949 2215 
1985 1330 2493 4061 
1986 1518 1360 2729 
1987 1350 1825 2947 
1988 343 1391 2873 
1989 354 1409 2989 
1990 701 1417 2496 
1991 284 2112 2135 
1992 1401 327 2931 
1993 563 1473 2059 
1994 622 1380 2460 
1995 1887 239 2757 
1996 1079 1489 2571 
1997 209 210 2043 
1998 1582 639 2045 
1999 1654 3424 3765 
2000 1535 2535 3883 
2001 2257 1142 2408 
2002 818 2257 2408 
2003 570 1676 1989 
2004 1676 956 1989 
2005 1791 1196 3327 
2006 1469 656 2197 
2007 1425 395 2192 
2008 571 2086 3997 
2009 1239 2220 3299 
2010 1552 557 3273 
2011 1391 725 2930 
2012 173 174 2086 
2013 532 1383 2760 
2014 512 1467 3798 
2015 925 2035 2087 
2016 2035 705 2087 
2017 1113 1962 2880 
2018 1744 1036 1935 
2019 238 1744 1935 
2020 2009 1390 3355 
2021 323 2009 3355 
2022 1917 1621 3311 
2023 2219 1570 3591 
2024 1649 886 1985 
2025 1168 1872 2973 
2026 1872 308 2973 
2027 1164 2567 2963 
2028 853 2013 2340 
2029 1423 20 2965 
2030 356 1410 2256 
2031 16 17 2537 
2032 1871 1094 3708 
2033 1328 1810 3272 
2034 754 1605 3665 
2035 1534 279 2335 
2036 2490 1039 2517 
2037 1950 866 2276 
2038 1082 2316 2462 
2039 1382 781 2485 
2040 2005 1436 3429 
2041 1681 778 2276 
2042 880 1668 1993 
2043 1668 757 1993 
2044 628 1391 2810 
2045 3014 933 3713 
2046 1992 402 2191 
2047 1620 674 3190 
2048 1714 962 2543 
2049 1802 1503 3917 
2050 2249 2992 3813 
2051 1567 2020 2553 
2052 1809 383 2485 
2053 1752 621 2167 
2054 1825 549 3485 
2055 1985 886 2051 
2056 386 1985 2051 
2057 2460 369 3599 
2058 1712 1232 2780 
2059 1551 672 2888 
2060 1631 592 4011 
2061 1314 1631 4011 
2062 267 2407 3853 
2063 693 1453 2180 
2064 693 1527 1992 
2065 535 1392 3356 
2066 1977 826 3594 
2067 2313 1279 2730 
2068 885 2313 2730 
2069 1501 732 3618 
2070 225 1501 3619 
2071 1027 2473 2508 
2072 1538 921 2317 
2073 1048 1538 2317 
2074 1978 709 3200 
2075 521 2164 3179 
2076 2034 863 2525 
2077 641 1761 3735 
2078 1231 2907 2954 
2079 2443 1407 3386 
2080 275 1741 1970 
2081 1741 766 1970 
2082 74 2344 3382 
2083 225 1510 3647 
2084 236 2854 3456 
2085 1879 676 1880 
2086 842 1879 1880 
2087 1473 2811 3657 
2088 3031 2365 4045 
2089 1726 453 1870 
2090 679 1575 2374 
2091 528 1389 2758 
2092 2002 687 3996 
2093 1995 1325 3992 
2094 19 20 2352 
2095 1657 844 2316 
2096 561 1657 2316 
2097 252 1440 3205 
2098 539 1542 2163 
2099 1390 516 2851 
2100 616 1621 1901 
2101 1621 702 1901 
2102 892 2853 3189 
2103 2249 460 2992 
2104 221 1412 2383 
2105 1285 1696 2784 
2106 2871 244 3744 
2107 1429 957 3087 
2108 2101 2046 3167 
2109 1567 375 2690 
2110 2653 1211 3744 
2111 1289 2912 3986 
2112 2165 31 3607 
2113 1483 1850 4009 
2114 3043 2265 3132 
2115 263 1497 2231 
2116 1497 738 2231 
2117 319 1442 3201 
2118 323 1398 2794 
2119 709 2439 3200 
2120 1562 389 3999 
2121 618 1562 2175 
2122 1627 352 2011 
2123 2175 1562 3998 
2124 755 2175 3998 
2125 1956 409 2234 
2126 946 1956 2234 
2127 2265 1014 3132 
2128 672 1665 1937 
2129 1665 1102 1937 
2130 1532 615 2006 
2131 385 2238 2740 
2132 1850 252 4009 
2133 1730 282 2427 
2134 1619 1102 3451 
2135 16 1394 2881 
2136 1410 526 3497 
2137 315 1703 2381 
2138 766 1741 3629 
2139 2384 309 3544 
2140 1748 663 2451 
2141 1549 755 2216 
2142 915 1470 2708 
2143 1412 3967 4042 
2144 1986 803 1994 
2145 1466 3732 3928 
2146 810 1394 2537 
2147 293 1466 2141 
2148 2112 946 2135 
2149 1234 1609 2393 
2150 2763 205 2840 
2151 1504 1043 2222 
2152 2317 459 2478 
2153 1956 698 3450 
2154 2025 843 2752 
2155 241 1420 4013 
2156 1568 648 1963 
2157 2597 1292 3361 
2158 465 2016 2739 
2159 2016 1141 2739 
2160 477 1817 3584 
2161 1540 1133 3579 
2162 569 1540 3579 
2163 1808 726 1847 
2164 745 1808 1847 
2165 1725 224 2038 
2166 1867 1159 3369 
2167 691 1740 3884 
2168 86 87 2204 
2169 584 1444 2569 
2170 1092 1681 3456 
2171 974 1626 1905 
2172 328 1658 3788 
2173 1658 1249 3788 
2174 1811 316 3003 
2175 1419 518 3466 
2176 1543 1132 2461 
2177 2358 1423 2951 
2178 539 2163 3446 
2179 1812 944 2468 
2180 1966 964 2493 
2181 1944 874 2717 
2182 1405 784 3140 
2183 1896 971 3188 
2184 303 1589 2972 
2185 1104 1780 2502 
2186 1781 1105 2503 
2187 3143 1956 3450 
2188 700 2204 3692 
2189 2712 1414 3995 
2190 715 1496 2141 
2191 1496 293 2141 
2192 2120 373 2450 
2193 229 1538 2217 
2194 3459 1457 4001 
2195 247 1405 2577 
2196 931 1659 2210 
2197 843 2478 2752 
2198 1624 1283 3387 
2199 934 1650 2391 
2200 554 1597 2224 
2201 1597 778 2224 
2202 2785 273 3648 
2203 335 1863 2501 
2204 1630 736 3224 
2205 1913 534 2444 
2206 993 1913 2444 
2207 881 1921 2533 
2208 1921 1027 2533 
2209 353 1621 1917 
2210 1762 614 3148 
2211 1145 1762 3148 
2212 1519 230 3644 
2213 1423 743 2352 
2214 3328 2009 3925 
2215 357 2053 2610 
2216 514 1432 3631 
2217 1543 2461 3325 
2218 340 1415 3561 
2219 259 1682 2313 
2220 1619 662 1923 
2221 1685 1137 3582 
2222 1414 945 2531 
2223 1450 712 2582 
2224 1468 708 2195 
2225 3243 220 3562 
2226 300 2995 3956 
2227 1413 932 3970 
2228 683 1489 3510 
2229 1489 1079 3510 
2230 2050 180 3153 
2231 573 1472 2723 
2232 1485 1895 3950 
2233 812 1491 2119 
2234 441 1812 2468 
2235 1470 118 2708 
2236 1711 707 1961 
2237 976 1711 1961 
2238 970 2153 2227 
2239 1654 231 3424 
2240 708 1468 3435 
2241 585 1445 2610 
2242 2479 537 4001 
2243 2114 726 2720 
2244 945 1414 3388 
2245 1648 686 2297 
2246 700 1464 2204 
2247 1022 1642 2939 
2248 1642 460 2939 
2249 998 1795 3058 
2250 1895 677 3950 
2251 680 2009 3328 
2252 1611 104 2663 
2253 72 1610 2662 
2254 795 1410 2630 
2255 1410 356 2630 
2256 2128 1014 2265 
2257 499 2128 2265 
2258 683 1662 3803 
2259 847 2211 2311 
2260 1688 731 2332 
2261 363 1411 2519 
2262 904 1824 2154 
2263 1538 1048 3333 
2264 453 1726 2696 
2265 861 1881 2789 
2266 405 1468 2195 
2267 1058 1530 3356 
2268 340 1471 3339 
2269 1735 531 3540 
2270 808 2781 3252 
2271 1113 1770 2122 
2272 1770 546 2122 
2273 1633 266 2100 
2274 754 1633 2100 
2275 2252 764 2617 
2276 757 1668 2146 
2277 1772 1110 3016 
2278 488 1772 3016 
2279 2068 725 2860 
2280 1667 836 3498 
2281 1996 1110 2710 
2282 901 1996 2710 
2283 1823 987 2787 
2284 178 1463 3162 
2285 2574 670 3187 
2286 878 1925 2139 
2287 1323 3065 3588 
2288 1591 2108 3072 
2289 1532 319 3709 
2290 1499 858 3480 
2291 1258 1787 4019 
2292 268 1662 2560 
2293 1662 896 2560 
2294 729 3204 3572 
2295 1159 2713 3384 
2296 3810 314 3863 
2297 1620 458 2727 
2298 936 1620 2727 
2299 909 1946 2171 
2300 984 1819 2557 
2301 1819 440 2557 
2302 1436 2384 3544 
2303 1417 257 2496 
2304 734 1659 2019 
2305 1659 399 2019 
2306 988 1748 2451 
2307 971 2456 3188 
2308 529 2005 3429 
2309 1718 711 3929 
2310 213 214 2971 
2311 650 1667 1908 
2312 1741 1978 3629 
2313 784 1726 1870 
2314 1598 704 1991 
2315 366 1598 1991 
2316 2262 1262 2797 
2317 617 1490 3892 
2318 1110 2192 2710 
2319 2357 441 2468 
2320 1809 2485 3307 
2321 1047 2081 2980 
2322 1424 754 2655 
2323 2026 499 2265 
2324 973 2026 2265 
2325 2114 2720 3419 
2326 788 1439 3952 
2327 2365 1264 4045 
2328 1266 2853 3907 
2329 762 2218 3910 
2330 690 1647 3085 
2331 1831 1140 3351 
2332 2163 1371 3446 
2333 1567 675 2020 
2334 372 1694 3707 
2335 1448 720 2799 
2336 257 1417 2674 
2337 1417 806 2674 
2338 1915 685 2918 
2339 1580 1214 2631 
2340 2778 901 3639 
2341 1418 563 2787 
2342 1550 1340 2808 
2343 1435 790 2407 
2344 1433 272 2453 
2345 272 1433 2882 
2346 1589 303 2302 
2347 2316 844 2462 
2348 915 1614 3049 
2349 258 1508 2147 
2350 1499 708 2213 
2351 1563 1001 3960 
2352 1525 341 2111 
2353 1494 161 2390 
2354 2321 44 2464 
2355 1009 1720 2091 
2356 311 1444 3052 
2357 1912 683 3510 
2358 395 1425 2553 
2359 1454 350 2454 
2360 152 2106 2150 
2361 1468 599 2440 
2362 1508 712 2147 
2363 1592 606 2780 
2364 1426 580 2542 
2365 1213 1753 3192 
2366 881 1455 2314 
2367 2184 1228 3218 
2368 214 2595 2971 
2369 1652 298 2886 
2370 1004 1652 2886 
2371 1425 771 2553 
2372 1058 2217 2315 
2373 2217 740 2315 
2374 986 1680 3251 
2375 1831 571 3557 
2376 1638 391 1951 
2377 2198 677 3900 
2378 1529 555 2361 
2379 777 1529 2361 
2380 2811 1322 3330 
2381 2365 401 2743 
2382 1514 682 3559 
2383 471 2152 3013 
2384 1474 353 3314 
2385 1941 28 3822 
2386 1010 2017 2278 
2387 1468 405 2266 
2388 1585 688 2526 
2389 2546 1118 3524 
2390 1119 2547 3525 
2391 3204 1440 3572 
2392 533 1424 2655 
2393 1264 2365 2743 
2394 580 1426 2641 
2395 2873 628 3773 
2396 350 1454 3228 
2397 2273 1722 3222 
2398 380 1924 2138 
2399 1634 1154 1995 
2400 548 1559 3876 
2401 2821 1480 3434 
2402 2032 596 3079 
2403 302 1430 2637 
2404 1430 799 2637 
2405 577 1477 2239 
2406 1903 264 2666 
2407 2860 725 3104 
2408 662 1619 1973 
2409 1843 274 3961 
2410 1028 2071 2967 
2411 132 1571 3829 
2412 706 1522 3383 
2413 790 1435 3511 
2414 753 2763 3535 
2415 167 168 1973 
2416 1284 3425 3857 
2417 1469 950 3089 
2418 224 1469 3089 
2419 878 2139 2482 
2420 369 2673 3599 
2421 294 1439 2578 
2422 1439 788 2578 
2423 538 1496 3342 
2424 2218 392 3931 
2425 700 1782 2431 
2426 1912 1498 3649 
2427 718 1845 2076 
2428 2426 1320 3730 
2429 231 1654 3029 
2430 1432 392 3568 
2431 2737 1277 3776 
2432 688 1586 2718 
2433 3135 633 3246 
2434 2338 608 3116 
2435 1455 2338 3116 
2436 1893 926 2845 
2437 372 1786 2099 
2438 1786 808 2099 
2439 271 2636 3376 
2440 1536 1124 3630 
2441 531 1536 3630 
2442 2022 271 3376 
2443 692 1630 1976 
2444 1593 827 2639 
2445 685 2008 2918 
2446 671 1460 3129 
2447 2095 961 3602 
2448 2094 1327 3222 
2449 622 2094 3222 
2450 1488 281 3471 
2451 3155 665 3801 
2452 2050 727 2906 
2453 1013 2080 2723 
2454 1671 357 2899 
2455 470 2821 3434 
2456 276 1769 2544 
2457 465 1758 2016 
2458 1758 769 2016 
2459 719 1862 2264 
2460 1853 996 2005 
2461 1470 915 3049 
2462 1600 583 2423 
2463 738 1471 2300 
2464 1329 3014 3713 
2465 3263 1912 3510 
2466 394 2143 2900 
2467 1951 391 4004 
2468 530 1471 3225 
2469 420 1641 2441 
2470 1641 853 2441 
2471 391 2097 4004 
2472 1709 690 3085 
2473 2015 1130 2765 
2474 468 2015 2765 
2475 2153 750 2227 
2476 711 1858 3929 
2477 1559 752 2236 
2478 280 1559 2236 
2479 1137 1685 2709 
2480 1188 2322 3918 
2481 464 1499 2213 
2482 1491 2572 3151 
2483 1584 437 2527 
2484 291 1546 3229 
2485 1546 1030 3229 
2486 922 2359 2379 
2487 3150 1283 3863 
2488 957 1553 2148 
2489 285 1969 2515 
2490 1969 1025 2515 
2491 1750 362 2371 
2492 1453 861 2409 
2493 1508 258 2198 
2494 3445 1918 3891 
2495 2179 741 2284 
2496 1026 2179 2284 
2497 1540 569 2132 
2498 553 1634 1995 
2499 3424 1115 3765 
2500 1474 800 3443 
2501 1739 699 3725 
2502 385 1591 2238 
2503 1438 235 2564 
2504 1621 353 2173 
2505 549 1522 3055 
2506 898 2055 2420 
2507 2181 1135 2948 
2508 1508 2198 3900 
2509 1478 1112 3270 
2510 27 28 1941 
2511 585 1447 3088 
2512 524 1479 3827 
2513 1987 3389 3691 
2514 1675 1200 3037 
2515 592 1631 3101 
2516 1452 978 3993 
2517 1826 605 2123 
2518 993 1826 2123 
2519 1728 2254 3337 
2520 83 84 1751 
2521 2603 633 3135 
2522 1700 660 1940 
2523 451 1573 2079 
2524 288 1757 2642 
2525 1757 1146 2642 
2526 387 1447 2486 
2527 1060 1930 2690 
2528 1930 675 2690 
2529 1722 275 2292 
2530 1630 692 2669 
2531 1154 2671 2958 
2532 1493 2202 3847 
2533 1031 1818 2374 
2534 2047 1596 3377 
2535 1474 911 3114 
2536 1594 571 3997 
2537 255 1441 2889 
2538 1099 2905 3245 
2539 1527 693 2180 
2540 2473 1261 2626 
2541 341 2473 2626 
2542 2730 394 2900 
2543 1444 883 2919 
2544 1080 1487 2591 
2545 997 2653 4067 
2546 514 2551 3856 
2547 1121 1597 3688 
2548 1992 2191 3474 
2549 751 1627 2011 
2550 1679 698 2112 
2551 1471 738 3225 
2552 1445 658 2899 
2553 1102 1665 3451 
2554 2061 113 2748 
2555 1689 2376 2838 
2556 2592 1191 3889 
2557 302 1715 2487 
2558 1617 965 2846 
2559 578 1503 2243 
2560 975 1460 3027 
2561 1675 475 2786 
2562 2181 2948 3738 
2563 599 1462 3041 
2564 1570 526 3107 
2565 1003 1570 3107 
2566 1012 1838 3039 
2567 346 1592 3984 
2568 1300 2196 2454 
2569 1259 2567 3508 
2570 2311 2211 3946 
2571 1938 814 2228 
2572 956 1676 2740 
2573 1676 385 2740 
2574 2777 301 3673 
2575 809 1461 2448 
2576 1444 584 3652 
2577 1871 621 1872 
2578 1168 1871 1872 
2579 688 2718 4039 
2580 835 1644 2400 
2581 1644 419 2400 
2582 1882 1532 2705 
2583 2631 490 2814 
2584 756 1986 1994 
2585 1132 1543 3703 
2586 1223 2368 3624 
2587 1549 230 3448 
2588 1703 848 2036 
2589 2526 1396 2897 
2590 1934 717 2938 
2591 33 2448 3704 
2592 1191 2592 4042 
2593 293 1496 2287 
2594 2105 999 2318 
2595 775 2105 2318 
2596 523 1450 2582 
2597 2495 912 2670 
2598 1542 908 2163 
2599 316 2609 3758 
2600 2011 973 2259 
2601 1773 325 2418 
2602 551 1644 2494 
2603 113 114 2748 
2604 621 1752 2600 
2605 1752 945 2600 
2606 1861 1165 3253 
2607 1526 631 3534 
2608 1829 267 3416 
2609 487 2726 3528 
2610 1744 238 2885 
2611 2246 788 2433 
2612 256 2526 2897 
2613 649 1505 3402 
2614 1591 1485 3950 
2615 339 1771 3838 
2616 1919 1466 3550 
2617 735 1537 2191 
2618 371 1450 2638 
2619 1450 523 2639 
2620 833 1456 4036 
2621 2666 264 3276 
2622 803 1856 1994 
2623 709 1741 2273 
2624 1541 650 3096 
2625 982 1541 3096 
2626 1496 715 3342 
2627 1908 1667 3498 
2628 1536 733 3684 
2629 248 1745 3468 
2630 13 14 1874 
2631 587 1484 2356 
2632 1461 809 2678 
2633 1178 3062 3430 
2634 450 2571 3645 
2635 2912 522 3986 
2636 1755 777 2362 
2637 2192 395 2710 
2638 2202 735 3847 
2639 2461 1031 3325 
2640 444 1557 2565 
2641 1557 837 2565 
2642 446 1834 2438 
2643 1834 920 2438 
2644 2483 932 3421 
2645 1503 578 2969 
2646 2676 1084 2943 
2647 1579 751 3854 
2648 2651 998 3058 
2649 2197 656 2657 
2650 800 1474 2497 
2651 1446 2534 3239 
2652 3273 557 3871 
2653 238 1935 3071 
2654 1747 330 3659 
2655 1519 648 2272 
2656 907 1459 2872 
2657 179 180 2050 
2658 2102 1163 3571 
2659 2157 1250 3180 
2660 1709 50 3260 
2661 1304 2574 3187 
2662 2126 377 2499 
2663 1064 2126 2499 
2664 287 3110 4053 
2665 566 1694 2151 
2666 1694 767 2151 
2667 1280 2223 3188 
2668 1197 2763 2840 
2669 227 1509 2835 
2670 1509 877 2835 
2671 2172 1295 2890 
2672 1229 2911 3066 
2673 1782 700 1924 
2674 753 2161 2763 
2675 3371 1380 3815 
2676 1826 1053 3518 
2677 196 197 2180 
2678 557 1552 2242 
2679 86 1464 3543 
2680 1307 1605 3974 
2681 334 2857 3783 
2682 689 1533 2242 
2683 2907 937 2954 
2684 1552 3273 4074 
2685 1590 706 3383 
2686 2281 952 3158 
2687 1821 1117 3312 
2688 359 2693 3274 
2689 1714 703 2522 
2690 1475 356 3455 
2691 1779 231 3029 
2692 2534 786 3239 
2693 2718 1578 4039 
2694 633 1764 3246 
2695 2155 1339 4029 
2696 738 1497 3225 
2697 3190 674 3759 
2698 3173 536 3577 
2699 1097 1614 2323 
2700 582 1744 2907 
2701 519 2842 3539 
2702 796 1618 2548 
2703 1771 3685 3838 
2704 437 1584 3873 
2705 1505 254 3332 
2706 1708 2694 3081 
2707 606 1712 2780 
2708 510 1822 3578 
2709 1822 1255 3578 
2710 1663 329 2033 
2711 1049 1707 3321 
2712 1463 178 2906 
2713 1999 1139 3686 
2714 2081 1047 3077 
2715 427 1859 2259 
2716 1479 524 3146 
2717 1800 733 2091 
2718 321 2350 3505 
2719 1767 1421 2854 
2720 1067 1738 2360 
2721 1054 1959 3009 
2722 1467 294 2578 
2723 39 40 2045 
2724 1525 562 3570 
2725 2140 991 2295 
2726 361 2140 2295 
2727 1477 577 4067 
2728 390 1667 2036 
2729 1741 709 1978 
2730 1464 1032 3543 
2731 57 58 1857 
2732 1167 1737 2757 
2733 1669 261 2037 
2734 965 1617 3227 
2735 377 2244 2499 
2736 950 1469 2894 
2737 911 1474 3314 
2738 1976 1630 3224 
2739 1841 640 3325 
2740 360 1719 3281 
2741 2223 701 3188 
2742 3356 1530 4008 
2743 145 2938 3090 
2744 1905 270 2524 
2745 1465 962 2767 
2746 1487 446 3166 
2747 1818 679 2374 
2748 2449 1175 2604 
2749 941 1801 2266 
2750 2018 705 2443 
2751 1430 1616 3208 
2752 1228 2184 2924 
2753 2184 940 2924 
2754 1531 2296 3773 
2755 284 1679 2112 
2756 3732 1193 3928 
2757 238 3071 3305 
2758 1714 463 2767 
2759 962 1714 2767 
2760 2940 329 3037 
2761 1443 1977 3799 
2762 1977 283 3799 
2763 2839 1145 3656 
2764 1897 3355 3450 
2765 1807 872 2359 
2766 407 1807 2359 
2767 980 1887 2757 
2768 327 1705 2931 
2769 8 9 2355 
2770 2652 1160 3117 
2771 1466 293 3550 
2772 2141 1466 3928 
2773 974 1905 2524 
2774 67 68 1803 
2775 108 109 1804 
2776 818 1472 3094 
2777 3967 1191 4042 
2778 1644 835 2494 
2779 1714 2543 3774 
2780 1987 370 3389 
2781 674 1572 3759 
2782 1495 568 2435 
2783 1490 7 3163 
2784 1928 1016 2339 
2785 816 1928 2339 
2786 525 1550 2876 
2787 1604 1820 3564 
2788 2671 300 3956 
2789 3354 1419 3463 
2790 665 1580 3801 
2791 567 1685 3582 
2792 876 2686 3401 
2793 1431 3243 3562 
2794 474 2843 3084 
2795 1967 639 3403 
2796 626 1874 3716 
2797 2886 298 3781 
2798 406 1660 3375 
2799 267 2812 3416 
2800 526 1570 2219 
2801 2277 1332 2694 
2802 553 1995 3992 
2803 2237 1147 2644 
2804 346 2237 2644 
2805 1730 606 2305 
2806 2246 2433 3489 
2807 1575 620 3677 
2808 1672 1968 3309 
2809 1964 359 3274 
2810 1680 318 2056 
2811 2296 1173 3773 
2812 342 1544 3583 
2813 2234 950 2818 
2814 333 1495 3636 
2815 2500 985 3104 
2816 1100 1852 2721 
2817 1215 1867 3793 
2818 787 2072 2459 
2819 2072 1187 2459 
2820 1162 2812 3853 
2821 2246 1291 3004 
2822 512 2246 3004 
2823 326 2562 3270 
2824 646 1859 2624 
2825 593 1504 3233 
2826 467 2459 2509 
2827 2459 1187 2509 
2828 1018 1491 3151 
2829 2448 1461 3704 
2830 1625 387 2121 
2831 1526 1014 3005 
2832 320 1507 3670 
2833 1750 1383 3653 
2834 2189 1227 2955 
2835 1990 398 2364 
2836 2457 436 3338 
2837 1476 137 3452 
2838 746 2097 4056 
2839 3248 1841 3325 
2840 728 1799 2162 
2841 1694 1165 3707 
2842 3321 1707 3651 
2843 3754 728 3756 
2844 728 1965 3756 
2845 585 2610 2868 
2846 1727 810 3627 
2847 1509 614 2650 
2848 925 2024 2035 
2849 2024 508 2035 
2850 960 2189 2955 
2851 2383 1412 4042 
2852 1143 3445 3891 
2853 821 1495 2836 
2854 573 2080 3675 
2855 983 1997 2118 
2856 2087 278 2201 
2857 925 2087 2201 
2858 710 1742 3228 
2859 137 1476 2917 
2860 2686 1437 3401 
2861 769 1482 2945 
2862 1540 2279 3069 
2863 766 1638 2124 
2864 1556 96 3080 
2865 2110 581 2211 
2866 2104 1545 3088 
2867 1519 835 2400 
2868 1609 1234 3962 
2869 820 1927 2057 
2870 1927 306 2057 
2871 861 1535 3432 
2872 776 1506 3567 
2873 579 1483 2929 
2874 1675 1040 3099 
2875 475 1675 3099 
2876 681 1984 2384 
2877 555 1529 3399 
2878 1529 422 3400 
2879 1516 3929 3991 
2880 1680 2056 3251 
2881 1537 693 3474 
2882 792 2884 3638 
2883 2183 528 2758 
2884 609 1876 2964 
2885 1281 2778 3639 
2886 3076 1071 3269 
2887 429 1577 2984 
2888 1577 949 2984 
2889 538 3342 3556 
2890 250 1612 3731 
2891 2774 1033 2836 
2892 1109 2197 2657 
2893 979 1600 3054 
2894 1600 299 3054 
2895 249 3372 3684 
2896 1610 609 2546 
2897 838 1610 2546 
2898 610 1611 2547 
2899 1611 839 2547 
2900 1057 2030 2879 
2901 1784 1000 3214 
2902 1787 636 4019 
2903 987 2449 2604 
2904 1897 323 3355 
2905 207 208 2981 
2906 1480 773 2813 
2907 65 66 1928 
2908 110 111 1929 
2909 325 1783 3017 
2910 1604 593 2208 
2911 803 1692 2470 
2912 2226 1305 2788 
2913 1288 1941 3822 
2914 1860 359 1964 
2915 883 1860 1964 
2916 1675 2786 3797 
2917 631 1794 3534 
2918 76 77 1869 
2919 476 1862 2732 
2920 1835 2742 3630 
2921 1902 435 2566 
2922 857 1505 2506 
2923 3861 1690 3969 
2924 912 2495 2755 
2925 2857 334 3741 
2926 1838 1012 3183 
2927 1516 1718 3929 
2928 898 1486 3590 
2929 1708 849 2694 
2930 1762 1145 2839 
2931 2818 950 2894 
2932 30 2165 2416 
2933 1835 900 2742 
2934 1463 2906 4041 
2935 1865 610 2961 
2936 248 3468 3899 
2937 948 1576 2994 
2938 1576 428 2994 
2939 1827 789 2514 
2940 1460 2056 3027 
2941 451 2079 2680 
2942 371 1855 2480 
2943 746 1674 2097 
2944 2544 1769 3280 
2945 1584 588 3775 
2946 1836 387 2486 
2947 914 1836 2486 
2948 29 30 2416 
2949 1764 998 2568 
2950 809 2448 3326 
2951 260 1493 3009 
2952 1470 3049 3164 
2953 140 141 1910 
2954 336 1564 2298 
2955 702 1621 2173 
2956 702 1911 3681 
2957 1673 723 2293 
2958 1378 1779 3029 
2959 846 2490 2517 
2960 614 1509 3148 
2961 2621 905 2902 
2962 469 2085 3237 
2963 2349 793 2568 
2964 1547 902 2333 
2965 1980 496 2948 
2966 1135 1980 2948 
2967 837 2030 2625 
2968 2207 364 3626 
2969 1513 2207 3626 
2970 593 1670 2208 
2971 1670 772 2208 
2972 1494 929 2985 
2973 2392 438 2834 
2974 1282 2392 2834 
2975 1883 922 2379 
2976 2073 1103 2754 
2977 462 2073 2754 
2978 2151 1053 2577 
2979 1566 776 2306 
2980 1133 2050 3153 
2981 2269 907 2872 
2982 1811 1068 2898 
2983 447 1983 2731 
2984 1983 1086 2731 
2985 1110 1772 2192 
2986 1541 927 2381 
2987 2463 503 2883 
2988 1343 2463 2883 
2989 1885 371 2480 
2990 2544 1246 2634 
2991 276 2544 2634 
2992 592 2145 3051 
2993 2120 1021 2446 
2994 833 2120 2446 
2995 778 1681 2405 
2996 2093 795 2351 
2997 1500 897 2618 
2998 724 1878 3878 
2999 533 1494 3020 
3000 643 2350 3364 
3001 2350 1484 3364 
3002 264 1774 3467 
3003 1698 617 3892 
3004 1700 869 2559 
3005 481 1700 2559 
3006 2535 527 3883 
3007 1475 2351 2630 
3008 51 52 1953 
3009 2712 882 4047 
3010 1612 584 2569 
3011 148 149 2228 
3012 988 2451 2864 
3013 1864 3000 3323 
3014 2613 1218 3843 
3015 707 1711 2245 
3016 223 1689 2561 
3017 1689 865 2561 
3018 1217 3150 3696 
3019 1562 618 2327 
3020 903 2737 3776 
3021 2721 928 2738 
3022 813 1498 2959 
3023 1495 821 2819 
3024 2109 603 3374 
3025 1790 857 3741 
3026 2063 770 2476 
3027 1496 538 2895 
3028 787 1556 3080 
3029 1768 2756 3749 
3030 1427 1594 3783 
3031 1512 569 3103 
3032 2205 765 3452 
3033 3110 1404 4053 
3034 1502 848 2807 
3035 613 1553 3064 
3036 1553 957 3064 
3037 2726 1297 3528 
3038 3049 547 3164 
3039 568 1495 2819 
3040 1556 1784 3271 
3041 1569 745 2371 
3042 562 1583 3570 
3043 851 1960 2019 
3044 741 1615 3918 
3045 1755 2362 3346 
3046 123 1521 3209 
3047 1555 546 2998 
3048 3327 1244 3890 
3049 1720 586 2091 
3050 1740 691 3917 
3051 749 1602 2298 
3052 1602 336 2298 
3053 2938 1366 3090 
3054 860 1863 2121 
3055 154 1645 3221 
3056 1513 889 3987 
3057 400 1664 2942 
3058 1664 979 2942 
3059 2183 739 2319 
3060 3436 2315 3949 
3061 1486 1850 4069 
3062 2398 680 3506 
3063 1492 2532 3796 
3064 879 1655 2672 
3065 1655 542 2672 
3066 721 1503 2969 
3067 676 1883 2573 
3068 611 2258 3902 
3069 666 2626 3409 
3070 1783 599 3041 
3071 1081 1906 3215 
3072 897 1500 3112 
3073 2521 53 3420 
3074 1307 2504 2969 
3075 1104 2502 3812 
3076 1480 2813 3861 
3077 352 1627 4022 
3078 660 2596 4023 
3079 1688 408 2250 
3080 889 1589 2302 
3081 1521 880 3175 
3082 718 1674 3118 
3083 2056 318 3027 
3084 707 1945 2608 
3085 1945 999 2608 
3086 594 1678 2455 
3087 2269 2872 3182 
3088 2503 1105 3808 
3089 1538 229 3348 
3090 2417 1171 2552 
3091 794 2417 2552 
3092 2688 1030 2699 
3093 638 1588 3717 
3094 2143 831 2434 
3095 1019 2143 2434 
3096 3203 850 4053 
3097 1501 1057 2817 
3098 2487 967 3023 
3099 344 1561 3010 
3100 2813 597 3861 
3101 3059 1437 3549 
3102 1856 445 1994 
3103 13 1874 3933 
3104 208 2737 2981 
3105 3503 1349 3728 
3106 2106 845 2150 
3107 1505 857 3402 
3108 597 1690 3861 
3109 982 1539 2479 
3110 655 1704 2504 
3111 1530 1058 3238 
3112 1055 1709 3260 
3113 2179 1026 3034 
3114 1517 815 2613 
3115 1347 2612 2766 
3116 2612 840 2766 
3117 1631 229 4015 
3118 1930 1060 2670 
3119 712 1508 2925 
3120 1613 182 2848 
3121 889 1513 2986 
3122 1616 377 3208 
3123 877 1509 3008 
3124 1849 795 2093 
3125 317 1849 2093 
3126 1583 237 3224 
3127 1693 594 2455 
3128 504 2694 3073 
3129 1630 410 2290 
3130 408 1688 2784 
3131 1688 919 2784 
3132 965 1527 3924 
3133 2118 716 2692 
3134 1101 2032 3079 
3135 638 1918 3445 
3136 743 1727 2352 
3137 620 1575 3588 
3138 2392 1563 3960 
3139 1794 3393 3534 
3140 1687 250 3731 
3141 1422 2479 4001 
3142 2532 472 3796 
3143 1571 873 2858 
3144 3449 564 3490 
3145 1014 1526 3132 
3146 977 2883 3213 
3147 2646 533 2655 
3148 1293 2646 2655 
3149 529 1853 2005 
3150 1939 864 2525 
3151 91 92 1922 
3152 2183 2758 3068 
3153 2100 1084 3537 
3154 1225 1890 4070 
3155 2465 1104 3279 
3156 1653 729 3572 
3157 755 1549 2793 
3158 2444 534 2484 
3159 1143 2444 2484 
3160 1598 366 2366 
3161 1541 982 3216 
3162 1527 197 3924 
3163 792 2310 2884 
3164 719 2027 2732 
3165 287 2283 2779 
3166 2283 1186 2779 
3167 564 1606 3752 
3168 1614 398 2323 
3169 835 1519 3644 
3170 1734 1073 3213 
3171 503 1734 3213 
3172 826 1663 3495 
3173 2381 1703 3496 
3174 1896 397 2594 
3175 971 1896 2594 
3176 1524 665 2893 
3177 607 1651 2212 
3178 3056 782 4083 
3179 1531 290 3185 
3180 336 1602 3751 
3181 1652 567 2661 
3182 181 1613 3153 
3183 2590 294 3193 
3184 1575 338 2374 
3185 562 1525 3301 
3186 199 1617 2846 
3187 1192 3861 3969 
3188 1282 2861 3787 
3189 1511 2590 3193 
3190 2781 1188 3252 
3191 1523 903 3031 
3192 2899 658 3922 
3193 332 2115 3991 
3194 293 1518 2729 
3195 812 2119 2430 
3196 233 1697 2341 
3197 1837 1044 2388 
3198 695 1817 2244 
3199 1817 824 2244 
3200 1522 706 3055 
3201 1522 549 3053 
3202 2492 1520 3790 
3203 1084 2909 3537 
3204 1939 2525 3889 
3205 537 1539 2534 
3206 729 1848 2620 
3207 2123 399 3319 
3208 2756 473 3749 
3209 2020 1281 3639 
3210 703 1920 2522 
3211 2052 704 2225 
3212 1706 371 2638 
3213 1606 1131 3752 
3214 842 1560 2705 
3215 1560 403 2705 
3216 1390 2009 2398 
3217 1539 982 3261 
3218 262 1539 3261 
3219 691 1802 3917 
3220 2419 1449 3554 
3221 422 2691 3616 
3222 1561 605 3518 
3223 1405 1918 2716 
3224 2032 439 2550 
3225 1025 2032 2550 
3226 1652 2661 3160 
3227 2504 721 2969 
3228 382 1723 2240 
3229 1723 780 2240 
3230 647 1792 3223 
3231 893 1517 4065 
3232 2136 713 2137 
3233 1020 2136 2137 
3234 440 1972 2382 
3235 1972 924 2382 
3236 1535 193 3432 
3237 1920 703 3722 
3238 1876 1051 2964 
3239 1832 809 2059 
3240 1609 789 2393 
3241 1639 352 4022 
3242 729 1653 3330 
3243 2386 977 3213 
3244 1685 397 2709 
3245 903 1523 2981 
3246 698 1956 2112 
3247 1597 554 3688 
3248 758 2092 2920 
3249 1645 1067 3221 
3250 2030 494 2879 
3251 1965 728 2162 
3252 1476 2414 3316 
3253 1105 2466 3297 
3254 977 2321 2464 
3255 420 2441 2735 
3256 580 1626 3944 
3257 1577 429 3560 
3258 1044 1865 2961 
3259 1605 578 3665 
3260 1542 539 3296 
3261 2103 843 2243 
3262 2696 1726 3717 
3263 862 2156 2457 
3264 1576 948 2403 
3265 949 1577 2404 
3266 1082 1766 2316 
3267 640 1543 3325 
3268 206 1523 2840 
3269 752 1524 3230 
3270 1529 777 2691 
3271 774 1771 2158 
3272 1771 339 2158 
3273 1652 1004 4076 
3274 838 1780 2662 
3275 1781 839 2663 
3276 1808 430 2806 
3277 817 1632 2281 
3278 1528 339 3838 
3279 1723 607 2212 
3280 780 1723 2212 
3281 2229 1138 2715 
3282 227 2229 2715 
3283 1555 891 3643 
3284 250 1687 3881 
3285 1687 1199 3881 
3286 104 105 2663 
3287 71 72 2662 
3288 1507 2798 2896 
3289 2798 528 2896 
3290 2292 275 3174 
3291 736 1630 2290 
3292 2144 758 2920 
3293 1002 2261 2735 
3294 842 1532 3709 
3295 2690 375 3075 
3296 2347 1303 3017 
3297 953 2347 3017 
3298 131 132 3829 
3299 758 1785 2092 
3300 1533 689 3076 
3301 1581 873 3872 
3302 1774 264 3394 
3303 188 1793 3065 
3304 2610 1221 2868 
3305 1062 1607 3575 
3306 673 2795 3538 
3307 2181 393 2575 
3308 3101 1631 4015 
3309 939 2157 2791 
3310 2157 1134 2791 
3311 1917 1007 2733 
3312 2534 1446 3459 
3313 149 150 1938 
3314 687 2203 3996 
3315 2203 1594 3996 
3316 1751 3012 3482 
3317 1355 2643 3171 
3318 1687 1229 3066 
3319 732 1925 3212 
3320 1683 246 2306 
3321 776 1683 2306 
3322 3490 564 3752 
3323 1822 510 3210 
3324 1364 2204 3304 
3325 219 220 3243 
3326 672 1551 3373 
3327 2246 512 3798 
3328 611 2098 2870 
3329 263 1764 2568 
3330 1628 1266 3907 
3331 849 2277 2694 
3332 2694 1332 3073 
3333 969 1885 2480 
3334 761 1729 2207 
3335 1729 364 2207 
3336 742 1731 3368 
3337 1731 1095 3368 
3338 698 1679 2232 
3339 1140 1831 3557 
3340 400 1839 3170 
3341 996 2169 2474 
3342 2777 1324 3768 
3343 1627 751 3715 
3344 1914 256 2897 
3345 1971 376 2107 
3346 692 1976 2782 
3347 921 1538 3348 
3348 1550 870 2876 
3349 1847 726 2481 
3350 1979 692 2782 
3351 859 1839 2342 
3352 1839 400 2342 
3353 782 2324 4083 
3354 1061 1570 3458 
3355 647 1595 3154 
3356 1863 860 2501 
3357 2842 1406 3539 
3358 781 1584 3775 
3359 1917 2733 4077 
3360 764 1686 2271 
3361 1686 422 2271 
3362 1796 1238 3335 
3363 796 2492 3790 
3364 2003 710 3228 
3365 144 1555 3643 
3366 896 1554 2560 
3367 2501 1428 4007 
3368 766 2124 2751 
3369 650 1541 3496 
3370 1821 742 2142 
3371 1117 1821 2142 
3372 873 1571 2513 
3373 1571 132 2513 
3374 1602 3490 3752 
3375 1133 1540 3069 
3376 2326 1186 3057 
3377 871 2589 3502 
3378 193 1535 3042 
3379 355 1648 2297 
3380 615 1556 3343 
3381 146 147 1934 
3382 758 2144 2988 
3383 731 1628 2332 
3384 455 2419 3554 
3385 1143 2484 3445 
3386 941 2266 2605 
3387 417 2426 3730 
3388 1612 250 3766 
3389 1356 2178 3413 
3390 2178 697 3413 
3391 2680 2079 4073 
3392 1186 2326 2779 
3393 2326 884 2779 
3394 2802 1294 3799 
3395 985 2500 3242 
3396 2500 1478 3242 
3397 3468 1479 3899 
3398 704 1598 3587 
3399 1598 1077 3587 
3400 618 1829 3416 
3401 1650 401 2304 
3402 1150 2134 2279 
3403 234 1550 2808 
3404 406 2131 3097 
3405 705 2018 3836 
3406 1556 787 3343 
3407 567 1652 4076 
3408 2171 1946 3344 
3409 730 2132 3194 
3410 578 1633 3665 
3411 2759 274 2762 
3412 2671 854 2958 
3413 927 1541 2800 
3414 1283 1624 3863 
3415 1845 263 2076 
3416 110 1929 2937 
3417 1928 66 2936 
3418 2022 720 2023 
3419 897 2022 2023 
3420 2210 1080 2591 
3421 280 2210 2591 
3422 2422 871 3502 
3423 748 1745 3634 
3424 1745 1171 3634 
3425 731 1688 2250 
3426 1817 477 3050 
3427 460 1642 2402 
3428 682 2780 3438 
3429 1096 3059 3549 
3430 923 2074 2286 
3431 3060 1333 3086 
3432 2190 758 2988 
3433 1712 359 4040 
3434 1232 1712 4040 
3435 1154 1634 3882 
3436 2133 867 2411 
3437 1542 380 3070 
3438 908 1542 3070 
3439 1001 1563 3367 
3440 1574 899 2966 
3441 1559 280 2591 
3442 2972 1589 3982 
3443 1651 223 3522 
3444 1370 2398 3506 
3445 1692 375 2470 
3446 388 1548 3215 
3447 2210 1659 3240 
3448 1030 1546 2699 
3449 1666 361 2415 
3450 837 1557 3290 
3451 1564 841 3226 
3452 1260 1811 2155 
3453 1811 724 2155 
3454 2888 672 3669 
3455 1821 129 2299 
3456 2259 973 3043 
3457 3130 1115 3424 
3458 1897 698 2232 
3459 1149 2187 2565 
3460 2187 444 2565 
3461 164 1665 4082 
3462 1920 1062 2522 
3463 1697 233 2540 
3464 535 3356 4008 
3465 287 1673 2293 
3466 537 2534 3459 
3467 2333 1270 3392 
3468 1252 1901 3681 
3469 1901 702 3681 
3470 1823 36 3156 
3471 1739 289 2490 
3472 846 1739 2490 
3473 1959 260 3009 
3474 2345 1500 3816 
3475 1488 3449 3490 
3476 1960 734 2019 
3477 1583 562 3492 
3478 237 1583 3493 
3479 2018 3720 3836 
3480 256 1585 2526 
3481 1645 155 3625 
3482 1545 585 3088 
3483 496 1980 2377 
3484 749 2010 3277 
3485 3040 1072 3106 
3486 543 1717 2750 
3487 2631 1153 3801 
3488 2326 3057 3985 
3489 3050 477 3476 
3490 2375 1267 3747 
3491 2057 306 3309 
3492 1226 2057 3309 
3493 1093 3354 3463 
3494 2191 1635 3847 
3495 1760 231 2309 
3496 798 1760 2309 
3497 1797 363 2519 
3498 733 1800 3684 
3499 807 3494 3903 
3500 3196 1920 3722 
3501 1685 567 4076 
3502 749 2372 3490 
3503 2372 1488 3490 
3504 365 1942 2963 
3505 969 1573 3168 
3506 2220 1239 3001 
3507 466 2220 3001 
3508 2069 1243 3362 
3509 243 2069 3362 
3510 1573 840 2607 
3511 1046 1820 2130 
3512 2333 902 3256 
3513 942 1568 3779 
3514 96 1556 3271 
3515 734 1834 2855 
3516 737 1899 3301 
3517 789 2263 3124 
3518 1890 1150 2579 
3519 1182 1560 3623 
3520 1822 674 2229 
3521 1134 2157 3180 
3522 1416 1604 3564 
3523 404 2315 3436 
3524 1864 608 2338 
3525 1045 1864 2338 
3526 2911 500 3066 
3527 1560 842 3044 
3528 537 3459 4001 
3529 1217 1639 2862 
3530 1887 590 3667 
3531 1235 1887 3667 
3532 97 98 2072 
3533 1127 2483 3421 
3534 1838 602 3039 
3535 403 1560 2684 
3536 1570 1003 3292 
3537 902 1547 2801 
3538 1874 1267 3933 
3539 338 1575 2616 
3540 1798 747 2380 
3541 1568 305 3269 
3542 2015 468 2031 
3543 804 2015 2031 
3544 1565 657 2673 
3545 387 1625 2397 
3546 216 1640 2520 
3547 152 153 2106 
3548 1647 797 3217 
3549 1812 441 2436 
3550 540 2029 2477 
3551 2029 960 2477 
3552 99 100 2083 
3553 1546 291 3359 
3554 1635 1493 3847 
3555 1064 1769 2331 
3556 1769 890 2331 
3557 1857 58 3990 
3558 675 1567 2690 
3559 3272 511 3745 
3560 961 2095 2385 
3561 2095 866 2385 
3562 1142 2257 4043 
3563 2151 2577 3898 
3564 810 2537 3627 
3565 1802 691 2804 
3566 1799 274 2162 
3567 1720 1009 3095 
3568 382 1720 3095 
3569 2945 541 3347 
3570 228 1579 2622 
3571 1595 335 3500 
3572 3166 1142 4043 
3573 254 1840 2627 
3574 1177 3532 3716 
3575 1888 1465 2767 
3576 368 1674 3178 
3577 2477 1558 3981 
3578 759 3317 3865 
3579 1078 2214 4010 
3580 785 2077 2280 
3581 185 186 1998 
3582 391 1638 3629 
3583 1457 2357 3910 
3584 1264 3462 4045 
3585 887 1736 2952 
3586 1328 2521 3420 
3587 3342 1449 3556 
3588 3120 573 3675 
3589 1580 2631 3801 
3590 2857 1427 3783 
3591 1587 255 4072 
3592 1234 1768 2977 
3593 723 1673 4073 
3594 2804 691 3045 
3595 1551 2584 3373 
3596 2584 1006 3373 
3597 1089 1825 3485 
3598 3341 1078 4010 
3599 1366 1555 3090 
3600 1555 144 3090 
3601 1396 2082 3721 
3602 2082 507 3721 
3603 2625 2030 3184 
3604 558 1731 3439 
3605 1601 791 2788 
3606 48 1647 3217 
3607 1819 984 2447 
3608 1768 892 2756 
3609 1554 896 4060 
3610 1686 1065 3400 
3611 422 1686 3400 
3612 1690 597 2334 
3613 772 1690 2334 
3614 1622 784 2458 
3615 322 1622 2458 
3616 2283 850 2702 
3617 452 1736 2695 
3618 1736 887 2695 
3619 2596 660 3919 
3620 2256 3683 3848 
3621 1756 524 3827 
3622 1623 438 2451 
3623 841 1564 3142 
3624 583 1635 2423 
3625 1824 348 2154 
3626 772 1670 4078 
3627 1573 451 2766 
3628 840 1573 2766 
3629 730 2345 3816 
3630 1416 3464 3978 
3631 891 1555 2998 
3632 1738 587 3504 
3633 639 1582 3141 
3634 1311 2040 3409 
3635 1954 3440 3569 
3636 1557 666 3198 
3637 335 2501 4007 
3638 1561 344 3245 
3639 2845 286 3006 
3640 2366 366 3831 
3641 1607 2366 3831 
3642 1610 72 3606 
3643 104 1611 3605 
3644 1039 2131 2517 
3645 2669 692 2996 
3646 484 1737 3719 
3647 1737 1167 3719 
3648 688 2082 2526 
3649 1557 444 2957 
3650 1236 2042 3697 
3651 919 1688 3294 
3652 1602 749 3490 
3653 591 2071 3615 
3654 2071 1337 3615 
3655 1864 1045 2995 
3656 300 1864 2995 
3657 2101 253 3159 
3658 1520 2492 3957 
3659 2086 1248 3997 
3660 821 1566 3671 
3661 648 1568 3440 
3662 2048 315 2381 
3663 927 2048 2381 
3664 966 2170 2250 
3665 2170 731 2250 
3666 716 1997 2783 
3667 1614 547 3049 
3668 1895 1166 2925 
3669 900 1965 2162 
3670 360 3281 4024 
3671 2694 504 3081 
3672 1767 834 2233 
3673 1791 3108 4030 
3674 1690 772 4078 
3675 1589 556 3982 
3676 687 2152 2203 
3677 2152 1225 2203 
3678 2335 279 3018 
3679 606 1730 2850 
3680 1730 930 2850 
3681 1628 994 3152 
3682 878 2482 2993 
3683 2463 797 2989 
3684 2115 1310 2913 
3685 635 1563 3787 
3686 1656 916 2570 
3687 2582 712 2925 
3688 386 2094 2801 
3689 1706 626 2328 
3690 1205 2652 3527 
3691 1741 275 2273 
3692 1097 2323 2908 
3693 3170 1839 3360 
3694 312 2422 2970 
3695 2422 1290 2970 
3696 783 1569 3622 
3697 745 1847 3762 
3698 3012 1032 3482 
3699 1613 569 3579 
3700 1820 360 4024 
3701 1949 234 2510 
3702 10 1593 3390 
3703 2807 848 2922 
3704 561 1774 2291 
3705 1774 989 2291 
3706 1673 287 2779 
3707 884 1673 2779 
3708 1588 978 2696 
3709 1857 1254 2324 
3710 2359 872 2379 
3711 1757 794 2552 
3712 617 1698 2346 
3713 831 1765 2434 
3714 1765 296 2434 
3715 1906 388 3215 
3716 175 176 2002 
3717 1629 869 3736 
3718 567 1596 2661 
3719 230 2272 3448 
3720 2125 1125 3544 
3721 1833 771 2254 
3722 3341 544 3733 
3723 46 47 2028 
3724 1586 355 2718 
3725 1596 1388 3377 
3726 2167 621 3708 
3727 2296 1531 3185 
3728 2256 747 3683 
3729 1754 1169 3720 
3730 443 1754 3720 
3731 1849 317 3028 
3732 2567 801 3508 
3733 266 1633 2771 
3734 756 1994 3555 
3735 2138 1924 3692 
3736 2058 828 2099 
3737 2391 1650 3538 
3738 1031 2374 3248 
3739 2980 396 3111 
3740 2118 2692 3133 
3741 1588 327 3275 
3742 978 1588 3275 
3743 435 1925 2387 
3744 1925 878 2387 
3745 1711 976 3702 
3746 540 2477 3981 
3747 406 3097 3458 
3748 1843 668 2330 
3749 828 1843 2330 
3750 1059 1716 2335 
3751 899 1574 2971 
3752 212 1574 2953 
3753 1762 364 2262 
3754 784 1622 3140 
3755 1996 1287 3016 
3756 1607 1062 3298 
3757 1240 2041 3454 
3758 2041 637 3454 
3759 2562 634 3242 
3760 1478 2562 3242 
3761 791 1601 2761 
3762 1960 295 2656 
3763 895 1578 3529 
3764 674 1620 3655 
3765 1910 141 3934 
3766 804 1606 2820 
3767 2493 832 4061 
3768 2239 1040 3503 
3769 1737 484 2728 
3770 1249 1658 3886 
3771 541 2945 3370 
3772 599 1783 2440 
3773 888 2660 2931 
3774 2660 1401 2931 
3775 384 1695 3019 
3776 1695 968 3019 
3777 2337 806 3461 
3778 2113 1079 2200 
3779 1910 1308 3802 
3780 1655 954 3036 
3781 542 1655 3036 
3782 990 1919 3550 
3783 820 1691 2538 
3784 1691 373 2538 
3785 1408 2807 2922 
3786 978 1933 2696 
3787 1933 453 2696 
3788 2820 564 3449 
3789 233 1759 2408 
3790 1759 818 2408 
3791 2732 2027 3788 
3792 1647 48 3085 
3793 33 34 2448 
3794 239 2340 3727 
3795 1959 1054 3360 
3796 1587 847 3219 
3797 1111 1747 3659 
3798 1677 258 2607 
3799 840 1677 2607 
3800 1603 823 3869 
3801 1069 2571 3597 
3802 2201 862 2457 
3803 1269 2082 4039 
3804 1582 805 3141 
3805 1876 73 3382 
3806 2071 591 2967 
3807 419 1963 2400 
3808 2073 716 2783 
3809 1661 604 3098 
3810 1585 256 2824 
3811 1886 429 2475 
3812 874 1886 2475 
3813 1681 529 2405 
3814 1791 1003 3108 
3815 1126 2129 3378 
3816 798 2309 2373 
3817 2309 1015 2373 
3818 2725 1349 3503 
3819 1643 913 2697 
3820 218 1643 2697 
3821 1678 840 2612 
3822 374 1678 2612 
3823 1459 2084 2933 
3824 1858 711 2185 
3825 682 1592 2780 
3826 1623 871 2834 
3827 438 1623 2834 
3828 3196 1083 3255 
3829 933 2077 3713 
3830 1183 3433 3849 
3831 1633 754 3665 
3832 355 1586 2867 
3833 1308 1666 3927 
3834 1956 946 2112 
3835 2661 968 3160 
3836 1513 2839 2986 
3837 2839 556 2986 
3838 88 2772 3304 
3839 313 1794 2601 
3840 1952 445 2206 
3841 825 1952 2206 
3842 1608 818 3094 
3843 2026 973 3580 
3844 299 1600 3512 
3845 1596 384 3019 
3846 1925 732 2139 
3847 2666 941 3654 
3848 2187 3646 3833 
3849 820 1805 2369 
3850 1805 449 2369 
3851 612 1601 2788 
3852 1682 781 3775 
3853 2190 1272 3310 
3854 758 2190 3310 
3855 2264 1862 2926 
3856 1850 1116 4069 
3857 1589 889 2986 
3858 556 1589 2986 
3859 847 1599 3219 
3860 1751 84 3012 
3861 548 1608 3548 
3862 56 1931 2974 
3863 774 1971 2107 
3864 125 1668 2648 
3865 1668 880 2648 
3866 1878 724 2182 
3867 1617 200 2598 
3868 1610 838 2662 
3869 839 1611 2663 
3870 116 117 2044 
3871 1683 776 3567 
3872 201 202 2679 
3873 1753 368 3178 
3874 2372 749 3277 
3875 745 1750 2371 
3876 1599 642 3219 
3877 1254 1857 3990 
3878 1745 748 3468 
3879 719 1812 2436 
3880 1776 282 2941 
3881 1728 761 2914 
3882 975 2262 2797 
3883 2129 1386 3378 
3884 2571 1489 3597 
3885 1646 597 2813 
3886 2111 737 3301 
3887 1050 1701 2469 
3888 1698 768 3123 
3889 1618 285 2949 
3890 894 1618 2949 
3891 1842 354 2989 
3892 970 2078 2153 
3893 1397 2554 3084 
3894 2554 1026 3084 
3895 1244 2644 3890 
3896 2503 443 3525 
3897 600 1591 3072 
3898 2487 1715 2865 
3899 1919 760 3745 
3900 3149 1198 3602 
3901 606 1592 3106 
3902 648 1954 2272 
3903 1954 1041 2272 
3904 759 1785 3317 
3905 351 1785 3310 
3906 1606 564 2820 
3907 2014 1009 2117 
3908 783 1813 2286 
3909 151 152 2150 
3910 1387 1646 3764 
3911 409 1875 2498 
3912 1286 1813 2866 
3913 1815 695 2244 
3914 1691 659 2450 
3915 1738 379 2360 
3916 1766 561 2316 
3917 1607 933 2769 
3918 1185 3334 3411 
3919 742 1821 2299 
3920 763 1814 2611 
3921 1908 262 3261 
3922 2290 410 2533 
3923 2098 1371 3718 
3924 286 2098 3718 
3925 1973 1140 3349 
3926 309 1777 2403 
3927 1778 310 2404 
3928 742 2299 3439 
3929 732 3212 3618 
3930 1929 1017 2937 
3931 1016 1928 2936 
3932 2009 680 2398 
3933 1724 320 3670 
3934 2311 1131 3136 
3935 844 1693 2455 
3936 1433 2945 3347 
3937 726 2114 2481 
3938 429 1886 2388 
3939 1886 852 2388 
3940 2532 1492 3852 
3941 1774 1075 3467 
3942 1638 766 3629 
3943 2556 1255 2835 
3944 877 2556 2835 
3945 1999 655 2504 
3946 2251 493 3211 
3947 1257 2251 3211 
3948 1682 259 3139 
3949 1318 2235 3024 
3950 1280 2456 2972 
3951 2456 303 2972 
3952 1812 719 2264 
3953 306 1672 3309 
3954 1997 716 2118 
3955 2159 859 2342 
3956 935 2159 2342 
3957 2050 1133 3069 
3958 727 2050 3069 
3959 2313 1682 3491 
3960 1500 2345 3112 
3961 932 2164 2910 
3962 2471 879 2790 
3963 1204 2471 2790 
3964 187 188 3065 
3965 2501 860 2689 
3966 1909 157 3513 
3967 1171 2417 3634 
3968 474 2284 3761 
3969 2643 479 3171 
3970 2103 1048 2478 
3971 1684 950 2498 
3972 2130 541 3370 
3973 2492 362 3957 
3974 1755 237 2516 
3975 1231 2166 2907 
3976 1636 226 3121 
3977 955 1636 3121 
3978 2270 764 2271 
3979 1008 2270 2271 
3980 2624 1859 3067 
3981 744 2255 3237 
3982 101 1837 3352 
3983 1761 798 2378 
3984 374 1761 2378 
3985 2139 307 2482 
3986 637 1649 3454 
3987 1632 115 2668 
3988 3120 1319 3628 
3989 2517 406 3375 
3990 345 2014 2117 
3991 1793 188 2999 
3992 2063 2476 3488 
3993 952 1632 2668 
3994 410 1630 2669 
3995 1367 2176 3825 
3996 2062 816 2555 
3997 2093 2351 3782 
3998 1635 402 3183 
3999 1840 649 2579 
4000 269 2248 3723 
4001 1937 434 3809 
4002 1079 2571 4020 
4003 2572 480 3151 
4004 2299 1338 3439 
4005 1877 248 3899 
4006 1003 1660 3292 
4007 1660 406 3292 
4008 1954 648 3440 
4009 1514 2237 3984 
4010 396 2336 3111 
4011 265 1833 2254 
4012 1699 302 2487 
4013 1636 955 2658 
4014 992 1783 3025 
4015 1783 325 3025 
4016 419 1644 3621 
4017 1813 245 2286 
4018 760 1953 2521 
4019 1745 1377 3038 
4020 896 1662 2566 
4021 2945 1482 3370 
4022 389 3060 3086 
4023 983 2118 2983 
4024 1608 370 3197 
4025 774 3566 3592 
4026 808 2058 2099 
4027 668 1788 2330 
4028 933 1607 3831 
4029 1902 2566 3740 
4030 2134 471 3013 
4031 1167 2757 3727 
4032 370 1608 3094 
4033 1074 2001 3386 
4034 3317 1558 3865 
4035 3929 332 3991 
4036 36 37 3156 
4037 2041 1419 3354 
4038 930 1730 2427 
4039 1990 2364 3413 
4040 886 1649 2890 
4041 1649 222 2890 
4042 474 3761 4049 
4043 270 2717 4012 
4044 1632 817 2748 
4045 2028 797 2463 
4046 1343 2028 2463 
4047 1626 407 3048 
4048 2237 346 3984 
4049 638 1726 2716 
4050 2187 1149 3646 
4051 2183 2319 3706 
4052 602 1617 3690 
4053 1158 2152 3893 
4054 1253 1910 3934 
4055 1623 663 3470 
4056 2148 324 2401 
4057 957 2148 2401 
4058 1820 652 3564 
4059 858 2564 3480 
4060 917 2878 3559 
4061 3059 756 3555 
4062 943 2437 2606 
4063 320 1724 3422 
4064 1724 1056 3422 
4065 1404 3110 3888 
4066 608 1864 3323 
4067 2652 1205 3039 
4068 138 139 2205 
4069 2327 618 3416 
4070 1170 2667 3835 
4071 2459 467 2828 
4072 1662 268 3803 
4073 1756 1023 2413 
4074 1185 2149 3334 
4075 1704 721 2504 
4076 909 1810 2974 
4077 1950 421 2385 
4078 866 1950 2385 
4079 1662 683 3740 
4080 1027 2290 2533 
4081 253 2830 3159 
4082 234 2445 2510 
4083 629 1868 2721 
4084 1868 928 2721 
4085 1796 368 2614 
4086 1663 2033 3495 
4087 377 1616 2904 
4088 1789 344 3010 
4089 807 2294 4029 
4090 467 2509 2747 
4091 581 2110 3993 
4092 2110 1452 3993 
4093 1616 558 2858 
4094 1771 774 3592 
4095 1649 637 3614 
4096 3000 1011 3323 
4097 67 1803 2936 
4098 1804 109 2937 
4099 2248 3536 3723 
4100 2626 1261 3409 
4101 463 1888 2767 
4102 1067 1645 3601 
4103 1658 639 3141 
4104 1010 2296 3185 
4105 2042 326 3697 
4106 1095 1699 2527 
4107 2295 807 3903 
4108 2017 290 2776 
4109 614 1746 2650 
4110 2283 2702 3320 
4111 2176 575 3825 
4112 649 1890 2579 
4113 2297 686 3769 
4114 2076 263 2568 
4115 2179 345 2962 
4116 1429 2288 3064 
4117 2115 1301 3991 
4118 2325 1030 2688 
4119 2424 1069 2892 
4120 1926 768 3784 
4121 1942 365 3479 
4122 1723 382 2755 
4123 2107 863 3566 
4124 381 2124 2349 
4125 1648 355 3596 
4126 274 1843 2762 
4127 865 1689 2838 
4128 2136 268 2560 
4129 789 1827 2393 
4130 351 3310 3406 
4131 662 1973 3349 
4132 3468 748 3827 
4133 2219 747 3497 
4134 2596 1435 4023 
4135 1806 1013 2341 
4136 2054 694 2554 
4137 1688 2332 3294 
4138 1200 1675 3797 
4139 2307 246 3837 
4140 1633 578 3661 
4141 1634 553 3407 
4142 3108 242 4030 
4143 2281 412 2734 
4144 1212 3316 3584 
4145 402 1838 3183 
4146 1617 602 3227 
4147 844 1657 3611 
4148 463 1714 2522 
4149 2714 1345 2870 
4150 875 2714 2870 
4151 1701 342 3938 
4152 1640 600 3804 
4153 408 1696 3032 
4154 1696 938 3032 
4155 871 1623 3609 
4156 129 130 2299 
4157 1725 2038 3438 
4158 2731 1086 2856 
4159 2653 997 2706 
4160 2430 2119 3859 
4161 1011 1733 3322 
4162 2128 499 2289 
4163 964 2128 2289 
4164 574 2863 3701 
4165 497 2412 3746 
4166 2040 666 3409 
4167 1426 2542 3109 
4168 603 1653 3572 
4169 660 1700 3915 
4170 2130 1820 4024 
4171 618 1629 3736 
4172 269 1798 2380 
4173 1672 306 3771 
4174 747 2256 3497 
4175 1792 2561 3223 
4176 951 1855 2328 
4177 1764 263 3246 
4178 3237 2255 3851 
4179 865 1625 3223 
4180 268 2136 2677 
4181 2136 1020 2677 
4182 830 2039 2467 
4183 2039 1000 2467 
4184 1894 913 2346 
4185 55 56 2974 
4186 751 1891 3715 
4187 737 2111 4050 
4188 2433 2026 3580 
4189 2536 1111 4017 
4190 52 53 2521 
4191 994 1628 3288 
4192 1734 794 2805 
4193 44 45 2464 
4194 1625 865 3565 
4195 1746 318 3035 
4196 768 1698 3892 
4197 2878 1514 3559 
4198 3669 1937 3809 
4199 3153 1613 3579 
4200 2089 926 4005 
4201 458 1620 3190 
4202 2305 606 3106 
4203 1807 628 2810 
4204 1890 649 4070 
4205 1458 2307 3837 
4206 604 1661 3737 
4207 298 2649 3781 
4208 644 1697 3870 
4209 863 2889 3566 
4210 1990 1154 2958 
4211 2088 469 2539 
4212 2073 462 2699 
4213 1792 780 3522 
4214 1644 1020 3621 
4215 1625 647 3223 
4216 2303 1193 3344 
4217 2111 4026 4050 
4218 1922 830 3073 
4219 1650 673 3538 
4220 1696 1285 3856 
4221 643 1958 2350 
4222 1958 1085 2350 
4223 282 1776 2955 
4224 1776 960 2955 
4225 661 1684 3777 
4226 1657 304 3611 
4227 1900 942 2615 
4228 312 1637 2861 
4229 2249 1156 2939 
4230 460 2249 2939 
4231 1673 884 2680 
4232 1792 647 3154 
4233 2160 1107 2255 
4234 1145 2715 3656 
4235 2541 1253 3934 
4236 782 1857 2324 
4237 1144 2759 2762 
4238 2362 508 3346 
4239 2078 489 2153 
4240 2494 1236 2915 
4241 551 2494 2915 
4242 358 1802 2804 
4243 799 2532 3852 
4244 678 1849 3028 
4245 1870 453 2979 
4246 652 1820 3220 
4247 1820 1046 3220 
4248 1989 956 2978 
4249 3024 2235 3778 
4250 654 1804 3380 
4251 1803 653 3379 
4252 2413 418 3267 
4253 1360 2413 3267 
4254 2569 722 3731 
4255 1612 2569 3731 
4256 73 74 3382 
4257 1669 1252 3681 
4258 1782 424 2431 
4259 1631 1314 3102 
4260 307 2139 3249 
4261 1267 2375 3933 
4262 1692 607 3897 
4263 930 2427 2911 
4264 1981 1542 3296 
4265 1736 804 2523 
4266 1663 826 2829 
4267 1679 966 2921 
4268 2501 2689 3844 
4269 2619 1249 3886 
4270 1110 1996 3016 
4271 1548 2629 3828 
4272 126 127 2146 
4273 1705 888 2931 
4274 1783 992 2440 
4275 1151 2267 2492 
4276 1976 237 2782 
4277 2799 720 3376 
4278 2361 1074 2362 
4279 777 2361 2362 
4280 600 1640 3078 
4281 1640 913 3078 
4282 478 1828 2507 
4283 711 1718 2647 
4284 2484 534 3800 
4285 1681 1092 3712 
4286 529 1681 3712 
4287 479 2155 4029 
4288 1913 931 2711 
4289 534 1913 2711 
4290 2772 1364 3304 
4291 794 1757 2805 
4292 1695 384 2901 
4293 891 1695 2901 
4294 226 1636 3155 
4295 1112 2500 3645 
4296 2345 271 3112 
4297 20 21 2965 
4298 1762 2839 3626 
4299 1382 2394 3873 
4300 736 2508 3570 
4301 2508 1525 3570 
4302 995 2218 2510 
4303 2218 762 2510 
4304 1645 3625 4062 
4305 1717 543 3930 
4306 37 38 2449 
4307 2048 684 3517 
4308 1896 701 3965 
4309 1641 625 3046 
4310 157 158 3513 
4311 1982 447 2731 
4312 972 1982 2731 
4313 1717 1389 3926 
4314 1782 790 3511 
4315 2357 762 3910 
4316 960 1776 2477 
4317 1593 2639 3679 
4318 1641 420 3100 
4319 2877 1178 3430 
4320 1649 1985 3454 
4321 835 1854 2700 
4322 2185 711 3254 
4323 2323 862 2908 
4324 1394 2664 3532 
4325 1352 2599 3980 
4326 2786 906 3797 
4327 777 1755 2516 
4328 1352 2857 3741 
4329 2224 778 2405 
4330 2624 1076 3393 
4331 397 1685 3672 
4332 2629 589 3828 
4333 854 2156 2199 
4334 2156 862 2199 
4335 367 1946 3056 
4336 161 162 2390 
4337 597 1646 3255 
4338 1684 1222 3658 
4339 2001 555 2635 
4340 949 2001 2635 
4341 2419 1092 3456 
4342 1421 2419 3456 
4343 2482 1128 2993 
4344 1888 463 2769 
4345 933 1888 2769 
4346 1468 2440 3435 
4347 684 2075 3517 
4348 203 204 2161 
4349 177 178 3162 
4350 778 1950 2276 
4351 1857 782 3408 
4352 1659 931 3131 
4353 399 1659 3131 
4354 1752 23 3789 
4355 2525 376 3889 
4356 1715 302 2637 
4357 3313 887 3640 
4358 297 1847 2481 
4359 1993 757 3157 
4360 2083 852 2509 
4361 1187 2083 2509 
4362 1819 800 2497 
4363 639 1658 3403 
4364 2511 483 3533 
4365 2303 367 2597 
4366 1358 2303 2597 
4367 844 2455 4051 
4368 2742 531 3630 
4369 2462 844 4051 
4370 2205 139 3802 
4371 1653 331 3330 
4372 1827 485 2393 
4373 411 2791 3232 
4374 1166 2582 2925 
4375 1713 390 3169 
4376 1152 2410 3046 
4377 1657 561 3757 
4378 1780 838 2502 
4379 839 1781 2503 
4380 2555 816 3315 
4381 1220 2957 4050 
4382 1763 640 2849 
4383 3247 2444 3891 
4384 304 1693 3611 
4385 2621 1195 2823 
4386 1953 52 2521 
4387 852 1837 2388 
4388 359 1712 3904 
4389 1813 1151 2866 
4390 1149 2565 2625 
4391 2565 837 2625 
4392 134 3786 3872 
4393 1845 1207 3172 
4394 298 1652 3160 
4395 1938 1344 2406 
4396 916 1656 3932 
4397 447 1982 2658 
4398 2100 266 2943 
4399 1084 2100 2943 
4400 2026 788 3952 
4401 2027 719 2436 
4402 3096 1908 3261 
4403 366 1991 2280 
4404 1991 877 2280 
4405 449 1805 2530 
4406 1805 834 2530 
4407 1803 68 2465 
4408 108 1804 2466 
4409 1807 407 2617 
4410 1123 2603 3135 
4411 304 1657 4064 
4412 1659 734 3240 
4413 1731 558 3972 
4414 1860 883 2657 
4415 656 1860 2657 
4416 841 1702 2809 
4417 1678 374 4051 
4418 1027 1921 2473 
4419 2209 451 3265 
4420 834 1767 2854 
4421 531 1707 3540 
4422 1707 1049 3540 
4423 2472 2089 4005 
4424 1906 1081 3677 
4425 968 1770 3160 
4426 1294 1939 3306 
4427 456 1871 3663 
4428 1871 1168 3663 
4429 1674 718 4004 
4430 1844 1123 2402 
4431 3178 746 3447 
4432 1184 3135 3246 
4433 1696 408 2784 
4434 1217 2862 3150 
4435 385 1676 3363 
4436 1693 844 3611 
4437 342 2188 3938 
4438 751 2011 2259 
4439 1943 221 2383 
4440 1707 531 2742 
4441 2616 1575 3677 
4442 1443 2536 4017 
4443 1702 841 3142 
4444 1040 1675 3037 
4445 609 1777 2546 
4446 1778 610 2547 
4447 1372 2555 3315 
4448 678 1816 3620 
4449 725 2113 2200 
4450 2898 1068 3100 
4451 1267 1706 3747 
4452 237 1976 3224 
4453 1114 2292 3174 
4454 243 1883 2379 
4455 808 1787 2781 
4456 3695 307 4078 
4457 1960 851 2389 
4458 295 1960 2389 
4459 583 1664 3350 
4460 1944 981 2828 
4461 467 1944 2828 
4462 31 32 3607 
4463 377 2126 3208 
4464 2911 2427 3795 
4465 729 2620 3204 
4466 2260 1129 2794 
4467 337 1999 3974 
4468 1999 1307 3974 
4469 326 2042 2258 
4470 853 2340 2441 
4471 2340 1002 2441 
4472 2444 1143 3891 
4473 2411 867 2880 
4474 848 1703 2922 
4475 2259 1859 3854 
4476 2573 1883 3362 
4477 258 1677 3523 
4478 1726 784 2716 
4479 1163 1749 3977 
4480 1749 442 3977 
4481 619 1680 3331 
4482 1680 986 3331 
4483 1719 360 2736 
4484 1746 785 2650 
4485 602 2652 3039 
4486 356 1873 3455 
4487 2909 1084 3264 
4488 1664 400 3170 
4489 1430 2844 3972 
4490 518 2041 3968 
4491 1127 1904 2483 
4492 2306 246 3671 
4493 396 1962 2927 
4494 2302 1233 2956 
4495 246 2307 3671 
4496 1574 2966 3792 
4497 655 1999 3686 
4498 2017 737 2278 
4499 100 101 3352 
4500 1702 226 2809 
4501 2051 886 2439 
4502 709 2051 2439 
4503 2168 1108 2629 
4504 1676 570 2966 
4505 1962 717 2927 
4506 440 1819 2497 
4507 2042 1181 2258 
4508 1454 2003 3228 
4509 552 2351 3793 
4510 2351 1475 3793 
4511 2995 1179 3956 
4512 1677 594 3074 
4513 96 97 3080 
4514 2074 783 2286 
4515 1936 1241 4034 
4516 3100 1068 3138 
4517 1827 2514 3415 
4518 1792 223 2561 
4519 819 2597 3361 
4520 1732 495 3888 
4521 1775 918 2932 
4522 486 1775 2932 
4523 1934 147 3418 
4524 2395 1039 2490 
4525 289 2395 2490 
4526 782 1931 3408 
4527 1849 678 3620 
4528 2339 411 3315 
4529 1959 1526 3005 
4530 1272 2559 3406 
4531 1933 1452 2815 
4532 1707 1144 3651 
4533 457 3419 3486 
4534 2247 896 2387 
4535 2096 1029 2815 
4536 255 2096 2815 
4537 2733 1241 4077 
4538 315 2048 3517 
4539 1674 368 3118 
4540 3389 1116 3691 
4541 1674 746 3178 
4542 1927 820 2369 
4543 2471 1204 2994 
4544 905 2621 2823 
4545 476 2619 2928 
4546 734 2855 3240 
4547 872 2068 2379 
4548 2068 243 2379 
4549 183 184 2452 
4550 2215 943 2606 
4551 1949 762 2357 
4552 1805 820 2538 
4553 2616 1081 2852 
4554 2602 414 3414 
4555 1695 891 2998 
4556 815 1747 2704 
4557 2896 773 3670 
4558 950 1684 3089 
4559 1492 1715 3852 
4560 2173 1474 3443 
4561 32 2214 3607 
4562 1856 803 2470 
4563 2806 430 3612 
4564 1693 304 2978 
4565 605 1826 3518 
4566 781 1682 3139 
4567 116 2044 2668 
4568 920 1834 2656 
4569 1122 1934 3418 
4570 1199 1687 3066 
4571 806 2337 2609 
4572 1907 857 2506 
4573 655 1907 2506 
4574 594 1693 3546 
4575 1855 723 2480 
4576 1941 1288 3033 
4577 2343 660 3915 
4578 1799 1213 2632 
4579 1686 764 3770 
4580 43 44 2321 
4581 200 201 2598 
4582 282 1730 4052 
4583 2300 340 3561 
4584 68 69 2465 
4585 107 108 2466 
4586 721 1740 3917 
4587 1456 2233 4036 
4588 1712 606 2850 
4589 822 1875 2491 
4590 1828 634 2714 
4591 875 1828 2714 
4592 970 1870 2979 
4593 2182 420 2735 
4594 83 1751 2713 
4595 881 1710 3283 
4596 2211 581 3682 
4597 1331 2211 3682 
4598 784 1870 2458 
4599 1828 875 2507 
4600 375 1692 3075 
4601 1424 2584 3921 
4602 1735 1049 3303 
4603 1025 1969 2488 
4604 2266 405 2605 
4605 724 1811 2898 
4606 1737 980 2757 
4607 1001 2429 2864 
4608 659 1691 3126 
4609 827 2375 3747 
4610 1703 315 2922 
4611 1128 2222 2993 
4612 2222 432 2993 
4613 2395 961 3257 
4614 1056 1724 2821 
4615 1715 590 2865 
4616 442 1749 3812 
4617 2412 1368 3746 
4618 1090 2396 2665 
4619 2396 929 2665 
4620 2044 952 2668 
4621 1794 859 2601 
4622 1162 1981 3296 
4623 1901 1252 2867 
4624 403 2089 2467 
4625 813 2959 3047 
4626 2959 1510 3047 
4627 1241 1936 4077 
4628 1978 391 3629 
4629 2185 3254 3879 
4630 2077 366 2280 
4631 761 1980 2914 
4632 1740 254 3884 
4633 1716 1059 3612 
4634 1528 3313 3640 
4635 1726 638 3717 
4636 292 2021 2675 
4637 768 1926 3123 
4638 729 3330 4055 
4639 558 3439 3989 
4640 2052 2225 3768 
4641 2282 1254 3990 
4642 1703 650 3496 
4643 1344 2150 2583 
4644 2150 845 2583 
4645 2116 457 3486 
4646 811 1943 2383 
4647 2233 373 4036 
4648 1875 409 2491 
4649 411 2489 3315 
4650 968 1695 3250 
4651 773 1724 3670 
4652 2585 1362 3814 
4653 1203 2475 2984 
4654 2134 3013 4041 
4655 435 1902 2719 
4656 929 2396 2985 
4657 1308 2205 3802 
4658 640 1841 2849 
4659 1497 1845 3172 
4660 1759 1013 2723 
4661 997 2320 2706 
4662 703 1714 3774 
4663 157 1909 2923 
4664 879 1798 2790 
4665 1798 269 2790 
4666 2619 1223 2928 
4667 462 2688 2699 
4668 1523 3031 3541 
4669 2103 2243 3906 
4670 1095 1731 2844 
4671 2763 1197 3535 
4672 1935 667 3071 
4673 945 1752 3789 
4674 1307 1999 2504 
4675 237 1755 3975 
4676 908 1708 3081 
4677 1705 638 3445 
4678 595 1716 2935 
4679 587 1738 3601 
4680 1738 1067 3601 
4681 367 2303 3344 
4682 2188 1361 3938 
4683 2962 1049 3321 
4684 1615 2962 3321 
4685 797 2028 3217 
4686 2082 688 4039 
4687 1733 880 3954 
4688 1918 638 2716 
4689 604 1914 3098 
4690 1017 1929 2734 
4691 1929 817 2734 
4692 2562 1478 3270 
4693 831 2143 2586 
4694 1754 443 3808 
4695 226 1702 3121 
4696 1702 575 3122 
4697 814 1938 2406 
4698 2072 787 3080 
4699 89 90 2277 
4700 553 1733 3407 
4701 1733 1011 3407 
4702 414 3410 3846 
4703 1759 233 4006 
4704 1765 831 2728 
4705 575 1702 3142 
4706 380 1708 3070 
4707 1708 908 3070 
4708 1701 1050 3273 
4709 461 3321 3651 
4710 261 1911 3289 
4711 2452 1178 2877 
4712 1037 2452 2877 
4713 254 1704 3332 
4714 1833 265 2558 
4715 1911 702 3443 
4716 1732 626 3716 
4717 3322 1733 3954 
4718 59 60 2282 
4719 2373 423 3664 
4720 1080 2210 3240 
4721 644 1936 4034 
4722 265 1728 2914 
4723 744 2160 2255 
4724 1904 431 2483 
4725 2067 678 3028 
4726 1980 761 2377 
4727 2134 727 2279 
4728 2640 689 3585 
4729 49 1709 3085 
4730 2163 908 3006 
4731 1881 378 2789 
4732 315 3517 3668 
4733 82 83 2713 
4734 1889 163 4082 
4735 1997 308 2783 
4736 587 2356 3504 
4737 2156 436 2457 
4738 2944 351 3406 
4739 1629 2944 3406 
4740 188 189 2999 
4741 1085 1958 3264 
4742 1958 425 3264 
4743 1769 276 4038 
4744 2058 808 3252 
4745 999 2105 2608 
4746 190 1711 3702 
4747 1814 421 2611 
4748 1984 1118 2384 
4749 524 1756 3909 
4750 2795 1251 3538 
4751 495 2664 3203 
4752 2664 1403 3203 
4753 1247 2414 2415 
4754 2414 765 2415 
4755 2966 570 3792 
4756 1837 101 3125 
4757 1775 841 2809 
4758 1248 3308 3996 
4759 2527 437 3912 
4760 1670 3695 4078 
4761 2237 1514 2878 
4762 2212 1651 3522 
4763 1294 2536 3799 
4764 1051 2344 2659 
4765 2344 954 2659 
4766 1733 553 3175 
4767 1757 288 2805 
4768 2227 750 3395 
4769 1842 690 2576 
4770 1874 14 3199 
4771 770 1840 2579 
4772 1380 1722 3815 
4773 551 2424 2892 
4774 1915 493 2685 
4775 1720 382 3979 
4776 140 1910 3802 
4777 586 1720 3481 
4778 1227 2189 3526 
4779 289 1739 3725 
4780 2291 989 2528 
4781 934 2291 2528 
4782 451 2680 3265 
4783 78 79 2310 
4784 538 1767 3966 
4785 2294 807 2295 
4786 991 2294 2295 
4787 1285 1721 3113 
4788 1411 2518 2519 
4789 2518 779 2519 
4790 1991 704 2556 
4791 877 1991 2556 
4792 750 2251 3395 
4793 1232 1725 3438 
4794 1902 683 3649 
4795 307 3249 3969 
4796 560 2274 3842 
4797 2274 1415 3842 
4798 1854 670 2700 
4799 398 1990 2958 
4800 2394 437 3873 
4801 966 2874 4014 
4802 1722 622 3222 
4803 2443 310 3868 
4804 556 2839 3656 
4805 2189 1376 3526 
4806 1389 2798 3926 
4807 1695 2998 3250 
4808 1170 2886 3781 
4809 3000 1634 3407 
4810 819 2169 3914 
4811 667 2007 3071 
4812 748 1756 3827 
4813 1936 353 4077 
4814 398 2199 2323 
4815 1866 836 2707 
4816 683 1912 3649 
4817 2039 93 3214 
4818 2161 1256 3935 
4819 1880 676 2573 
4820 623 1728 3337 
4821 70 1780 3082 
4822 1781 106 3083 
4823 631 1959 3360 
4824 1758 465 3843 
4825 2013 853 2410 
4826 543 2013 2410 
4827 1049 1735 3540 
4828 699 2237 2878 
4829 1787 232 2781 
4830 1848 390 2620 
4831 1931 56 3408 
4832 540 2793 3473 
4833 2793 1549 3473 
4834 1844 646 2624 
4835 2146 3312 3818 
4836 1073 1734 4071 
4837 785 2280 3008 
4838 1102 1923 3855 
4839 324 2148 3791 
4840 2148 1298 3791 
4841 1840 770 2627 
4842 2360 379 3641 
4843 2998 546 3250 
4844 1731 742 3439 
4845 2347 953 2367 
4846 423 2347 2367 
4847 516 1968 2851 
4848 944 2642 3063 
4849 395 2020 3639 
4850 1165 1861 3845 
4851 1861 636 3845 
4852 1312 1750 3653 
4853 1202 3004 3819 
4854 1989 2978 4016 
4855 1746 614 2990 
4856 1001 2864 3960 
4857 857 1790 3402 
4858 880 1733 3175 
4859 2734 412 3381 
4860 980 1737 3295 
4861 1895 2925 3900 
4862 2234 409 2498 
4863 950 2234 2498 
4864 1157 2804 3045 
4865 1172 1873 3848 
4866 1873 356 3848 
4867 1739 846 3563 
4868 792 1873 2764 
4869 907 1765 3091 
4870 635 1758 3983 
4871 1928 816 3514 
4872 817 1929 3515 
4873 1182 2698 2845 
4874 1120 2435 3589 
4875 2634 1339 3878 
4876 1507 2896 3670 
4877 1175 1967 2604 
4878 3396 2373 3664 
4879 994 1827 3415 
4880 1777 609 3941 
4881 610 1778 3942 
4882 785 1746 3035 
4883 1749 1163 3598 
4884 1171 1745 3038 
4885 809 1832 2678 
4886 1706 2638 3747 
4887 1029 1933 2815 
4888 882 1941 3033 
4889 2277 849 2772 
4890 204 205 2763 
4891 1156 2249 2300 
4892 2249 738 2300 
4893 378 1966 2493 
4894 1469 2197 2894 
4895 2197 473 2894 
4896 2041 1240 3968 
4897 1974 939 2791 
4898 411 1974 2791 
4899 681 2102 3571 
4900 47 48 3217 
4901 3786 1581 3872 
4902 1196 1791 4030 
4903 1011 3000 3407 
4904 3031 550 3541 
4905 1600 2423 3512 
4906 431 1904 3124 
4907 1904 1148 3124 
4908 1021 2120 2450 
4909 653 1749 3186 
4910 88 89 2772 
4911 60 61 2775 
4912 1320 2370 3676 
4913 1854 835 3644 
4914 194 195 2409 
4915 2104 802 3291 
4916 762 1949 2510 
4917 1059 2335 3018 
4918 1870 970 3694 
4919 1837 852 3352 
4920 834 1932 2530 
4921 2241 1499 3480 
4922 3806 1438 4066 
4923 1088 2080 3133 
4924 2080 426 3133 
4925 362 2267 3622 
4926 1222 2726 2816 
4927 2726 487 2816 
4928 788 2026 2433 
4929 928 2004 2738 
4930 2004 433 2738 
4931 2575 393 3457 
4932 699 1739 3840 
4933 1125 2224 2405 
4934 1087 2027 2436 
4935 1169 1754 3603 
4936 1119 2018 2443 
4937 2583 845 3641 
4938 2664 495 3532 
4939 3195 122 3209 
4940 685 1915 3495 
4941 2030 837 2703 
4942 492 2092 2724 
4943 1141 2016 2453 
4944 855 2282 2775 
4945 306 1927 2991 
4946 890 1769 4038 
4947 41 42 2368 
4948 3427 1561 3518 
4949 1754 654 3177 
4950 1932 834 2854 
4951 2199 862 2323 
4952 868 2515 2550 
4953 1747 1111 3405 
4954 1118 1777 3867 
4955 1777 309 3867 
4956 1778 1119 3868 
4957 310 1778 3868 
4958 1866 262 3498 
4959 890 2261 2331 
4960 2261 472 2331 
4961 382 2000 2755 
4962 1543 2636 3703 
4963 2636 271 3703 
4964 1748 988 3834 
4965 1116 1850 3691 
4966 1850 669 3691 
4967 1749 653 3279 
4968 309 2384 3867 
4969 93 94 3214 
4970 630 1751 3482 
4971 145 146 2938 
4972 2465 69 3082 
4973 107 2466 3083 
4974 566 3140 3253 
4975 3140 1622 3253 
4976 1768 1109 2977 
4977 942 1900 2912 
4978 1900 522 2912 
4979 823 2055 3334 
4980 857 1907 2599 
4981 1907 434 2599 
4982 2058 461 2832 
4983 2055 823 2420 
4984 2853 485 3907 
4985 3566 1441 3592 
4986 1109 1768 3749 
4987 11 12 2375 
4988 801 1914 2897 
4989 2633 379 2823 
4990 1195 2633 2823 
4991 1753 1107 3192 
4992 215 216 2520 
4993 2132 730 2425 
4994 373 2233 3660 
4995 842 1880 3044 
4996 614 1762 3874 
4997 1094 2951 2965 
4998 2951 1423 2965 
4999 470 2268 2817 
5000 1005 2432 2740 
5001 830 1922 3472 
5002 2065 1004 2887 
5003 667 2065 2887 
5004 1330 2535 2789 
5005 1277 2304 3776 
5006 1761 374 3735 
5007 726 1808 2806 
5008 1948 514 3113 
5009 1867 81 3404 
5010 1784 615 3366 
5011 1000 1784 3366 
5012 931 2210 2512 
5013 2210 280 2512 
5014 872 1807 2810 
5015 79 80 2884 
5016 577 3503 3728 
5017 1852 629 2721 
5018 910 1856 3896 
5019 561 1766 3700 
5020 824 2544 3280 
5021 1240 1985 4000 
5022 1985 386 4000 
5023 2116 802 3565 
5024 1736 2523 2952 
5025 830 2472 3073 
5026 654 1754 3297 
5027 3273 1050 4074 
5028 1879 842 3709 
5029 2387 896 2566 
5030 1211 2871 3744 
5031 2226 791 3963 
5032 963 2353 2354 
5033 2353 858 2354 
5034 364 1762 3626 
5035 1157 3436 3949 
5036 1766 1082 3664 
5037 902 2094 2563 
5038 2094 622 2563 
5039 2070 1126 2760 
5040 1953 1055 3260 
5041 51 1953 3260 
5042 3355 1390 3365 
5043 1054 3009 3350 
5044 211 2953 3115 
5045 651 1866 2707 
5046 2221 344 3885 
5047 1359 2221 3885 
5048 413 1835 2827 
5049 1835 1124 2827 
5050 1435 2407 4023 
5051 93 2039 3472 
5052 344 1789 3885 
5053 496 2377 2956 
5054 1477 3744 3866 
5055 1983 447 2660 
5056 888 1983 2660 
5057 924 1972 2540 
5058 2049 1203 2635 
5059 2371 362 3622 
5060 1862 719 2732 
5061 969 2480 3734 
5062 1779 632 3007 
5063 1274 2799 3376 
5064 1234 2977 3962 
5065 736 2290 2508 
5066 2290 1027 2508 
5067 2025 266 2771 
5068 332 1858 3030 
5069 1858 958 3030 
5070 174 175 3308 
5071 456 2358 2951 
5072 2226 249 3750 
5073 1305 2226 3750 
5074 1843 828 2762 
5075 1075 1774 3700 
5076 1774 561 3700 
5077 1245 3262 3487 
5078 3585 1552 3881 
5079 403 1882 2705 
5080 431 2263 2976 
5081 2263 1098 2976 
5082 171 4 3358 
5083 4 172 3358 
5084 2409 861 3432 
5085 2082 1396 2526 
5086 876 1952 2575 
5087 1029 2078 3613 
5088 1810 909 3272 
5089 1013 1759 4006 
5090 1770 1113 3973 
5091 2421 547 3218 
5092 1228 2421 3218 
5093 824 1817 3050 
5094 710 1903 2666 
5095 460 2402 2992 
5096 2727 1280 2972 
5097 936 2727 2972 
5098 231 1760 3424 
5099 2054 273 2670 
5100 912 2054 2670 
5101 1415 2274 3561 
5102 274 1799 3961 
5103 2709 1896 3965 
5104 2941 282 4052 
5105 2698 286 2845 
5106 780 2212 3522 
5107 550 3031 4045 
5108 1271 1831 3573 
5109 1831 170 3573 
5110 262 1908 3498 
5111 247 1826 3247 
5112 1826 993 3247 
5113 2165 779 2416 
5114 81 1867 3531 
5115 1980 1135 3959 
5116 184 185 3062 
5117 1770 968 3250 
5118 546 1770 3250 
5119 2006 615 3343 
5120 1780 1104 3082 
5121 1105 1781 3083 
5122 1815 377 2904 
5123 1764 633 3428 
5124 998 1764 3428 
5125 767 1789 3010 
5126 2941 759 3865 
5127 1776 2941 3865 
5128 976 1793 2999 
5129 1108 2168 3144 
5130 2168 512 3144 
5131 421 1814 3257 
5132 27 1941 2712 
5133 1941 882 2712 
5134 1479 3468 3827 
5135 868 2411 2980 
5136 283 2802 3799 
5137 433 2004 2570 
5138 2828 981 3201 
5139 1442 2828 3201 
5140 918 2814 4028 
5141 1246 3050 3476 
5142 1204 2177 2753 
5143 3234 918 4028 
5144 2120 833 4036 
5145 918 1775 3976 
5146 2799 415 3258 
5147 1448 2799 3258 
5148 1093 2389 2539 
5149 868 2133 2411 
5150 2990 975 3027 
5151 2336 396 2927 
5152 1571 2858 3989 
5153 2522 1062 3575 
5154 1769 1064 3280 
5155 901 2710 3639 
5156 397 1896 2709 
5157 2243 843 3661 
5158 1229 2693 2911 
5159 2693 930 2911 
5160 3291 802 3486 
5161 1886 874 2747 
5162 826 1915 2685 
5163 1786 372 3707 
5164 156 157 2923 
5165 1200 1851 2940 
5166 1898 624 2913 
5167 921 1898 2913 
5168 1568 1963 3779 
5169 2497 1474 3114 
5170 1417 2223 3461 
5171 2020 395 2553 
5172 2536 1443 3799 
5173 2149 823 3334 
5174 1793 976 3772 
5175 2437 454 2606 
5176 1829 618 3736 
5177 2348 958 2442 
5178 916 2348 2442 
5179 3181 1716 3612 
5180 3614 1216 3851 
5181 2089 830 2467 
5182 1902 813 2719 
5183 1806 426 4003 
5184 1898 1631 3102 
5185 2665 929 3412 
5186 2156 854 2792 
5187 858 2353 3832 
5188 163 1889 2950 
5189 2515 1025 2550 
5190 830 2089 2472 
5191 3440 1071 3569 
5192 267 1829 3477 
5193 2146 127 3312 
5194 989 1774 3394 
5195 696 2047 3377 
5196 926 2089 2684 
5197 2089 403 2684 
5198 376 1971 2592 
5199 1435 2596 3511 
5200 2596 424 3511 
5201 1072 2305 3106 
5202 816 2062 3514 
5203 2061 817 3515 
5204 873 1815 2904 
5205 864 2034 2525 
5206 1795 505 3058 
5207 493 1915 2918 
5208 2044 1470 3164 
5209 1404 3203 4053 
5210 424 1782 3511 
5211 1254 2282 3533 
5212 1961 707 2608 
5213 870 2215 2606 
5214 2230 358 2804 
5215 119 120 3241 
5216 430 3181 3612 
5217 231 1779 3875 
5218 1967 417 2604 
5219 273 1930 2670 
5220 1834 446 2855 
5221 48 49 3085 
5222 1798 879 3939 
5223 2002 176 3475 
5224 1813 783 4033 
5225 1151 1813 4033 
5226 92 93 3472 
5227 1238 1796 3754 
5228 843 2103 2478 
5229 1784 95 3271 
5230 2378 1082 2462 
5231 374 2378 2462 
5232 2126 1064 4063 
5233 596 2488 3958 
5234 2488 1520 3958 
5235 2388 1044 3560 
5236 572 3327 3890 
5237 1797 2519 3235 
5238 780 1792 3154 
5239 972 2731 2856 
5240 1737 2728 3295 
5241 2337 458 3190 
5242 1180 2337 3190 
5243 2011 352 3580 
5244 2010 749 3226 
5245 1892 543 2750 
5246 636 1786 3845 
5247 2062 2555 4081 
5248 2118 426 2983 
5249 1785 758 3310 
5250 1785 351 3317 
5251 345 2117 3303 
5252 2248 269 2380 
5253 163 164 4082 
5254 15 16 2881 
5255 2399 480 3021 
5256 957 2401 3087 
5257 2114 1096 2481 
5258 2199 398 2958 
5259 2175 1237 2944 
5260 2160 515 3192 
5261 1107 2160 3192 
5262 914 2486 2868 
5263 1924 700 3692 
5264 2451 438 2864 
5265 1827 994 3288 
5266 485 1827 3288 
5267 2959 559 3646 
5268 1814 763 4002 
5269 2174 1212 3584 
5270 695 2174 3584 
5271 350 3228 3920 
5272 263 2231 3246 
5273 747 1798 3683 
5274 735 2191 3847 
5275 702 2173 3443 
5276 868 2081 2515 
5277 1963 419 3779 
5278 3765 895 3769 
5279 2094 902 2801 
5280 2283 287 4053 
5281 56 57 3408 
5282 812 2021 2572 
5283 1140 1973 3351 
5284 2543 1206 3774 
5285 1053 3427 3518 
5286 85 86 3543 
5287 223 1792 3522 
5288 620 1793 3772 
5289 1084 2676 3264 
5290 203 2161 3935 
5291 3355 1063 3450 
5292 2133 868 2550 
5293 2033 685 3495 
5294 1008 1899 2776 
5295 634 2069 3242 
5296 2260 870 2606 
5297 560 2773 3817 
5298 1078 1797 3235 
5299 1825 235 2947 
5300 976 2999 3702 
5301 3228 1742 3920 
5302 1061 2248 2380 
5303 2081 285 2515 
5304 905 2356 2902 
5305 1801 941 3276 
5306 916 2025 2752 
5307 2038 682 3438 
5308 2862 601 3150 
5309 2792 1179 3521 
5310 873 2513 3872 
5311 920 2428 2557 
5312 1800 249 3684 
5313 878 2247 2387 
5314 3911 1661 3923 
5315 2322 741 3918 
5316 254 2627 3884 
5317 384 1846 2901 
5318 1794 313 3393 
5319 143 144 3643 
5320 633 1795 3428 
5321 1795 998 3428 
5322 1207 1796 3335 
5323 1607 2769 3575 
5324 2548 491 2866 
5325 1151 2548 2866 
5326 2262 975 3874 
5327 665 1982 2893 
5328 1223 2321 2928 
5329 2321 977 2928 
5330 1797 1078 3341 
5331 3817 2773 4068 
5332 1810 1328 3420 
5333 54 1810 3420 
5334 1136 3047 3619 
5335 23 24 3789 
5336 2538 373 3660 
5337 133 134 3872 
5338 2235 487 3528 
5339 1129 3328 3925 
5340 791 2312 3963 
5341 2402 1123 2992 
5342 2039 830 3472 
5343 2348 459 3340 
5344 1946 367 3344 
5345 1819 2447 3785 
5346 1398 1897 3947 
5347 2244 824 2499 
5348 1454 2454 3535 
5349 931 2512 2711 
5350 2512 1086 2711 
5351 3136 452 3278 
5352 1599 3136 3278 
5353 859 2159 3022 
5354 2588 1114 3174 
5355 2169 819 2474 
5356 1194 1892 4021 
5357 2884 1215 3638 
5358 2110 1587 4072 
5359 1255 1822 3617 
5360 2062 64 3514 
5361 112 2061 3515 
5362 619 1888 3014 
5363 1888 933 3014 
5364 601 2862 3715 
5365 2862 1627 3715 
5366 2213 992 2770 
5367 464 2213 2770 
5368 132 133 2513 
5369 235 1825 3988 
5370 1239 1830 4048 
5371 248 1877 2997 
5372 2196 753 2454 
5373 2070 876 3457 
5374 1126 2070 3457 
5375 197 198 3924 
5376 929 2646 3412 
5377 2409 195 4037 
5378 3160 1770 3973 
5379 1862 1073 2926 
5380 2992 1184 3813 
5381 925 2201 2457 
5382 82 2713 3404 
5383 867 2133 2667 
5384 205 206 2840 
5385 321 1868 2902 
5386 1869 954 3092 
5387 76 1869 3092 
5388 874 1944 2747 
5389 1166 1895 3971 
5390 1895 347 3971 
5391 2260 2794 3760 
5392 628 1807 3687 
5393 2750 1717 3926 
5394 2131 406 2517 
5395 1092 1853 3712 
5396 1853 529 3712 
5397 2460 1038 2563 
5398 622 2460 2563 
5399 944 1812 3940 
5400 1270 2447 3392 
5401 2447 518 3392 
5402 797 1842 2989 
5403 1944 467 2747 
5404 1962 396 2880 
5405 2064 711 2647 
5406 2015 804 2820 
5407 793 2076 2568 
5408 2953 1313 3115 
5409 1086 2512 2856 
5410 915 2708 3241 
5411 24 25 2531 
5412 3233 1128 3695 
5413 1168 2973 3737 
5414 834 1805 3660 
5415 383 3322 3954 
5416 2396 1090 3513 
5417 2201 278 2908 
5418 799 2126 2532 
5419 2057 1226 3126 
5420 1326 1809 3307 
5421 825 2206 3726 
5422 142 143 2541 
5423 2445 995 2510 
5424 2587 1316 3384 
5425 1809 608 3323 
5426 383 1809 3322 
5427 800 1819 3785 
5428 1848 729 4055 
5429 1878 890 4038 
5430 2349 998 2651 
5431 381 2349 2651 
5432 1897 2232 3947 
5433 620 1906 3677 
5434 1013 1806 4003 
5435 193 194 3432 
5436 858 3832 4066 
5437 245 1852 3839 
5438 2053 1221 2610 
5439 336 2311 3946 
5440 559 2959 3714 
5441 802 2397 3565 
5442 2422 312 3499 
5443 987 1823 3156 
5444 2642 1146 3063 
5445 436 1979 3338 
5446 1979 1052 3338 
5447 630 2587 3384 
5448 1055 1953 3161 
5449 1953 760 3161 
5450 2982 1289 3986 
5451 1187 2072 3739 
5452 2072 98 3739 
5453 2382 924 2438 
5454 2344 1051 3382 
5455 2428 984 2557 
5456 1033 2774 3586 
5457 1864 300 3000 
5458 765 2205 3927 
5459 2205 1308 3927 
5460 2021 812 2675 
5461 1230 1851 4049 
5462 922 2542 3944 
5463 439 2133 2550 
5464 694 2000 3674 
5465 2765 919 3294 
5466 1109 2657 2682 
5467 2657 883 2682 
5468 2096 255 2889 
5469 2268 470 3434 
5470 1192 2268 3434 
5471 3372 2226 3963 
5472 900 2162 2759 
5473 2125 948 2753 
5474 554 2125 2753 
5475 838 2546 3524 
5476 2547 839 3525 
5477 2116 865 2838 
5478 1546 2692 3830 
5479 2692 716 3830 
5480 1817 695 3584 
5481 390 2036 3169 
5482 826 1977 2829 
5483 1634 3000 3882 
5484 64 65 3514 
5485 111 112 3515 
5486 101 102 3125 
5487 1039 1814 4002 
5488 555 2049 2635 
5489 3460 1446 3821 
5490 2136 2560 4046 
5491 2222 1043 3300 
5492 2279 727 3069 
5493 2270 1008 2776 
5494 290 2270 2776 
5495 466 2653 2706 
5496 985 2069 2860 
5497 2069 243 2860 
5498 863 2034 3015 
5499 1268 2343 3915 
5500 679 1818 3430 
5501 1044 1837 3125 
5502 876 2070 2686 
5503 3625 1275 4062 
5504 1889 1006 2950 
5505 1453 2409 4037 
5506 2655 754 3537 
5507 2874 408 3032 
5508 1340 2874 3032 
5509 982 2479 3216 
5510 1825 1089 3988 
5511 331 1832 3657 
5512 1859 427 3067 
5513 2688 462 3388 
5514 1392 3101 4015 
5515 940 1975 2924 
5516 1975 412 2924 
5517 851 2019 3268 
5518 3353 1595 3500 
5519 2445 938 2551 
5520 995 2445 2551 
5521 1133 3153 3579 
5522 359 1860 4040 
5523 1921 881 3283 
5524 2494 835 2700 
5525 1851 1200 3994 
5526 1666 2415 3927 
5527 1852 1100 3839 
5528 875 2098 2698 
5529 2921 966 4014 
5530 459 2859 3340 
5531 2258 1181 3902 
5532 602 1838 3227 
5533 1838 965 3227 
5534 36 1823 3507 
5535 2884 80 3531 
5536 2207 1513 3987 
5537 75 76 3092 
5538 2019 399 3268 
5539 923 2064 2647 
5540 660 2343 3919 
5541 954 1869 3036 
5542 2083 1187 3739 
5543 99 2083 3739 
5544 2223 1280 2727 
5545 458 2223 2727 
5546 2424 551 2915 
5547 1112 2424 2915 
5548 489 2034 3206 
5549 2332 1628 3152 
5550 1510 2959 3646 
5551 2376 457 2838 
5552 850 2701 2702 
5553 2701 1259 2702 
5554 910 1833 3726 
5555 1823 1515 3507 
5556 59 2282 3990 
5557 582 2285 2654 
5558 2285 971 2654 
5559 494 2030 2703 
5560 1932 866 3937 
5561 2414 477 3316 
5562 1654 3765 3769 
5563 517 2046 2687 
5564 1880 478 3044 
5565 1502 2807 3820 
5566 1052 1979 2782 
5567 236 1932 2854 
5568 2195 1089 2681 
5569 405 2195 2681 
5570 1838 402 3285 
5571 1964 722 2919 
5572 2000 912 2755 
5573 773 2896 3764 
5574 97 2072 3080 
5575 670 1854 3187 
5576 2267 362 2492 
5577 1830 619 3331 
5578 1940 267 3477 
5579 2143 394 2586 
5580 643 1909 3650 
5581 1909 1090 3650 
5582 1212 2917 3316 
5583 2917 1476 3316 
5584 338 1841 3248 
5585 2208 772 2736 
5586 1952 876 3401 
5587 2327 959 3060 
5588 1858 332 3929 
5589 2609 1180 3758 
5590 1525 2111 3301 
5591 965 1838 3285 
5592 1067 2106 3221 
5593 2106 153 3221 
5594 1046 2130 3370 
5595 295 3463 3826 
5596 922 1883 3109 
5597 1325 3195 3209 
5598 3013 1158 3162 
5599 1463 3013 3162 
5600 790 1981 3853 
5601 1981 1162 3853 
5602 137 138 3452 
5603 3000 300 3882 
5604 1156 2300 3561 
5605 1029 2096 3955 
5606 1893 908 3081 
5607 2073 2699 3830 
5608 1124 1835 3630 
5609 996 1853 3324 
5610 908 1893 3006 
5611 3310 1272 3406 
5612 1973 168 3351 
5613 1889 672 3373 
5614 1006 1889 3373 
5615 1299 2681 3485 
5616 2070 297 2686 
5617 575 2176 3122 
5618 1847 297 3762 
5619 2047 1402 3357 
5620 2085 1099 2891 
5621 1839 631 3360 
5622 2791 1134 3232 
5623 2253 1195 2621 
5624 645 1846 3357 
5625 2068 872 2930 
5626 1060 2690 3075 
5627 1883 676 3109 
5628 2027 1087 3460 
5629 328 2027 3460 
5630 1859 1579 3854 
5631 3410 1375 3846 
5632 437 2142 3912 
5633 843 2771 3661 
5634 891 2541 3643 
5635 916 2442 2570 
5636 1078 2165 3607 
5637 419 2137 2615 
5638 2108 1201 3072 
5639 2096 863 3015 
5640 2250 408 2874 
5641 852 2083 3352 
5642 477 2414 3476 
5643 2414 1247 3476 
5644 1104 2465 3082 
5645 2466 1105 3083 
5646 3048 922 3944 
5647 624 1898 3102 
5648 1883 243 3362 
5649 2867 1252 3596 
5650 2436 441 3484 
5651 817 2061 2748 
5652 260 3005 3128 
5653 2469 1361 3680 
5654 521 2469 3680 
5655 2113 343 3263 
5656 1079 2113 3263 
5657 2002 3475 3893 
5658 795 1849 3620 
5659 1988 887 2952 
5660 2060 466 3001 
5661 986 2060 3001 
5662 473 2756 2818 
5663 920 2382 2438 
5664 1853 1092 3553 
5665 2164 521 2910 
5666 124 125 2648 
5667 334 2203 3916 
5668 1968 822 2851 
5669 1103 2600 2754 
5670 2600 945 2754 
5671 1361 2188 3425 
5672 2188 663 3425 
5673 2038 224 2822 
5674 917 2038 2822 
5675 1304 2216 3998 
5676 2216 755 3998 
5677 2329 821 2836 
5678 230 1854 3644 
5679 2961 1577 3560 
5680 913 1894 3078 
5681 1916 1370 2997 
5682 1893 504 4005 
5683 1045 2669 2996 
5684 504 1893 3081 
5685 843 2025 2771 
5686 1898 921 3348 
5687 1042 3353 3500 
5688 57 1857 3408 
5689 493 2918 3211 
5690 880 1993 3954 
5691 2247 878 2993 
5692 115 116 2668 
5693 2350 1085 3505 
5694 944 2437 2468 
5695 2200 1079 4020 
5696 1971 1018 3860 
5697 3259 1033 3586 
5698 146 1934 2938 
5699 2454 753 3535 
5700 2489 411 3232 
5701 947 2946 3051 
5702 2946 1365 3051 
5703 2080 1088 3675 
5704 791 2226 2788 
5705 2312 2827 3963 
5706 2325 882 3033 
5707 2083 100 3352 
5708 122 123 3209 
5709 2532 2126 4063 
5710 1438 2564 4066 
5711 2095 449 3937 
5712 1150 1890 4054 
5713 1890 471 4054 
5714 1882 403 3748 
5715 2239 1477 3866 
5716 2203 334 3783 
5717 1611 1865 3605 
5718 1865 103 3605 
5719 81 82 3404 
5720 952 2044 3164 
5721 2024 1052 3346 
5722 508 2024 3346 
5723 2516 1070 2691 
5724 777 2516 2691 
5725 893 2220 2706 
5726 1021 1877 3899 
5727 2036 848 3169 
5728 2098 286 2698 
5729 963 2354 2588 
5730 2354 464 2588 
5731 1927 829 2991 
5732 2133 439 2667 
5733 2127 548 3548 
5734 1159 1867 3404 
5735 2225 1077 3119 
5736 301 2225 3119 
5737 1193 2303 3928 
5738 1931 909 2974 
5739 932 2741 3421 
5740 761 2207 3987 
5741 3346 1052 3975 
5742 823 2149 3869 
5743 2017 1010 3185 
5744 290 2017 3185 
5745 2312 1024 2825 
5746 413 2312 2825 
5747 650 1908 3096 
5748 1275 3364 4062 
5749 2770 992 3025 
5750 1245 2770 3025 
5751 2368 42 3624 
5752 1866 651 3676 
5753 220 1 3562 
5754 1 5 3562 
5755 2369 449 2581 
5756 1001 1943 3021 
5757 696 1884 3824 
5758 1942 743 2963 
5759 836 1866 3498 
5760 1867 1215 3531 
5761 276 2634 3878 
5762 651 2811 3600 
5763 1051 1876 3382 
5764 1875 661 3777 
5765 217 218 2697 
5766 2841 1279 3023 
5767 887 1988 3640 
5768 615 1882 3366 
5769 967 2841 3023 
5770 701 1896 3188 
5771 465 2613 3843 
5772 1926 1166 3971 
5773 1164 3911 3923 
5774 2031 994 2803 
5775 1873 792 3455 
5776 2959 1498 3714 
5777 621 1871 3708 
5778 2375 12 3933 
5779 883 1964 2919 
5780 1873 1172 3693 
5781 1914 801 3098 
5782 1332 1922 3073 
5783 73 1876 3606 
5784 1876 1610 3606 
5785 2145 947 3051 
5786 1936 911 3314 
5787 1547 2333 3392 
5788 308 1872 3632 
5789 2584 1551 3921 
5790 2139 732 3249 
5791 1982 972 2893 
5792 2807 490 3820 
5793 3398 1359 3885 
5794 211 212 2953 
5795 1023 2576 3002 
5796 319 1879 3709 
5797 911 1936 3870 
5798 2688 3388 4047 
5799 2152 687 3893 
5800 1063 3355 3365 
5801 2722 320 2933 
5802 1194 2722 2933 
5803 118 119 2708 
5804 26 27 2712 
5805 2084 1194 2933 
5806 519 2552 3038 
5807 2552 1171 3038 
5808 308 1997 3127 
5809 1997 983 3127 
5810 2023 404 2869 
5811 2382 920 2557 
5812 2593 1153 2814 
5813 1755 3346 3975 
5814 312 2861 3499 
5815 779 2165 3235 
5816 2165 1078 3235 
5817 931 1913 3131 
5818 926 1893 4005 
5819 667 1935 3453 
5820 1935 1036 3453 
5821 1412 2704 3967 
5822 2437 943 2468 
5823 749 2298 3226 
5824 2054 2554 3648 
5825 2260 454 3287 
5826 1129 2260 3287 
5827 2482 307 3695 
5828 1199 3585 3881 
5829 1414 2531 3995 
5830 2298 1564 3226 
5831 2088 1346 2905 
5832 1099 2088 2905 
5833 3278 1176 3685 
5834 376 2592 3889 
5835 1005 2198 3523 
5836 2754 945 3388 
5837 244 1996 3134 
5838 80 81 3531 
5839 1132 2345 3194 
5840 2345 730 3194 
5841 1103 2073 2783 
5842 923 2647 2935 
5843 1948 684 3519 
5844 1461 2678 4010 
5845 2242 1552 3585 
5846 1899 562 3301 
5847 2163 3006 3718 
5848 370 1987 3197 
5849 975 2990 3874 
5850 2045 1175 3530 
5851 39 2045 3530 
5852 1251 2391 3538 
5853 1376 2640 3526 
5854 2640 500 3526 
5855 136 137 2917 
5856 2811 1473 3600 
5857 828 2058 2832 
5858 1506 2852 3567 
5859 2852 589 3567 
5860 2798 856 3926 
5861 557 2242 3595 
5862 322 2227 3395 
5863 1449 2419 3556 
5864 260 1959 3005 
5865 1972 440 3114 
5866 383 1993 3157 
5867 229 1898 3348 
5868 1906 620 3772 
5869 1210 2720 3018 
5870 2720 1059 3018 
5871 1946 782 3056 
5872 3229 1030 3805 
5873 2558 825 3726 
5874 677 1895 3900 
5875 487 2066 2816 
5876 2066 917 2816 
5877 2428 920 2656 
5878 427 2259 3043 
5879 1955 898 3374 
5880 565 1988 3894 
5881 1988 1148 3894 
5882 2171 1193 3732 
5883 511 2171 3732 
5884 1293 2655 3537 
5885 2340 239 3520 
5886 251 1920 3196 
5887 1324 2052 3768 
5888 1954 416 3465 
5889 1041 1954 3465 
5890 162 163 2950 
5891 2591 1487 3876 
5892 2745 1333 3060 
5893 2049 555 3399 
5894 1065 2049 3399 
5895 9 10 3390 
5896 2022 897 3112 
5897 1903 989 3394 
5898 2216 1304 3187 
5899 497 2618 3742 
5900 2415 765 3927 
5901 897 2023 2869 
5902 435 2387 2566 
5903 666 2040 3198 
5904 2782 237 3975 
5905 343 1912 3263 
5906 698 1897 3450 
5907 1437 2686 3549 
5908 3685 1176 3838 
5909 763 2611 3536 
5910 2640 1199 3066 
5911 500 2640 3066 
5912 805 2619 3886 
5913 3312 1117 3818 
5914 454 2260 2606 
5915 2124 381 2751 
5916 2478 459 2752 
5917 264 1903 3394 
5918 1148 1904 3894 
5919 2264 288 3940 
5920 407 2252 2617 
5921 1911 800 3289 
5922 2222 1128 3233 
5923 1504 2222 3233 
5924 1167 1892 3719 
5925 229 2217 3026 
5926 581 2529 3682 
5927 2529 1367 3682 
5928 2008 1258 2918 
5929 3494 1247 3903 
5930 2320 893 2706 
5931 2685 1321 3594 
5932 3054 299 3383 
5933 1522 3054 3383 
5934 353 1917 4077 
5935 629 2253 2621 
5936 2031 468 3152 
5937 994 2031 3152 
5938 347 1894 4075 
5939 2229 674 3655 
5940 1903 710 3462 
5941 1196 2144 2920 
5942 43 2321 3624 
5943 2321 1223 3624 
5944 2203 1225 3916 
5945 1904 1127 3811 
5946 1925 435 3212 
5947 2627 1368 3884 
5948 892 2135 2756 
5949 683 1902 3740 
5950 1913 993 3319 
5951 2574 389 3086 
5952 1181 2574 3086 
5953 37 2449 3156 
5954 1007 1917 3311 
5955 178 179 2906 
5956 813 1902 3649 
5957 506 1921 3283 
5958 2314 1455 3116 
5959 637 2308 3614 
5960 2308 1216 3614 
5961 686 3029 3769 
5962 3029 1654 3769 
5963 2326 414 3846 
5964 976 1906 3772 
5965 2389 851 2539 
5966 2916 1351 3127 
5967 983 2916 3127 
5968 2344 75 3092 
5969 2162 274 2759 
5970 434 1907 3809 
5971 2172 222 3948 
5972 1907 655 3686 
5973 2064 245 3839 
5974 2348 916 2752 
5975 1255 2556 3578 
5976 1090 1909 3513 
5977 409 1956 3143 
5978 292 2675 3421 
5979 800 1911 3443 
5980 284 2135 3189 
5981 440 2382 2557 
5982 106 107 3083 
5983 69 70 3082 
5984 2232 1679 2921 
5985 243 2068 2860 
5986 2248 1061 3097 
5987 763 2248 3097 
5988 1497 3172 3225 
5989 3172 530 3225 
5990 1943 1001 3367 
5991 221 1943 3367 
5992 1594 2203 3783 
5993 2363 1022 3423 
5994 2097 1674 4004 
5995 654 1975 3177 
5996 1974 653 3186 
5997 1923 662 3980 
5998 1918 247 3891 
5999 1130 2746 2765 
6000 2746 919 2765 
6001 814 2406 3509 
6002 1915 826 3495 
6003 917 2066 2878 
6004 3326 35 3507 
6005 435 2719 3212 
6006 2220 466 2706 
6007 1547 3968 4000 
6008 967 2487 2865 
6009 2292 1114 3262 
6010 627 2292 3262 
6011 2066 699 2878 
6012 2377 761 3987 
6013 179 2050 2906 
6014 1957 630 3482 
6015 1032 1957 3482 
6016 2161 204 2763 
6017 786 2426 3239 
6018 2426 1161 3239 
6019 2601 859 3022 
6020 3296 539 3391 
6021 2366 1607 3298 
6022 3654 1035 3920 
6023 694 2014 3034 
6024 2033 329 2940 
6025 1922 92 3472 
6026 2376 756 3059 
6027 1096 2376 3059 
6028 2055 898 3590 
6029 1031 3248 3325 
6030 911 1972 3114 
6031 1368 2627 3746 
6032 2078 2979 3613 
6033 2012 418 3002 
6034 2177 554 2753 
6035 2495 1060 3897 
6036 2846 965 3924 
6037 1208 2063 3488 
6038 233 2408 2847 
6039 353 1936 3314 
6040 1152 2777 3673 
6041 1923 434 3855 
6042 1218 3441 3983 
6043 2337 1180 2609 
6044 185 1998 3062 
6045 511 1919 3745 
6046 1279 2313 3491 
6047 2531 25 3995 
6048 1939 1191 3306 
6049 2275 418 3780 
6050 2084 907 3091 
6051 1603 3229 3805 
6052 277 2157 2833 
6053 2157 939 2833 
6054 732 2268 3249 
6055 869 3477 3736 
6056 3477 1829 3736 
6057 142 2541 3934 
6058 457 2116 2838 
6059 392 2218 3568 
6060 2025 916 3932 
6061 434 1937 3855 
6062 1937 1102 3855 
6063 275 1970 3174 
6064 2976 1098 3652 
6065 436 2156 2792 
6066 2108 385 3363 
6067 2188 342 3583 
6068 198 199 2846 
6069 2858 558 3989 
6070 1975 940 3177 
6071 2000 382 3095 
6072 182 183 2848 
6073 134 135 3786 
6074 725 2068 2930 
6075 2442 433 2570 
6076 939 1974 3186 
6077 2943 266 3932 
6078 1656 2943 3932 
6079 981 2641 3201 
6080 993 2123 3319 
6081 2007 1101 3071 
6082 2098 875 2870 
6083 2594 1036 2654 
6084 971 2594 2654 
6085 2351 795 2630 
6086 1362 2975 3659 
6087 523 1926 3784 
6088 65 1928 3514 
6089 1929 111 3515 
6090 1282 2834 3499 
6091 1199 2640 3585 
6092 2028 47 3217 
6093 1996 901 3134 
6094 391 1978 3200 
6095 2038 917 3559 
6096 677 2238 3950 
6097 2238 1591 3950 
6098 2933 320 3422 
6099 1459 2933 3422 
6100 2918 1258 3211 
6101 2678 544 4010 
6102 2352 1727 4059 
6103 1940 660 4023 
6104 1511 4027 4061 
6105 1930 273 3849 
6106 349 2425 3488 
6107 2425 1208 3488 
6108 2304 401 3776 
6109 2242 1533 3595 
6110 827 2638 2639 
6111 2638 1450 2639 
6112 192 193 3042 
6113 863 2096 2889 
6114 2034 489 3015 
6115 947 2687 2946 
6116 722 1964 3274 
6117 453 1933 3613 
6118 502 2518 3905 
6119 2518 1411 3905 
6120 810 1942 3479 
6121 3071 1101 3305 
6122 1936 644 3870 
6123 2569 1444 2919 
6124 1987 904 3197 
6125 2973 308 3127 
6126 1351 2973 3127 
6127 2458 1870 3694 
6128 2374 338 3248 
6129 2164 1413 3105 
6130 1174 2164 3105 
6131 1183 2785 2786 
6132 2785 906 2786 
6133 911 3870 4044 
6134 1933 1029 3613 
6135 445 1952 3401 
6136 697 1990 3413 
6137 1191 1939 3889 
6138 2043 210 3115 
6139 1947 321 3505 
6140 2800 1541 3216 
6141 355 2297 3529 
6142 882 2325 2688 
6143 672 1937 3669 
6144 2312 791 2761 
6145 1054 3170 3360 
6146 2074 923 3181 
6147 1968 1226 3309 
6148 977 2464 2883 
6149 2464 1343 2883 
6150 2693 1229 3274 
6151 2261 890 2735 
6152 966 2250 2874 
6153 2148 1553 3266 
6154 2092 492 2920 
6155 2184 278 2831 
6156 940 2184 2831 
6157 2445 234 2808 
6158 280 2236 2856 
6159 2236 972 2856 
6160 3393 1076 3534 
6161 1034 2929 4009 
6162 684 2048 3519 
6163 2317 921 2859 
6164 2046 1317 3167 
6165 718 1951 4004 
6166 1832 2059 3657 
6167 664 1947 3953 
6168 306 2991 3771 
6169 402 1992 3285 
6170 121 122 3195 
6171 2423 1635 3183 
6172 930 2693 3904 
6173 271 2022 3112 
6174 298 3160 3973 
6175 1125 2405 3429 
6176 1182 2507 2698 
6177 817 2281 2734 
6178 2540 233 2847 
6179 472 2261 2934 
6180 2261 1002 2934 
6181 624 2115 2913 
6182 1069 2677 2892 
6183 556 2683 3982 
6184 1209 2401 3545 
6185 2401 324 3545 
6186 2078 970 2979 
6187 1284 2910 3680 
6188 2745 539 3446 
6189 1333 2745 3446 
6190 3744 244 3866 
6191 135 2174 3786 
6192 909 2171 3272 
6193 2144 242 2988 
6194 135 136 3698 
6195 3270 1112 3697 
6196 947 2145 2903 
6197 2145 333 2903 
6198 1094 2167 3708 
6199 416 1954 3569 
6200 821 2307 2819 
6201 1730 2305 4052 
6202 1038 2037 3256 
6203 1173 2873 3773 
6204 566 2151 3898 
6205 1742 3654 3920 
6206 1268 2067 3028 
6207 653 1974 3379 
6208 1975 654 3380 
6209 412 1975 3381 
6210 781 3139 3307 
6211 401 2365 3776 
6212 424 1957 3593 
6213 1974 411 3604 
6214 896 2247 4060 
6215 3216 2479 3931 
6216 703 3281 3722 
6217 3281 1719 3722 
6218 2233 1456 3966 
6219 2143 1019 2900 
6220 937 2129 2954 
6221 2770 1245 3487 
6222 1447 2104 3088 
6223 2090 1070 3492 
6224 562 2090 3492 
6225 1957 1032 3593 
6226 2069 985 3242 
6227 2681 1299 3469 
6228 405 2681 3469 
6229 109 110 2937 
6230 66 67 2936 
6231 1287 2871 3129 
6232 2871 671 3129 
6233 841 2010 3226 
6234 2914 1980 3959 
6235 3402 1790 4070 
6236 1958 643 3650 
6237 2633 1195 2744 
6238 2896 1387 3764 
6239 1157 2230 2804 
6240 960 2029 3705 
6241 2507 875 2698 
6242 442 2502 4035 
6243 1962 1113 3913 
6244 717 1962 3913 
6245 1086 1983 3800 
6246 1515 3326 3507 
6247 432 2222 3300 
6248 89 2277 2772 
6249 175 2002 3308 
6250 3205 1034 4009 
6251 2193 1035 3176 
6252 706 2193 3176 
6253 144 145 3090 
6254 442 1984 3977 
6255 2030 1057 3184 
6256 2704 498 3967 
6257 183 2452 2848 
6258 2452 1037 2848 
6259 295 2428 2656 
6260 2029 540 3473 
6261 1041 2029 3473 
6262 2282 60 2775 
6263 407 2359 3048 
6264 289 3024 3149 
6265 2406 501 3509 
6266 2077 933 3831 
6267 946 2234 2818 
6268 1238 3754 3756 
6269 26 2712 3995 
6270 2129 393 2954 
6271 1972 911 4044 
6272 1965 413 3756 
6273 447 2658 3385 
6274 2010 486 3277 
6275 1985 1240 3454 
6276 2660 447 3385 
6277 812 2430 2675 
6278 692 1979 3521 
6279 222 2172 2890 
6280 513 3266 3387 
6281 3266 1553 3387 
6282 1024 2312 2761 
6283 2850 930 3904 
6284 2034 864 3206 
6285 1969 796 3790 
6286 1977 1443 4031 
6287 2430 1127 2675 
6288 1856 2470 3896 
6289 520 3590 4069 
6290 3819 1458 3837 
6291 649 3402 4070 
6292 3646 559 3833 
6293 2166 582 2907 
6294 539 2745 3391 
6295 375 2194 3896 
6296 693 1992 3474 
6297 283 1977 3594 
6298 2040 1066 3198 
6299 2728 831 3295 
6300 2380 747 3591 
6301 2186 1071 3076 
6302 689 2186 3076 
6303 34 35 3326 
6304 2178 121 3195 
6305 2182 724 2898 
6306 1000 2039 3214 
6307 358 2103 3906 
6308 3329 1083 3722 
6309 1719 3329 3722 
6310 1024 2761 3339 
6311 898 2109 3374 
6312 1573 2607 3168 
6313 3334 520 3411 
6314 634 2562 2714 
6315 2562 1345 2714 
6316 2174 135 3698 
6317 484 2084 3091 
6318 2353 963 2751 
6319 381 2353 2751 
6320 2358 1164 2963 
6321 743 2358 2963 
6322 2351 552 3782 
6323 2128 964 3128 
6324 1984 442 4035 
6325 1984 681 3571 
6326 84 85 3012 
6327 2558 265 3959 
6328 701 2496 3965 
6329 459 2348 2752 
6330 328 3460 3821 
6331 1174 2796 3179 
6332 288 2642 3940 
6333 1994 445 3555 
6334 1767 2233 3966 
6335 1118 1984 4035 
6336 419 2615 3779 
6337 1251 1989 4016 
6338 3086 1333 3902 
6339 2180 1453 4037 
6340 1015 2309 3875 
6341 889 2302 2956 
6342 2447 1270 3785 
6343 988 2021 3834 
6344 446 2438 3011 
6345 1112 2915 3697 
6346 2498 1875 3777 
6347 1988 565 3640 
6348 2221 1359 3397 
6349 669 1987 3691 
6350 1052 2024 3338 
6351 831 2586 3295 
6352 2255 1107 3948 
6353 2437 944 3063 
6354 2638 827 3747 
6355 1148 1988 3850 
6356 862 2201 2908 
6357 1138 2229 3655 
6358 1993 383 3954 
6359 1558 2477 3865 
6360 3165 536 3173 
6361 1420 3165 3173 
6362 526 2219 3497 
6363 2188 1091 3470 
6364 663 2188 3470 
6365 396 2411 2880 
6366 242 2144 4030 
6367 2144 1196 4030 
6368 1284 2741 2910 
6369 2272 1041 3448 
6370 449 2530 3937 
6371 720 2022 3376 
6372 344 2221 2891 
6373 430 2074 3181 
6374 2254 1425 3337 
6375 478 2507 3623 
6376 2472 504 3073 
6377 2056 671 3251 
6378 3262 1114 3487 
6379 1009 2014 3674 
6380 671 2060 3251 
6381 2834 871 3499 
6382 2496 257 3207 
6383 1137 2496 3207 
6384 2003 550 4045 
6385 1327 2273 3222 
6386 461 2058 3252 
6387 2639 523 3679 
6388 2016 769 4025 
6389 2060 986 3251 
6390 1238 2825 3191 
6391 2592 811 4042 
6392 288 2264 2926 
6393 173 2086 3574 
6394 2086 1271 3574 
6395 2287 1496 2895 
6396 1222 2816 2822 
6397 2816 917 2822 
6398 1060 3075 3897 
6399 1362 2585 3728 
6400 2585 577 3728 
6401 2282 855 3533 
6402 637 2041 3354 
6403 2733 482 3286 
6404 1241 2733 3286 
6405 711 2064 3254 
6406 191 192 3887 
6407 1273 2372 3277 
6408 687 2002 3893 
6409 1236 2494 2700 
6410 1047 2980 3111 
6411 2009 323 3925 
6412 2284 741 3761 
6413 483 2511 3180 
6414 2511 1134 3180 
6415 723 2079 3734 
6416 2159 505 3022 
6417 973 2011 3580 
6418 2837 241 2968 
6419 1189 2837 2968 
6420 854 2199 2958 
6421 2312 413 2827 
6422 3422 1056 3542 
6423 1026 2284 3084 
6424 2284 474 3084 
6425 1141 2453 3299 
6426 210 211 3115 
6427 2007 667 3835 
6428 425 2909 3264 
6429 7 8 3163 
6430 258 2147 3168 
6431 2029 1041 3465 
6432 1264 2743 3462 
6433 2432 956 2740 
6434 2131 763 3097 
6435 1298 2148 3266 
6436 1221 2101 3159 
6437 279 2104 3291 
6438 1184 2231 3813 
6439 2231 738 3813 
6440 2453 272 3299 
6441 2055 520 3334 
6442 253 2101 3167 
6443 2007 439 3895 
6444 1101 2007 3895 
6445 2012 1055 3780 
6446 525 2232 2921 
6447 233 2341 4006 
6448 3051 1365 4011 
6449 1161 3403 3821 
6450 1265 2190 2988 
6451 2223 458 3461 
6452 287 2293 3110 
6453 2593 226 3155 
6454 1153 2593 3155 
6455 1387 2183 3706 
6456 358 2230 3864 
6457 426 2118 3133 
6458 2421 952 3164 
6459 1033 2329 2836 
6460 2713 1159 3404 
6461 418 2012 3780 
6462 3052 1444 3652 
6463 2085 744 3237 
6464 2469 1701 3938 
6465 3224 736 3570 
6466 1583 3224 3570 
6467 180 181 3153 
6468 2520 1640 3804 
6469 2014 694 3674 
6470 2013 1167 3727 
6471 2167 1094 3444 
6472 427 3043 3132 
6473 964 2202 3128 
6474 741 2322 3761 
6475 2240 1042 3979 
6476 2303 715 3928 
6477 1551 2888 3921 
6478 2888 337 3921 
6479 2377 889 2956 
6480 932 2483 3970 
6481 459 2317 2859 
6482 2531 945 3789 
6483 2580 1351 2916 
6484 482 2580 2916 
6485 2018 443 3720 
6486 3111 814 3509 
6487 2519 779 3235 
6488 401 2528 2743 
6489 2151 767 3427 
6490 1053 2151 3427 
6491 2842 1377 3506 
6492 680 2842 3506 
6493 3139 1326 3307 
6494 2363 3423 3817 
6495 1004 2065 3672 
6496 1369 2941 4052 
6497 2428 295 3826 
6498 2049 1065 3951 
6499 561 2291 3757 
6500 14 15 3199 
6501 2634 1246 3494 
6502 807 2634 3494 
6503 225 2625 3184 
6504 214 215 3841 
6505 1249 2732 3788 
6506 2308 637 3354 
6507 1093 2308 3354 
6508 682 2038 3559 
6509 3463 1419 3826 
6510 2228 1122 3418 
6511 148 2228 3418 
6512 2021 292 3834 
6513 1563 2392 3787 
6514 196 2180 4037 
6515 2027 328 3788 
6516 266 2025 3932 
6517 499 2026 3952 
6518 153 154 3221 
6519 1289 2768 2912 
6520 2126 799 3208 
6521 2048 927 3519 
6522 3061 1348 3696 
6523 2310 79 2884 
6524 739 2183 3068 
6525 17 18 3627 
6526 95 96 3271 
6527 2135 892 3189 
6528 3870 1697 4044 
6529 935 2342 3137 
6530 2802 1306 3206 
6531 864 2802 3206 
6532 751 2259 3854 
6533 2065 667 3453 
6534 1091 2188 3583 
6535 2506 1505 3332 
6536 2090 1008 3901 
6537 3419 1210 3486 
6538 403 2467 3748 
6539 1135 2181 3743 
6540 2181 825 3743 
6541 577 2239 3503 
6542 2147 969 3168 
6543 2405 529 3429 
6544 355 2867 3596 
6545 2217 1058 3026 
6546 2186 416 3569 
6547 242 3108 3231 
6548 3108 1393 3231 
6549 176 177 3475 
6550 305 2768 3426 
6551 2768 1289 3426 
6552 1278 3806 4066 
6553 924 2847 3011 
6554 2296 559 3714 
6555 1173 2296 3714 
6556 2435 568 3589 
6557 1697 2540 4044 
6558 439 2032 3895 
6559 2032 1101 3895 
6560 2528 989 2743 
6561 2395 289 3149 
6562 50 51 3260 
6563 2052 510 3578 
6564 221 3367 3441 
6565 3367 1563 3441 
6566 2096 3015 3955 
6567 1822 2229 3617 
6568 1015 3007 3877 
6569 2988 242 3231 
6570 240 2523 2803 
6571 2386 476 2928 
6572 432 2247 2993 
6573 2177 1121 3688 
6574 554 2177 3688 
6575 924 2540 2847 
6576 449 2095 3602 
6577 2824 1007 3311 
6578 2978 304 4016 
6579 1617 2598 3690 
6580 520 2055 3590 
6581 895 2297 3769 
6582 2837 1189 3147 
6583 1180 3190 3759 
6584 938 2445 2808 
6585 2757 239 3727 
6586 273 2054 3648 
6587 2080 1013 4003 
6588 1348 2875 3431 
6589 2875 598 3431 
6590 2590 1511 4061 
6591 2719 1136 3212 
6592 87 88 3304 
6593 725 2200 3104 
6594 412 2281 3158 
6595 127 128 3312 
6596 1215 2884 3531 
6597 446 3011 3166 
6598 972 2236 3230 
6599 2623 1042 3500 
6600 2385 421 3257 
6601 2419 1421 3556 
6602 229 3026 4015 
6603 2059 1473 3657 
6604 1361 2469 3938 
6605 2425 730 3816 
6606 2075 1263 3517 
6607 35 36 3507 
6608 899 2108 3363 
6609 1177 2881 3532 
6610 2881 1394 3532 
6611 189 190 3702 
6612 473 2818 2894 
6613 2832 461 3651 
6614 1058 2315 3238 
6615 2315 404 3238 
6616 801 2897 3508 
6617 2191 1537 3474 
6618 2142 3368 3912 
6619 2408 1142 2847 
6620 168 169 3351 
6621 1291 2246 3489 
6622 2803 994 3415 
6623 2334 597 3255 
6624 489 2078 3955 
6625 2736 772 3329 
6626 2140 696 3824 
6627 2065 397 3672 
6628 2189 960 3705 
6629 3592 642 3685 
6630 1771 3592 3685 
6631 2844 1731 3972 
6632 1075 3700 3823 
6633 2202 260 3128 
6634 1577 2961 3942 
6635 2961 610 3942 
6636 3743 2558 3959 
6637 1122 2336 2927 
6638 2718 355 3529 
6639 2869 404 3436 
6640 2213 708 3435 
6641 2749 1057 2879 
6642 609 2964 3941 
6643 2964 1576 3941 
6644 2063 497 3746 
6645 2334 1083 3329 
6646 772 2334 3329 
6647 1698 3123 4075 
6648 3123 347 4075 
6649 1109 2682 2977 
6650 2682 311 2977 
6651 2280 877 3008 
6652 113 2061 4079 
6653 64 2062 4080 
6654 2061 112 4079 
6655 1756 2413 3909 
6656 855 2489 3232 
6657 3176 1035 3469 
6658 2267 783 3622 
6659 2535 861 2789 
6660 2397 1625 3565 
6661 1722 2292 3815 
6662 2227 322 3694 
6663 457 2114 3419 
6664 2169 996 3324 
6665 973 2265 3043 
6666 2620 1034 3204 
6667 2645 221 3441 
6668 1218 2645 3441 
6669 1390 2851 3365 
6670 21 22 3444 
6671 2783 308 3632 
6672 147 148 3418 
6673 53 54 3420 
6674 885 2730 2900 
6675 2245 191 3887 
6676 2142 742 3368 
6677 2449 38 3530 
6678 1175 2449 3530 
6679 894 2633 2744 
6680 3683 1172 3848 
6681 1509 2650 3008 
6682 2429 988 2864 
6683 165 166 3451 
6684 1006 2390 2950 
6685 2390 162 2950 
6686 2500 450 3645 
6687 2511 855 3232 
6688 754 2100 3537 
6689 802 2116 3486 
6690 716 2073 3830 
6691 2077 785 3713 
6692 2423 1012 3512 
6693 2171 511 3272 
6694 2530 1932 3937 
6695 2438 924 3011 
6696 3700 1766 3823 
6697 3958 1312 4058 
6698 3024 1198 3149 
6699 1265 2988 3231 
6700 1070 2090 3616 
6701 764 2252 3770 
6702 1302 2869 3436 
6703 2470 375 3896 
6704 2650 785 3008 
6705 1247 2415 3903 
6706 2415 361 3903 
6707 2529 978 3275 
6708 346 2644 3040 
6709 2644 1244 3040 
6710 1205 2826 3039 
6711 3439 1338 3989 
6712 1032 3012 3543 
6713 2502 3524 4035 
6714 2288 613 3064 
6715 2855 1080 3240 
6716 366 2077 3831 
6717 3567 589 3724 
6718 1066 2269 3182 
6719 722 2569 2919 
6720 1020 2137 3621 
6721 2948 1231 3738 
6722 774 2107 3566 
6723 2720 726 2806 
6724 1059 2720 2806 
6725 2390 1006 3020 
6726 977 2386 2928 
6727 2739 893 4065 
6728 2777 1152 3046 
6729 625 2777 3046 
6730 455 2169 3324 
6731 1048 2103 3864 
6732 2204 87 3304 
6733 3074 1005 3523 
6734 38 39 3530 
6735 250 3881 4074 
6736 1354 3608 3791 
6737 872 2810 2930 
6738 2413 1360 3909 
6739 418 2413 3002 
6740 2413 1023 3002 
6741 1062 2319 3298 
6742 2319 739 3298 
6743 2079 723 4073 
6744 2078 1029 3955 
6745 914 2868 3159 
6746 2868 1221 3159 
6747 856 2750 3926 
6748 1071 2186 3569 
6749 228 2363 3610 
6750 2363 1155 3610 
6751 2636 1274 3376 
6752 426 2080 4003 
6753 1193 2171 3344 
6754 2263 431 3124 
6755 865 2116 3565 
6756 502 2325 3033 
6757 2544 824 3050 
6758 2847 1142 3011 
6759 2294 991 3171 
6760 2703 837 3290 
6761 2362 1074 3282 
6762 508 2362 3282 
6763 2632 515 3662 
6764 1276 2632 3662 
6765 293 2729 3550 
6766 2087 705 3836 
6767 2149 291 3869 
6768 2623 1399 3710 
6769 586 2623 3710 
6770 904 2127 3548 
6771 2535 1330 4027 
6772 527 2535 4027 
6773 3475 1158 3893 
6774 956 2432 3546 
6775 1010 2187 3833 
6776 2275 990 3267 
6777 2131 1039 4002 
6778 1316 2093 3782 
6779 651 2707 2811 
6780 1208 2425 3816 
6781 515 2160 3397 
6782 170 171 3573 
6783 172 173 3574 
6784 1459 3422 3542 
6785 235 2241 3480 
6786 1616 2858 2904 
6787 2858 873 2904 
6788 2512 280 2856 
6789 2505 885 2900 
6790 1019 2505 2900 
6791 992 2213 3435 
6792 1263 2932 3234 
6793 2932 918 3234 
6794 3517 1263 3668 
6795 1042 2240 3353 
6796 2240 780 3353 
6797 1375 2209 3265 
6798 2293 951 3110 
6799 103 104 3605 
6800 72 73 3606 
6801 2507 1182 3623 
6802 985 2860 3104 
6803 1139 3669 3809 
6804 918 2593 2814 
6805 304 2391 4016 
6806 2391 1251 4016 
6807 1683 3567 3724 
6808 1087 2436 3484 
6809 2342 400 3137 
6810 42 43 3624 
6811 155 156 3625 
6812 3175 553 3992 
6813 1566 2306 3671 
6814 2641 981 3858 
6815 866 2095 3937 
6816 2592 1971 3860 
6817 1812 2264 3940 
6818 2236 752 3230 
6819 471 2134 4054 
6820 2134 1150 4054 
6821 5 6 4018 
6822 1348 3061 3589 
6823 2661 1596 3019 
6824 3161 2275 3780 
6825 1892 2750 4021 
6826 2231 1184 3246 
6827 760 2275 3161 
6828 1559 2591 3876 
6829 2103 358 3864 
6830 1210 3291 3486 
6831 2543 962 3347 
6832 32 33 3704 
6833 2237 699 3840 
6834 1147 2237 3840 
6835 22 2167 3444 
6836 2097 391 4056 
6837 98 99 3739 
6838 746 2172 3447 
6839 2792 854 3956 
6840 2197 1109 3749 
6841 473 2197 3749 
6842 903 2365 3031 
6843 2359 922 3048 
6844 2000 3095 3674 
6845 2403 1777 3941 
6846 1778 2404 3942 
6847 2137 419 3621 
6848 501 3077 3509 
6849 2595 899 2971 
6850 2485 383 3157 
6851 2429 1001 3021 
6852 2411 396 2980 
6853 1988 2952 3850 
6854 2826 299 3512 
6855 139 140 3802 
6856 479 2294 3171 
6857 294 2318 3193 
6858 1452 2110 4072 
6859 982 3096 3261 
6860 28 29 3822 
6861 452 2695 3278 
6862 2695 1176 3278 
6863 1076 2624 3067 
6864 2111 341 4026 
6865 2910 521 3680 
6866 518 2447 3466 
6867 1364 2138 3692 
6868 2561 865 3223 
6869 2967 591 2982 
6870 1189 2967 2982 
6871 3330 1322 4055 
6872 3968 1240 4000 
6873 1139 2888 3669 
6874 1549 3448 3473 
6875 3448 1041 3473 
6876 2119 1528 3859 
6877 954 2344 3092 
6878 1494 2390 3020 
6879 978 2529 3993 
6880 2883 503 3213 
6881 12 13 3933 
6882 141 142 3934 
6883 202 203 3935 
6884 936 2972 3982 
6885 2516 237 3493 
6886 3 113 4079 
6887 112 3 4079 
6888 63 2 4080 
6889 2 64 4080 
6890 2336 814 3111 
6891 58 59 3990 
6892 987 2604 3699 
6893 25 26 3995 
6894 2733 1007 3345 
6895 2439 1295 3200 
6896 1113 2122 3913 
6897 2122 717 3913 
6898 195 196 4037 
6899 2230 740 3333 
6900 18 19 4059 
6901 62 63 4081 
6902 2749 470 2817 
6903 1057 2749 2817 
6904 2812 959 3416 
6905 373 2120 4036 
6906 594 2432 3074 
6907 829 2235 3528 
6908 2268 1192 3249 
6909 2456 1280 3188 
6910 314 3061 3696 
6911 1278 2651 3058 
6912 2737 903 2981 
6913 2675 1127 3421 
6914 2801 1547 4000 
6915 249 2226 3372 
6916 991 2140 3824 
6917 2707 1322 2811 
6918 2412 1302 3045 
6919 691 2412 3045 
6920 433 2185 3879 
6921 1206 2130 4024 
6922 1418 3699 3730 
6923 1079 3263 3510 
6924 138 2205 3452 
6925 8 2355 3163 
6926 1315 2601 3022 
6927 763 2131 4002 
6928 440 2497 3114 
6929 740 2230 3949 
6930 2230 1157 3949 
6931 757 2146 3818 
6932 1749 3279 3812 
6933 2475 429 2984 
6934 468 2332 3152 
6935 2193 350 3920 
6936 2318 999 3193 
6937 418 2275 3267 
6938 470 2749 2821 
6939 2749 1056 2821 
6940 727 2134 4041 
6941 480 2429 3021 
6942 1541 2381 3496 
6943 713 2136 4046 
6944 428 2471 2994 
6945 2903 333 3636 
6946 1395 2903 3636 
6947 1299 3055 3176 
6948 3055 706 3176 
6949 715 2141 3928 
6950 2391 304 4064 
6951 1293 2909 3412 
6952 2909 425 3412 
6953 1292 3056 4083 
6954 2198 258 3523 
6955 816 2339 3315 
6956 588 3491 3775 
6957 3491 1682 3775 
6958 2320 997 3814 
6959 3042 1535 3883 
6960 1309 3042 3883 
6961 2225 704 3587 
6962 1077 2225 3587 
6963 2523 240 2952 
6964 2762 828 2832 
6965 1008 2271 3901 
6966 1186 2283 3320 
6967 1371 2163 3718 
6968 415 2329 3258 
6969 2329 1033 3258 
6970 3293 1120 3810 
6971 1312 3236 4058 
6972 3720 1169 3836 
6973 1063 3143 3450 
6974 382 2240 3979 
6975 2485 781 3307 
6976 370 3094 3628 
6977 3094 1472 3628 
6978 2730 1279 2841 
6979 394 2730 2841 
6980 2991 1297 3771 
6981 1212 2174 3698 
6982 3447 2172 3948 
6983 1894 2346 4075 
6984 1153 3155 3801 
6985 3030 958 3340 
6986 1310 3030 3340 
6987 1196 2920 3442 
6988 2720 1210 3419 
6989 416 2189 3705 
6990 1132 3194 3642 
6991 3194 1512 3642 
6992 1004 2886 2887 
6993 2886 1170 2887 
6994 1006 2584 3020 
6995 3534 1076 3945 
6996 592 3051 4011 
6997 454 2437 3063 
6998 2296 1010 3833 
6999 506 2505 3437 
7000 1049 2962 3303 
7001 1121 2177 3723 
7002 2432 1005 3074 
7003 2251 1257 3395 
7004 1257 3211 4019 
7005 2378 798 3396 
7006 1082 2378 3396 
7007 2875 1458 3819 
7008 4026 1220 4050 
7009 297 2481 3549 
7010 2584 533 3020 
7011 2332 468 3294 
7012 2692 1546 3359 
7013 3297 1754 3808 
7014 1144 2762 2832 
7015 504 2472 4005 
7016 2574 1304 3999 
7017 389 2574 3999 
7018 393 2181 3738 
7019 2551 514 3631 
7020 2602 1115 3410 
7021 2399 1018 3151 
7022 905 2823 3504 
7023 2724 759 2941 
7024 1369 2724 2941 
7025 443 2503 3808 
7026 2554 694 3034 
7027 1799 2632 3961 
7028 2632 1276 3961 
7029 1299 3176 3469 
7030 2218 995 3568 
7031 1198 3024 3778 
7032 2677 1020 2892 
7033 1083 2334 3255 
7034 961 2395 3149 
7035 3007 1015 3875 
7036 3390 1593 3679 
7037 1374 3390 3679 
7038 2169 455 3914 
7039 3590 1486 4069 
7040 2725 1040 3037 
7041 2502 442 3812 
7042 524 2446 3146 
7043 2214 1078 3607 
7044 2274 560 3423 
7045 2611 1121 3536 
7046 747 2219 3591 
7047 2787 987 3699 
7048 480 2399 3151 
7049 1661 3098 3923 
7050 1521 3175 3992 
7051 322 2458 3694 
7052 2469 521 3179 
7053 1050 2469 3179 
7054 2214 32 3704 
7055 1461 2214 3704 
7056 2952 240 3850 
7057 2434 296 3244 
7058 2876 870 3760 
7059 1398 2876 3760 
7060 2345 1132 3703 
7061 271 2345 3703 
7062 632 2418 3877 
7063 2418 1303 3877 
7064 450 2200 4020 
7065 295 2389 3463 
7066 2389 1093 3463 
7067 2311 336 3751 
7068 1131 2311 3751 
7069 2256 1410 3497 
7070 2206 910 3726 
7071 1403 2664 3479 
7072 2664 810 3479 
7073 565 2430 3859 
7074 658 3478 3483 
7075 3478 1534 3483 
7076 3040 1244 3202 
7077 1072 3040 3202 
7078 577 2585 4067 
7079 2248 763 3536 
7080 1354 2773 3842 
7081 2773 560 3842 
7082 952 2421 3158 
7083 1073 2386 3213 
7084 1183 2786 3284 
7085 2786 475 3284 
7086 1495 2435 3636 
7087 4080 2062 4081 
7088 63 4080 4081 
7089 547 2421 3164 
7090 2229 227 3617 
7091 2446 1021 3146 
7092 1056 2749 2879 
7093 1719 2736 3329 
7094 1026 2554 3034 
7095 1012 2423 3183 
7096 2194 910 3896 
7097 2651 1278 3832 
7098 381 2651 3832 
7099 2970 1290 3220 
7100 510 2987 3210 
7101 2987 1224 3210 
7102 689 2242 3585 
7103 2449 987 3156 
7104 3072 1201 3804 
7105 2702 1259 3721 
7106 507 2702 3721 
7107 1246 2544 3050 
7108 1035 2193 3920 
7109 2233 834 3660 
7110 2491 409 3143 
7111 1392 3026 3356 
7112 2977 311 3962 
7113 2810 1391 2930 
7114 970 2227 3694 
7115 3615 1336 4032 
7116 958 2348 3340 
7117 1030 2325 3805 
7118 739 2366 3298 
7119 2692 1088 3133 
7120 2863 574 3807 
7121 1399 2863 3807 
7122 2909 1293 3537 
7123 2815 1452 4072 
7124 255 2815 4072 
7125 2542 922 3109 
7126 2741 932 2910 
7127 961 2385 3257 
7128 2773 1354 3791 
7129 2225 301 3768 
7130 1129 3287 3328 
7131 3287 1406 3328 
7132 1063 2491 3143 
7133 959 2327 3416 
7134 2274 1156 3561 
7135 411 2339 3604 
7136 578 2243 3661 
7137 3010 1561 3427 
7138 1382 2485 3157 
7139 788 2246 3798 
7140 2967 1189 2968 
7141 1028 2967 2968 
7142 2211 1331 3946 
7143 2297 895 3529 
7144 1456 2895 3966 
7145 2895 538 3966 
7146 955 3121 3122 
7147 3121 1702 3122 
7148 2341 1013 4006 
7149 1446 3239 3821 
7150 2768 942 2912 
7151 2235 829 3778 
7152 2399 811 3860 
7153 374 2612 3735 
7154 2214 1461 4010 
7155 2586 980 3295 
7156 962 2882 3347 
7157 1089 2241 3988 
7158 3254 1100 3879 
7159 1588 2696 3717 
7160 2628 846 3375 
7161 2384 1118 3867 
7162 2563 1038 3256 
7163 1019 2434 3244 
7164 506 3437 3581 
7165 3004 1202 3144 
7166 512 3004 3144 
7167 2488 1969 3790 
7168 2480 723 3734 
7169 3011 1142 3166 
7170 458 2337 3461 
7171 993 2444 3247 
7172 783 2267 4033 
7173 2267 1151 4033 
7174 867 2667 3781 
7175 3577 1091 3583 
7176 968 2661 3019 
7177 2440 992 3435 
7178 352 2433 3580 
7179 4027 1330 4061 
7180 1335 2239 3866 
7181 438 2392 3960 
7182 2536 498 3405 
7183 1111 2536 3405 
7184 1004 3672 4076 
7185 2252 974 3770 
7186 3026 1392 4015 
7187 2232 525 3947 
7188 1216 3237 3851 
7189 2364 1356 3413 
7190 870 2260 3760 
7191 2358 456 3911 
7192 1164 2358 3911 
7193 2514 240 3415 
7194 2995 1045 2996 
7195 1179 2995 2996 
7196 798 2373 3396 
7197 1524 2893 3230 
7198 3286 1342 4034 
7199 2795 1313 3792 
7200 570 2795 3792 
7201 1807 2617 3687 
7202 738 2249 3813 
7203 1202 3819 3837 
7204 2889 1441 3566 
7205 1309 2245 3887 
7206 2842 680 3328 
7207 1406 2842 3328 
7208 2499 824 3280 
7209 1064 2499 3280 
7210 1035 2605 3469 
7211 2243 1503 3906 
7212 2607 258 3168 
7213 1576 2403 3941 
7214 2404 1577 3942 
7215 3282 1074 3386 
7216 1407 3282 3386 
7217 15 2881 3199 
7218 2881 1177 3199 
7219 2301 748 3634 
7220 2520 1201 3841 
7221 215 2520 3841 
7222 1002 2340 3520 
7223 1572 3210 3964 
7224 3210 1224 3964 
7225 541 2543 3347 
7226 2255 222 3851 
7227 3741 334 3916 
7228 1790 3741 3916 
7229 2241 235 3988 
7230 3147 1189 3986 
7231 2874 1340 4014 
7232 1119 2443 3868 
7233 2897 1396 3508 
7234 356 2256 3848 
7235 2605 1035 3654 
7236 3417 1451 3610 
7237 2339 1016 3604 
7238 3045 1302 3436 
7239 1157 3045 3436 
7240 2356 905 3504 
7241 1136 2719 3047 
7242 2719 813 3047 
7243 29 2416 3822 
7244 2416 1288 3822 
7245 1077 2758 3119 
7246 2758 1389 3119 
7247 2593 918 3976 
7248 822 2491 3365 
7249 429 2388 3560 
7250 1373 2580 3345 
7251 2580 482 3345 
7252 1762 2262 3874 
7253 1558 3943 3981 
7254 3120 1185 3411 
7255 1319 3120 3411 
7256 2448 34 3326 
7257 2307 821 3671 
7258 2291 934 3757 
7259 490 2807 4028 
7260 2807 1408 4028 
7261 1134 2511 3232 
7262 1578 2718 3529 
7263 2331 472 4063 
7264 222 2255 3948 
7265 2589 536 3502 
7266 2623 586 3481 
7267 1418 2787 3699 
7268 3254 2064 3839 
7269 2758 1077 3068 
7270 3305 1242 3552 
7271 1544 3577 3583 
7272 2247 432 4060 
7273 2477 1776 3865 
7274 2537 17 3627 
7275 2271 422 3901 
7276 2679 1256 3117 
7277 2481 1096 3549 
7278 329 2725 3037 
7279 2292 627 3815 
7280 2922 315 3668 
7281 1408 2922 3668 
7282 3284 1281 3433 
7283 1003 3107 3108 
7284 3107 1393 3108 
7285 2257 548 4043 
7286 2489 1372 3315 
7287 2319 251 3706 
7288 2968 241 4013 
7289 2992 1123 3135 
7290 1184 2992 3135 
7291 559 2296 3833 
7292 448 2461 3642 
7293 2461 1132 3642 
7294 19 2352 4059 
7295 291 2545 3359 
7296 2545 1088 3359 
7297 194 2409 3432 
7298 2978 956 3546 
7299 2613 465 4065 
7300 1526 3534 3945 
7301 2595 214 3841 
7302 2920 492 3442 
7303 2614 728 3754 
7304 1796 2614 3754 
7305 1160 2679 3117 
7306 2432 594 3546 
7307 1833 2558 3726 
7308 2703 1066 3182 
7309 3057 1269 3985 
7310 2581 1198 3778 
7311 829 2581 3778 
7312 361 2295 3903 
7313 2728 484 3091 
7314 3212 1136 3618 
7315 2491 1063 3365 
7316 997 2585 3814 
7317 2691 1070 3616 
7318 276 3878 4038 
7319 3878 1878 4038 
7320 2322 1230 3761 
7321 2949 1379 3767 
7322 894 2949 3767 
7323 3131 1913 3319 
7324 399 3131 3319 
7325 959 2745 3060 
7326 226 2593 3976 
7327 2835 1255 3617 
7328 227 2835 3617 
7329 2278 737 4050 
7330 941 2666 3276 
7331 2689 1190 3576 
7332 545 2689 3576 
7333 3003 1224 3138 
7334 2367 1075 3823 
7335 874 2475 4012 
7336 2475 1203 4012 
7337 1437 3059 3555 
7338 3281 1206 4024 
7339 2427 1227 3795 
7340 1765 2728 3091 
7341 2419 455 3553 
7342 1092 2419 3553 
7343 3881 1552 4074 
7344 1162 3296 3391 
7345 850 2283 4053 
7346 3527 1590 3729 
7347 1205 3527 3729 
7348 902 2563 3256 
7349 330 2320 3814 
7350 845 2360 3641 
7351 2309 231 3875 
7352 2695 887 3313 
7353 292 2741 3857 
7354 2741 1284 3857 
7355 1673 2680 4073 
7356 2325 502 3805 
7357 2294 479 4029 
7358 2453 2016 4025 
7359 3672 1685 4076 
7360 244 3134 3866 
7361 414 2326 3985 
7362 871 2422 3499 
7363 2433 352 3489 
7364 498 2704 3405 
7365 2704 1747 3405 
7366 2447 984 3466 
7367 3219 642 4084 
7368 1587 3219 4084 
7369 1290 2422 3502 
7370 1061 2380 3591 
7371 923 2935 3181 
7372 2778 1281 3284 
7373 2324 483 4083 
7374 884 2326 3846 
7375 1569 2371 3622 
7376 425 2665 3412 
7377 1037 2877 3763 
7378 1570 3292 3458 
7379 3292 406 3458 
7380 1428 2501 3844 
7381 525 2876 3947 
7382 2876 1398 3947 
7383 2764 1873 3693 
7384 542 2764 3693 
7385 2305 1369 4052 
7386 3207 1388 3582 
7387 2826 1012 3039 
7388 846 2517 3375 
7389 2872 494 3182 
7390 2315 740 3949 
7391 490 2631 3820 
7392 2631 1214 3820 
7393 2560 1554 4046 
7394 463 2522 3575 
7395 1155 3417 3610 
7396 1070 2516 3493 
7397 811 2592 3860 
7398 588 3023 3491 
7399 3023 1279 3491 
7400 3079 1242 3305 
7401 2859 1310 3340 
7402 3202 1244 3442 
7403 576 2975 3753 
7404 2975 1362 3753 
7405 1448 3258 3259 
7406 3258 1033 3259 
7407 2680 884 3265 
7408 2476 349 3488 
7409 2431 424 3593 
7410 494 2703 3182 
7411 1066 2703 3290 
7412 2805 288 4071 
7413 1429 3087 3576 
7414 3087 545 3576 
7415 2796 250 4074 
7416 2353 381 3832 
7417 465 2739 4065 
7418 1115 3130 3410 
7419 2365 903 3776 
7420 2455 1678 4051 
7421 1427 2857 3349 
7422 2857 662 3349 
7423 2343 1106 3919 
7424 2589 871 3609 
7425 2505 1019 3437 
7426 984 2428 3826 
7427 1428 2863 4007 
7428 1334 3293 3810 
7429 2588 464 3487 
7430 1114 2588 3487 
7431 2893 972 3230 
7432 1155 2363 3817 
7433 2581 449 3602 
7434 1243 2573 3362 
7435 1805 2538 3660 
7436 2628 1147 3563 
7437 846 2628 3563 
7438 423 2367 3823 
7439 3336 369 3371 
7440 1353 3336 3371 
7441 934 2391 4064 
7442 1064 2331 4063 
7443 1401 2660 3385 
7444 2830 914 3159 
7445 2935 1716 3181 
7446 1152 3673 3930 
7447 3673 1717 3930 
7448 2230 3333 3864 
7449 1038 2460 3599 
7450 2945 1433 4025 
7451 769 2945 4025 
7452 1434 3516 3701 
7453 1748 3834 3857 
7454 3834 292 3857 
7455 1065 2524 3951 
7456 2554 1397 3648 
7457 2566 1662 3740 
7458 2424 1112 3645 
7459 400 2942 3137 
7460 2676 1085 3264 
7461 2502 838 3524 
7462 839 2503 3525 
7463 2435 1395 3636 
7464 2410 1152 3930 
7465 543 2410 3930 
7466 2677 1069 3597 
7467 2708 119 3241 
7468 1235 2934 3520 
7469 2934 1002 3520 
7470 3123 1926 3971 
7471 2923 1275 3625 
7472 156 2923 3625 
7473 2392 1282 3787 
7474 2346 1698 4075 
7475 1197 2840 3541 
7476 2840 1523 3541 
7477 1094 2965 3444 
7478 1056 2879 3542 
7479 1042 3481 3979 
7480 247 3247 3891 
7481 855 2511 3533 
7482 2796 1050 3179 
7483 288 2926 4071 
7484 3103 1037 3763 
7485 3053 979 3054 
7486 1522 3053 3054 
7487 1043 2837 3147 
7488 2394 757 3818 
7489 1117 2394 3818 
7490 1427 3349 3557 
7491 3349 1140 3557 
7492 1183 3284 3433 
7493 3699 417 3730 
7494 344 2891 3245 
7495 662 2857 3980 
7496 2857 1352 3980 
7497 2564 235 3480 
7498 876 2575 3457 
7499 2430 565 3811 
7500 1127 2430 3811 
7501 3097 1061 3458 
7502 1176 2695 3313 
7503 2976 1413 3970 
7504 431 2976 3970 
7505 414 2602 3410 
7506 3627 18 4059 
7507 1727 3627 4059 
7508 2809 226 3976 
7509 468 2765 3294 
7510 1018 2399 3860 
7511 3302 520 4069 
7512 2667 1170 3781 
7513 2702 507 3320 
7514 392 2800 3216 
7515 3302 1116 3389 
7516 1319 3302 3389 
7517 2825 1024 3191 
7518 889 2377 3987 
7519 1256 2679 3935 
7520 2679 202 3935 
7521 2407 790 3853 
7522 3608 324 3791 
7523 445 3401 3555 
7524 3401 1437 3555 
7525 1386 3552 3678 
7526 2658 955 3385 
7527 1017 2734 3381 
7528 1128 2482 3695 
7529 1088 2692 3359 
7530 448 3642 3763 
7531 2589 1091 3577 
7532 1149 2625 3647 
7533 2625 225 3647 
7534 2861 1282 3499 
7535 3154 1595 3353 
7536 492 3202 3442 
7537 2646 1293 3412 
7538 1222 2822 3658 
7539 2822 224 3658 
7540 532 2760 3378 
7541 2760 1126 3378 
7542 2467 1000 3748 
7543 2496 1137 3965 
7544 1125 3429 3544 
7545 3429 1436 3544 
7546 472 2532 4063 
7547 2605 405 3469 
7548 811 2383 4042 
7549 2745 959 3391 
7550 1087 3459 3460 
7551 3459 1446 3460 
7552 3204 1034 3205 
7553 1440 3204 3205 
7554 3024 289 3725 
7555 1318 3024 3725 
7556 413 2825 3756 
7557 2825 1238 3756 
7558 2942 1350 3137 
7559 3313 1528 3838 
7560 456 3663 3911 
7561 3663 1661 3911 
7562 2852 1081 3828 
7563 3144 1202 3145 
7564 1108 3144 3145 
7565 1172 2672 3693 
7566 2672 542 3693 
7567 2514 1148 3850 
7568 240 2514 3850 
7569 1042 2623 3481 
7570 475 2778 3284 
7571 482 2733 3345 
7572 1144 2832 3651 
7573 3093 517 3293 
7574 1334 3093 3293 
7575 1160 2652 3690 
7576 2652 602 3690 
7577 1684 2498 3777 
7578 1263 3234 3668 
7579 3234 1408 3668 
7580 1520 2488 3790 
7581 2839 1513 3626 
7582 3437 1311 3581 
7583 2711 1086 3800 
7584 2966 899 3363 
7585 1676 2966 3363 
7586 341 2626 4026 
7587 2626 1220 4026 
7588 1379 3077 3794 
7589 3077 501 3794 
7590 995 2551 3631 
7591 2541 143 3643 
7592 2540 1972 4044 
7593 3536 1121 3723 
7594 1068 3003 3138 
7595 1547 3392 3968 
7596 3392 518 3968 
7597 2672 1172 3939 
7598 1085 2676 3953 
7599 536 3165 3502 
7600 3165 1290 3502 
7601 3013 1463 4041 
7602 1088 2545 3675 
7603 959 2812 3391 
7604 6 2549 4018 
7605 3134 1335 3866 
7606 2681 1089 3485 
7607 1386 2885 3552 
7608 1091 2589 3609 
7609 2925 1508 3900 
7610 536 2589 3577 
7611 1198 2581 3602 
7612 2617 1400 3687 
7613 3516 574 3701 
7614 3018 279 3291 
7615 462 2754 3388 
7616 2479 1422 3931 
7617 2891 1099 3245 
7618 3943 1237 3981 
7619 1433 2453 4025 
7620 281 2746 3471 
7621 607 2495 3897 
7622 1336 3426 4032 
7623 3209 1521 3992 
7624 1325 3209 3992 
7625 2741 292 3421 
7626 3761 1230 4049 
7627 1201 2520 3804 
7628 3414 1269 4039 
7629 1578 3414 4039 
7630 2771 1633 3661 
7631 589 2629 3724 
7632 2746 1130 3471 
7633 2618 897 3742 
7634 2483 431 3970 
7635 24 2531 3789 
7636 2578 788 3798 
7637 825 2558 3743 
7638 1046 2970 3220 
7639 3642 1512 3763 
7640 374 2462 4051 
7641 2960 1451 3417 
7642 238 3305 3552 
7643 2602 895 3765 
7644 1487 3166 4043 
7645 2513 133 3872 
7646 2686 297 3549 
7647 1095 2527 3912 
7648 3057 1186 3320 
7649 507 3057 3320 
7650 2673 1038 3599 
7651 1040 2725 3503 
7652 2864 438 3960 
7653 3399 1529 3400 
7654 1065 3399 3400 
7655 2571 450 4020 
7656 3249 1192 3969 
7657 2812 1162 3391 
7658 3492 1070 3493 
7659 1583 3492 3493 
7660 941 2605 3654 
7661 1019 3244 3437 
7662 3244 1311 3437 
7663 1120 3061 3810 
7664 2851 822 3365 
7665 2598 1160 3690 
7666 3751 1602 3752 
7667 1131 3751 3752 
7668 299 2826 3729 
7669 2826 1205 3729 
7670 240 2803 3415 
7671 3601 1645 4062 
7672 587 3601 4062 
7673 3539 1406 3558 
7674 2567 1164 3923 
7675 801 2567 3923 
7676 1081 2616 3677 
7677 3434 1480 3861 
7678 2604 417 3699 
7679 2738 433 3879 
7680 1113 2649 3973 
7681 268 2677 3597 
7682 1568 3269 3440 
7683 2774 1219 3586 
7684 464 2770 3487 
7685 2882 1433 3347 
7686 3464 1416 3564 
7687 652 3464 3564 
7688 494 2872 3542 
7689 1467 2578 3798 
7690 2524 270 3951 
7691 544 3341 4010 
7692 2879 494 3542 
7693 3172 1207 3335 
7694 530 3172 3335 
7695 2729 990 3550 
7696 1103 2783 3632 
7697 3417 1155 3936 
7698 2612 1347 3735 
7699 1111 2975 4017 
7700 3423 560 3817 
7701 1560 3044 3623 
7702 1190 2830 3633 
7703 2830 253 3633 
7704 1715 2637 3852 
7705 2629 1108 3724 
7706 2962 345 3303 
7707 1115 2602 3765 
7708 2542 580 3944 
7709 2529 581 3993 
7710 3140 566 3898 
7711 1405 3140 3898 
7712 1138 2683 3656 
7713 2683 556 3656 
7714 2699 1546 3830 
7715 1083 3196 3722 
7716 2615 942 3779 
7717 1734 2805 4071 
7718 1147 2628 3890 
7719 1201 2595 3841 
7720 1210 3018 3291 
7721 1179 2792 3956 
7722 2577 1405 3898 
7723 2991 829 3528 
7724 2549 1431 4018 
7725 1146 3539 3558 
7726 2644 1147 3890 
7727 3130 1375 3410 
7728 2710 395 3639 
7729 1081 3215 3828 
7730 1237 2793 3981 
7731 2793 540 3981 
7732 2555 62 4081 
7733 2794 1398 3760 
7734 3322 1809 3323 
7735 1011 3322 3323 
7736 2649 867 3781 
7737 3552 1242 3678 
7738 454 3063 3558 
7739 3170 1054 3350 
7740 1664 3170 3350 
7741 1052 2782 3975 
7742 2715 1138 3656 
7743 177 3162 3475 
7744 1313 2953 3792 
7745 2953 1574 3792 
7746 1106 2596 3919 
7747 1766 3664 3823 
7748 3664 423 3823 
7749 1012 2826 3512 
7750 2769 463 3575 
7751 879 2672 3939 
7752 3146 1021 3899 
7753 3618 1136 3619 
7754 1501 3618 3619 
7755 940 2831 3603 
7756 2831 1169 3603 
7757 1101 3079 3305 
7758 495 3203 3888 
7759 3203 1404 3888 
7760 1779 3007 3875 
7761 3026 1058 3356 
7762 2564 858 4066 
7763 2637 799 3852 
7764 2954 393 3738 
7765 1231 2954 3738 
7766 136 2917 3698 
7767 2917 1212 3698 
7768 3832 1278 4066 
7769 323 2794 3925 
7770 580 2641 3858 
7771 600 3072 3804 
7772 483 3180 3551 
7773 3180 1250 3551 
7774 3265 884 3846 
7775 2628 572 3890 
7776 3862 1188 3918 
7777 2833 939 3598 
7778 1163 2833 3598 
7779 513 2960 3417 
7780 3141 805 3886 
7781 1658 3141 3886 
7782 3936 1155 4068 
7783 2965 21 3444 
7784 3545 324 3608 
7785 1434 3545 3608 
7786 2585 997 4067 
7787 1059 2806 3612 
7788 532 3236 3653 
7789 3236 1312 3653 
7790 2843 1200 3797 
7791 906 2843 3797 
7792 326 3270 3697 
7793 300 2671 3882 
7794 3042 1309 3887 
7795 192 3042 3887 
7796 532 3378 3678 
7797 3378 1386 3678 
7798 591 3615 4032 
7799 832 2590 4061 
7800 1557 3198 3290 
7801 2689 545 3844 
7802 2671 1154 3882 
7803 2872 1459 3542 
7804 3198 1066 3290 
7805 534 2711 3800 
7806 1448 3259 4008 
7807 3259 535 4008 
7808 2642 944 3940 
7809 2693 359 3904 
7810 1475 3638 3793 
7811 767 3010 3427 
7812 2877 448 3763 
7813 3067 427 3945 
7814 2813 773 3764 
7815 1646 2813 3764 
7816 1615 3862 3918 
7817 2649 298 3973 
7818 1076 3067 3945 
7819 1244 3327 3442 
7820 2885 238 3552 
7821 1558 3317 3943 
7822 780 3154 3353 
7823 1517 2613 4065 
7824 1375 3265 3846 
7825 854 2671 3956 
7826 2676 664 3953 
7827 3922 1516 3991 
7828 3058 505 3806 
7829 1278 3058 3806 
7830 897 2869 3742 
7831 500 2911 3795 
7832 2722 1194 4021 
7833 856 2722 4021 
7834 3287 454 3558 
7835 250 2796 3766 
7836 2796 1174 3766 
7837 1348 3431 3696 
7838 1179 2996 3521 
7839 2996 692 3521 
7840 273 2785 3849 
7841 2785 1183 3849 
7842 427 3132 3945 
7843 2683 936 3982 
7844 472 2934 3796 
7845 3095 1009 3674 
7846 2934 1235 3796 
7847 1298 2773 3791 
7848 1047 3111 3509 
7849 1677 3074 3523 
7850 1297 2991 3528 
7851 3638 1215 3793 
7852 3015 489 3955 
7853 1100 2738 3879 
7854 2979 453 3613 
7855 3640 565 3859 
7856 1528 3640 3859 
7857 1693 2978 3546 
7858 3361 1292 3551 
7859 1250 3361 3551 
7860 1137 2709 3965 
7861 3595 1336 3871 
7862 3805 502 3905 
7863 1603 3805 3905 
7864 1044 2961 3560 
7865 882 2688 4047 
7866 515 3397 3662 
7867 3397 1359 3662 
7868 3398 1276 3662 
7869 1359 3398 3662 
7870 1082 3396 3664 
7871 1365 3547 4011 
7872 3012 85 3543 
7873 3646 1149 3647 
7874 1510 3646 3647 
7875 2717 874 4012 
7876 3576 1190 3633 
7877 1429 3576 3633 
7878 520 3302 3411 
7879 3302 1319 3411 
7880 3077 1047 3509 
7881 343 2873 3755 
7882 3380 1017 3381 
7883 1975 3380 3381 
7884 1830 3331 4048 
7885 3331 986 4048 
7886 3288 1628 3907 
7887 485 3288 3907 
7888 1316 3369 3384 
7889 3162 1158 3475 
7890 1739 3563 3840 
7891 1000 3366 3748 
7892 3366 1882 3748 
7893 667 2887 3835 
7894 291 3229 3869 
7895 1361 3425 3680 
7896 3425 1284 3680 
7897 3409 1261 3581 
7898 1311 3409 3581 
7899 2982 591 4032 
7900 1289 2982 4032 
7901 2869 1302 3742 
7902 1319 3389 3628 
7903 3389 370 3628 
7904 2873 1173 3755 
7905 2915 1236 3697 
7906 3063 1146 3558 
7907 2750 856 4021 
7908 3369 1159 3384 
7909 3324 1853 3553 
7910 1285 3113 3856 
7911 3113 514 3856 
7912 1608 3197 3548 
7913 3197 904 3548 
7914 3269 1071 3440 
7915 316 3758 3964 
7916 3758 1572 3964 
7917 2794 1129 3925 
7918 589 2852 3828 
7919 351 2944 3943 
7920 2944 1237 3943 
7921 3215 1548 3828 
7922 2975 1111 3659 
7923 3508 1396 3721 
7924 1259 3508 3721 
7925 3006 286 3718 
7926 307 3969 4078 
7927 3969 1690 4078 
7928 3714 1498 3755 
7929 1173 3714 3755 
7930 3061 1120 3589 
7931 3327 1196 3442 
7932 3035 1329 3713 
7933 785 3035 3713 
7934 3306 1191 3967 
7935 598 2875 3819 
7936 2990 614 3874 
7937 3044 478 3623 
7938 1775 2809 3976 
7939 386 2801 4000 
7940 1406 3287 3558 
7941 2773 1298 4068 
7942 1028 2968 4013 
7943 596 3958 4058 
7944 1200 2843 3994 
7945 2843 474 3994 
7946 2887 1170 3835 
7947 1712 2850 3904 
7948 2999 189 3702 
7949 3186 1749 3598 
7950 939 3186 3598 
7951 198 2846 3924 
7952 2827 1124 3963 
7953 3358 1271 3573 
7954 171 3358 3573 
7955 3358 172 3574 
7956 1271 3358 3574 
7957 1098 3052 3652 
7958 3501 1296 3733 
7959 1381 3501 3733 
7960 2814 490 4028 
7961 576 2829 4031 
7962 224 3089 3658 
7963 3089 1684 3658 
7964 1130 3449 3471 
7965 1531 3773 3880 
7966 3773 628 3880 
7967 3595 1533 4057 
7968 1336 3595 4057 
7969 1050 2796 4074 
7970 3177 940 3603 
7971 1754 3177 3603 
7972 2829 1977 4031 
7973 1984 3571 3977 
7974 3600 1418 3908 
7975 3236 532 3678 
7976 1242 3236 3678 
7977 1137 3207 3582 
7978 2862 1639 4022 
7979 1627 2862 4022 
7980 3449 1488 3471 
7981 461 3252 3862 
7982 3476 1247 3494 
7983 3383 299 3729 
7984 1590 3383 3729 
7985 3281 703 3774 
7986 3505 1085 3953 
7987 1301 3922 3991 
7988 3545 1434 3701 
7989 2863 1399 4007 
7990 3369 1316 3782 
7991 552 3369 3782 
7992 455 3324 3553 
7993 1055 3161 3780 
7994 1338 3829 3989 
7995 3829 1571 3989 
7996 1227 3526 3795 
7997 246 3145 3837 
7998 1246 3476 3494 
7999 3321 461 3862 
8000 535 3259 3586 
8001 1016 3379 3604 
8002 265 2914 3959 
8003 2929 1483 4009 
8004 1512 3103 3763 
8005 3075 1692 3897 
8006 3333 1048 3864 
8007 3007 632 3877 
8008 3061 314 3810 
8009 1408 3234 4028 
8010 3003 316 3964 
8011 1224 3003 3964 
8012 3173 1028 4013 
8013 525 2921 4014 
8014 1475 3455 3638 
8015 557 3595 3871 
8016 1172 3683 3939 
8017 1626 3048 3944 
8018 651 3600 3908 
8019 522 3147 3986 
8020 3483 1516 3922 
8021 1572 3758 3759 
8022 3758 1180 3759 
8023 3379 1974 3604 
8024 3001 1239 4048 
8025 986 3001 4048 
8026 1189 2982 3986 
8027 574 3516 3635 
8028 3516 1305 3635 
8029 2926 1073 4071 
8030 3466 984 3826 
8031 3811 565 3894 
8032 1904 3811 3894 
8033 2975 576 4017 
8034 1336 3615 3871 
8035 3470 1091 3609 
8036 3289 800 3785 
8037 1270 3289 3785 
8038 3145 1202 3837 
8039 1135 3743 3959 
8040 1181 3086 3902 
8041 3465 416 3705 
8042 1623 3470 3609 
8043 3252 1188 3862 
8044 3098 801 3923 
8045 3455 792 3638 
8046 3266 513 3936 
8047 1298 3266 3936 
8048 1907 3686 3809 
8049 1206 3281 3774 
8050 1479 3146 3899 
8051 1235 3667 3796 
8052 3239 1161 3821 
8053 3431 1217 3696 
8054 1786 3707 3845 
8055 3132 1526 3945 
8056 391 3200 4056 
8057 3200 1295 4056 
8058 347 3123 3971 
8059 1100 3254 3839 
8060 3279 1104 3812 
8061 3229 1603 3869 
8062 3079 596 4058 
8063 1242 3079 4058 
8064 1357 3635 3750 
8065 2029 3465 3705 
8066 545 3689 3844 
8067 3689 1428 3844 
8068 1105 3297 3808 
8069 3568 995 3631 
8070 1481 3637 3711 
8071 1432 3568 3631 
8072 3666 1354 3842 
8073 1415 3666 3842 
8074 3562 5 4018 
8075 1431 3562 4018 
8076 1176 3313 3838 
8077 3682 1367 3825 
8078 1661 3663 3737 
8079 392 3216 3931 
8080 1155 3817 4068 
8081 1209 3545 3701 
8082 1420 3173 4013 
8083 1615 3321 3862 
8084 3368 1095 3912 
8085 252 3205 4009 
8086 3414 414 3985 
8087 3616 2090 3901 
8088 422 3616 3901 
8089 3211 1258 4019 
8090 3710 1399 3807 
8091 1357 3710 3807 
8092 3388 1414 4047 
8093 3679 523 3784 
8094 1374 3679 3784 
8095 1419 3466 3826 
8096 3637 1214 3711 
8097 3317 351 3943 
8098 268 3597 3803 
8099 3526 500 3795 
8100 1947 3505 3953 
8101 642 3592 4084 
8102 3592 1441 4084 
8103 498 3306 3967 
8104 1192 3434 3861 
8105 3236 1242 4058 
8106 3663 1168 3737 
8107 574 3635 3807 
8108 3635 1357 3807 
8109 3728 1349 3753 
8110 1362 3728 3753 
8111 3635 1305 3750 
8112 455 3554 3914 
8113 3554 1358 3914 
8114 1124 3372 3963 
8115 3757 934 4064 
8116 1107 3447 3948 
8117 628 3687 3880 
8118 3687 1400 3880 
8119 1248 3996 3997 
8120 3996 1594 3997 
8121 1241 3286 4034 
8122 483 3551 4083 
8123 305 3426 4057 
8124 3426 1336 4057 
8125 3597 1489 3803 
8126 513 3417 3936 
8127 1320 3676 3908 
8128 3563 1147 3840 
8129 1116 3302 4069 
8130 1418 3730 3908 
8131 658 3483 3922 
8132 3767 1379 3794 
8133 1384 3767 3794 
8134 3667 1492 3796 
8135 1269 3414 3985 
8136 3730 1320 3908 
8137 3686 1139 3809 
8138 3481 1720 3979 
8139 1331 3682 3825 
8140 548 3876 4043 
8141 3876 1487 4043 
8142 3524 1118 4035 
8143 3426 1289 4032 
8144 3615 1337 3871 
8145 3707 1165 3845 
8146 1758 3843 3983 
8147 1790 3916 4070 
8148 3571 1163 3977 
8149 3547 1314 4011 
8150 3676 651 3908 
8151 3957 1312 3958 
8152 1520 3957 3958 
8153 3683 1798 3939 
8154 3551 1292 4083 
8155 1298 3936 4068 
8156 3910 1422 4001 
8157 1457 3910 4001 
8158 3998 1562 3999 
8159 1304 3998 3999 
8160 3843 1218 3983 
8161 1657 3757 4064 
8162 1851 3994 4049 
8163 3994 474 4049 
8164 4017 576 4031 
8165 3916 1225 4070 
8166 1443 4017 4031 
$EndElements
