$MeshFormat
4.1 0 8
$EndMeshFormat
$PhysicalNames
5
1 1 "cavityA_bot"
1 2 "cavityB_outer"
1 3 "cavityC_web"
1 4 "seal_bore"
2 5 "solid"
$EndPhysicalNames
$Entities
8 8 1 0
1 0.08 0 0 0 
2 0.16 0 0 0 
3 0.16 0.012 0 0 
4 0.13 0.012 0 0 
5 0.13 0.045 0 0 
6 0.18 0.045 0 0 
7 0.18 0.06 0 0 
8 0.08 0.06 0 0 
1 0.08 0 0 0.16 0 0 1 1 2 1 -2 
2 0.16 0 0 0.16 0.012 0 1 2 2 2 -3 
3 0.13 0.012 0 0.16 0.012 0 0 2 3 -4 
4 0.13 0.012 0 0.13 0.045 0 0 2 4 -5 
5 0.13 0.045 0 0.18 0.045 0 1 3 2 5 -6 
6 0.18 0.045 0 0.18 0.06 0 0 2 6 -7 
7 0.08 0.06 0 0.18 0.06 0 0 2 7 -8 
8 0.08 0 0 0.08 0.06 0 1 4 2 8 -1 
1 0.08 0 0 0.18 0.06 0 1 5 8 1 2 3 4 5 6 7 8 
$EndEntities
$Nodes
17 1328 1 1328
0 1 0 1
1
0.08 0 0
0 2 0 1
2
0.16 0 0
0 3 0 1
3
0.16 0.012 0
0 4 0 1
4
0.13 0.012 0
0 5 0 1
5
0.13 0.045 0
0 6 0 1
6
0.18 0.045 0
0 7 0 1
7
0.18 0.06 0
0 8 0 1
8
0.08 0.06 0
1 1 0 39
9
10
11
12
13
14
15
16
17
18
19
20
21
22
23
24
25
26
27
28
29
30
31
32
33
34
35
36
37
38
39
40
41
42
43
44
45
46
47
0.08200000000000759 0 0
0.08400000000000055 0 0
0.08599999999999133 0 0
0.08799999999998213 0 0
0.08999999999997292 0 0
0.09199999999996371 0 0
0.09399999999995828 0 0
0.09599999999995776 0 0
0.09799999999995722 0 0
0.09999999999995397 0 0
0.1019999999999448 0 0
0.1039999999999355 0 0
0.1059999999999263 0 0
0.1079999999999171 0 0
0.1099999999999133 0 0
0.1119999999999123 0 0
0.113999999999903 0 0
0.1159999999999009 0 0
0.1179999999998982 0 0
0.1199999999998917 0 0
0.1219999999998998 0 0
0.1239999999999014 0 0
0.1259999999999052 0 0
0.1279999999999133 0 0
0.1299999999999215 0 0
0.1319999999999296 0 0
0.1339999999999269 0 0
0.135999999999935 0 0
0.1379999999999431 0 0
0.1399999999999458 0 0
0.1419999999999485 0 0
0.1439999999999567 0 0
0.1459999999999648 0 0
0.1479999999999729 0 0
0.149999999999981 0 0
0.1519999999999783 0 0
0.1539999999999756 0 0
0.1559999999999838 0 0
0.1579999999999919 0 0
1 2 0 5
48
49
50
51
52
0.16 0.001999999999995977 0
0.16 0.00399999999999035 0
0.16 0.005999999999984893 0
0.16 0.007999999999989821 0
0.16 0.009999999999994572 0
1 3 0 14
53
54
55
56
57
58
59
60
61
62
63
64
65
66
0.1579999999999996 0.012 0
0.1560000000000098 0.012 0
0.1540000000000098 0.012 0
0.1520000000000101 0.012 0
0.1500000000000271 0.012 0
0.1480000000000293 0.012 0
0.146000000000034 0.012 0
0.1440000000000336 0.012 0
0.142000000000025 0.012 0
0.1400000000000271 0.012 0
0.1380000000000184 0.012 0
0.1360000000000119 0.012 0
0.1340000000000119 0.012 0
0.1320000000000033 0.012 0
1 4 0 16
67
68
69
70
71
72
73
74
75
76
77
78
79
80
81
82
0.13 0.01394117647058437 0
0.13 0.01588235294116909 0
0.13 0.0178235294117533 0
0.13 0.01976470588233404 0
0.13 0.02170588235291765 0
0.13 0.02364705882349915 0
0.13 0.02558823529408085 0
0.13 0.02752941176466335 0
0.13 0.02947058823525078 0
0.13 0.0314117647058418 0
0.13 0.03335294117643352 0
0.13 0.03529411764702609 0
0.13 0.03723529411761963 0
0.13 0.03917647058821348 0
0.13 0.04111764705880575 0
0.13 0.0430588235293981 0
1 5 0 24
83
84
85
86
87
88
89
90
91
92
93
94
95
96
97
98
99
100
101
102
103
104
105
106
0.1319999999999976 0.045 0
0.1339999999999898 0.045 0
0.135999999999982 0.045 0
0.1379999999999742 0.045 0
0.1399999999999664 0.045 0
0.1419999999999586 0.045 0
0.1439999999999508 0.045 0
0.145999999999943 0.045 0
0.147999999999946 0.045 0
0.149999999999949 0.045 0
0.1519999999999521 0.045 0
0.1539999999999551 0.045 0
0.1559999999999581 0.045 0
0.1579999999999612 0.045 0
0.1599999999999642 0.045 0
0.1619999999999673 0.045 0
0.1639999999999703 0.045 0
0.1659999999999733 0.045 0
0.1679999999999764 0.045 0
0.1699999999999794 0.045 0
0.1719999999999824 0.045 0
0.1739999999999855 0.045 0
0.1759999999999885 0.045 0
0.1779999999999969 0.045 0
1 6 0 7
107
108
109
110
111
112
113
0.18 0.04687499999999525 0
0.18 0.04874999999998915 0
0.18 0.05062499999998304 0
0.18 0.05249999999997831 0
0.18 0.05437499999998576 0
0.18 0.05624999999998644 0
0.18 0.05812499999999661 0
1 7 0 49
114
115
116
117
118
119
120
121
122
123
124
125
126
127
128
129
130
131
132
133
134
135
136
137
138
139
140
141
142
143
144
145
146
147
148
149
150
151
152
153
154
155
156
157
158
159
160
161
162
0.1780000000000057 0.06 0
0.1760000000000115 0.06 0
0.1740000000000172 0.06 0
0.1720000000000217 0.06 0
0.1700000000000179 0.06 0
0.1680000000000236 0.06 0
0.1660000000000293 0.06 0
0.1640000000000351 0.06 0
0.1620000000000409 0.06 0
0.1600000000000466 0.06 0
0.1580000000000523 0.06 0
0.1560000000000581 0.06 0
0.1540000000000638 0.06 0
0.1520000000000696 0.06 0
0.1500000000000753 0.06 0
0.1480000000000811 0.06 0
0.1460000000000868 0.06 0
0.1440000000000926 0.06 0
0.1420000000000983 0.06 0
0.140000000000104 0.06 0
0.1380000000001098 0.06 0
0.1360000000001155 0.06 0
0.1340000000001213 0.06 0
0.132000000000127 0.06 0
0.1300000000001328 0.06 0
0.12800000000013 0.06 0
0.1260000000001273 0.06 0
0.1240000000001192 0.06 0
0.1220000000001138 0.06 0
0.1200000000001078 0.06 0
0.1180000000001029 0.06 0
0.1160000000000973 0.06 0
0.1140000000000921 0.06 0
0.1120000000000868 0.06 0
0.1100000000000812 0.06 0
0.1080000000000763 0.06 0
0.1060000000000704 0.06 0
0.1040000000000658 0.06 0
0.1020000000000596 0.06 0
0.1000000000000553 0.06 0
0.09800000000004874 0.06 0
0.09600000000004202 0.06 0
0.09400000000003791 0.06 0
0.09200000000003151 0.06 0
0.09000000000002709 0.06 0
0.08800000000002102 0.06 0
0.08600000000001624 0.06 0
0.08400000000001051 0.06 0
0.08200000000000542 0.06 0
1 8 0 29
163
164
165
166
167
168
169
170
171
172
173
174
175
176
177
178
179
180
181
182
183
184
185
186
187
188
189
190
191
0.08 0.05800000000000519 0
0.08 0.05600000000001102 0
0.08 0.05400000000001288 0
0.08 0.0520000000000168 0
0.08 0.05000000000002507 0
0.08 0.04800000000003199 0
0.08 0.04600000000003638 0
0.08 0.04400000000004158 0
0.08 0.04200000000005003 0
0.08 0.04000000000005423 0
0.08 0.0380000000000625 0
0.08 0.03600000000006643 0
0.08 0.03400000000007099 0
0.08 0.03200000000007782 0
0.08 0.03000000000008541 0
0.08 0.02800000000007836 0
0.08 0.02600000000007271 0
0.08 0.02400000000006561 0
0.08 0.02200000000006205 0
0.08 0.02000000000005558 0
0.08 0.01800000000005057 0
0.08 0.01600000000004284 0
0.08 0.01400000000004054 0
0.08 0.0120000000000328 0
0.08 0.01000000000002779 0
0.08 0.00800000000002133 0
0.08 0.006000000000017755 0
0.08 0.004000000000010662 0
0.08 0.002000000000005019 0
2 1 0 1137
192
193
194
195
196
197
198
199
200
201
202
203
204
205
206
207
208
209
210
211
212
213
214
215
216
217
218
219
220
221
222
223
224
225
226
227
228
229
230
231
232
233
234
235
236
237
238
239
240
241
242
243
244
245
246
247
248
249
250
251
252
253
254
255
256
257
258
259
260
261
262
263
264
265
266
267
268
269
270
271
272
273
274
275
276
277
278
279
280
281
282
283
284
285
286
287
288
289
290
291
292
293
294
295
296
297
298
299
300
301
302
303
304
305
306
307
308
309
310
311
312
313
314
315
316
317
318
319
320
321
322
323
324
325
326
327
328
329
330
331
332
333
334
335
336
337
338
339
340
341
342
343
344
345
346
347
348
349
350
351
352
353
354
355
356
357
358
359
360
361
362
363
364
365
366
367
368
369
370
371
372
373
374
375
376
377
378
379
380
381
382
383
384
385
386
387
388
389
390
391
392
393
394
395
396
397
398
399
400
401
402
403
404
405
406
407
408
409
410
411
412
413
414
415
416
417
418
419
420
421
422
423
424
425
426
427
428
429
430
431
432
433
434
435
436
437
438
439
440
441
442
443
444
445
446
447
448
449
450
451
452
453
454
455
456
457
458
459
460
461
462
463
464
465
466
467
468
469
470
471
472
473
474
475
476
477
478
479
480
481
482
483
484
485
486
487
488
489
490
491
492
493
494
495
496
497
498
499
500
501
502
503
504
505
506
507
508
509
510
511
512
513
514
515
516
517
518
519
520
521
522
523
524
525
526
527
528
529
530
531
532
533
534
535
536
537
538
539
540
541
542
543
544
545
546
547
548
549
550
551
552
553
554
555
556
557
558
559
560
561
562
563
564
565
566
567
568
569
570
571
572
573
574
575
576
577
578
579
580
581
582
583
584
585
586
587
588
589
590
591
592
593
594
595
596
597
598
599
600
601
602
603
604
605
606
607
608
609
610
611
612
613
614
615
616
617
618
619
620
621
622
623
624
625
626
627
628
629
630
631
632
633
634
635
636
637
638
639
640
641
642
643
644
645
646
647
648
649
650
651
652
653
654
655
656
657
658
659
660
661
662
663
664
665
666
667
668
669
670
671
672
673
674
675
676
677
678
679
680
681
682
683
684
685
686
687
688
689
690
691
692
693
694
695
696
697
698
699
700
701
702
703
704
705
706
707
708
709
710
711
712
713
714
715
716
717
718
719
720
721
722
723
724
725
726
727
728
729
730
731
732
733
734
735
736
737
738
739
740
741
742
743
744
745
746
747
748
749
750
751
752
753
754
755
756
757
758
759
760
761
762
763
764
765
766
767
768
769
770
771
772
773
774
775
776
777
778
779
780
781
782
783
784
785
786
787
788
789
790
791
792
793
794
795
796
797
798
799
800
801
802
803
804
805
806
807
808
809
810
811
812
813
814
815
816
817
818
819
820
821
822
823
824
825
826
827
828
829
830
831
832
833
834
835
836
837
838
839
840
841
842
843
844
845
846
847
848
849
850
851
852
853
854
855
856
857
858
859
860
861
862
863
864
865
866
867
868
869
870
871
872
873
874
875
876
877
878
879
880
881
882
883
884
885
886
887
888
889
890
891
892
893
894
895
896
897
898
899
900
901
902
903
904
905
906
907
908
909
910
911
912
913
914
915
916
917
918
919
920
921
922
923
924
925
926
927
928
929
930
931
932
933
934
935
936
937
938
939
940
941
942
943
944
945
946
947
948
949
950
951
952
953
954
955
956
957
958
959
960
961
962
963
964
965
966
967
968
969
970
971
972
973
974
975
976
977
978
979
980
981
982
983
984
985
986
987
988
989
990
991
992
993
994
995
996
997
998
999
1000
1001
1002
1003
1004
1005
1006
1007
1008
1009
1010
1011
1012
1013
1014
1015
1016
1017
1018
1019
1020
1021
1022
1023
1024
1025
1026
1027
1028
1029
1030
1031
1032
1033
1034
1035
1036
1037
1038
1039
1040
1041
1042
1043
1044
1045
1046
1047
1048
1049
1050
1051
1052
1053
1054
1055
1056
1057
1058
1059
1060
1061
1062
1063
1064
1065
1066
1067
1068
1069
1070
1071
1072
1073
1074
1075
1076
1077
1078
1079
1080
1081
1082
1083
1084
1085
1086
1087
1088
1089
1090
1091
1092
1093
1094
1095
1096
1097
1098
1099
1100
1101
1102
1103
1104
1105
1106
1107
1108
1109
1110
1111
1112
1113
1114
1115
1116
1117
1118
1119
1120
1121
1122
1123
1124
1125
1126
1127
1128
1129
1130
1131
1132
1133
1134
1135
1136
1137
1138
1139
1140
1141
1142
1143
1144
1145
1146
1147
1148
1149
1150
1151
1152
1153
1154
1155
1156
1157
1158
1159
1160
1161
1162
1163
1164
1165
1166
1167
1168
1169
1170
1171
1172
1173
1174
1175
1176
1177
1178
1179
1180
1181
1182
1183
1184
1185
1186
1187
1188
1189
1190
1191
1192
1193
1194
1195
1196
1197
1198
1199
1200
1201
1202
1203
1204
1205
1206
1207
1208
1209
1210
1211
1212
1213
1214
1215
1216
1217
1218
1219
1220
1221
1222
1223
1224
1225
1226
1227
1228
1229
1230
1231
1232
1233
1234
1235
1236
1237
1238
1239
1240
1241
1242
1243
1244
1245
1246
1247
1248
1249
1250
1251
1252
1253
1254
1255
1256
1257
1258
1259
1260
1261
1262
1263
1264
1265
1266
1267
1268
1269
1270
1271
1272
1273
1274
1275
1276
1277
1278
1279
1280
1281
1282
1283
1284
1285
1286
1287
1288
1289
1290
1291
1292
1293
1294
1295
1296
1297
1298
1299
1300
1301
1302
1303
1304
1305
1306
1307
1308
1309
1310
1311
1312
1313
1314
1315
1316
1317
1318
1319
1320
1321
1322
1323
1324
1325
1326
1327
1328
0.1283845777136559 0.02641164715549368 0
0.08173205080756395 0.03500000000006871 0
0.08183925039862017 0.02502513574388417 0
0.1283847657588894 0.03616087448831695 0
0.1050976960519339 0.05821743471758579 0
0.1050009070280464 0.001731582942816727 0
0.1283968368327089 0.01863170953561748 0
0.09723438644673787 0.05812838432932594 0
0.08189367791479539 0.0170867435281466 0
0.1129976103277916 0.05826823225446688 0
0.1131366505815838 0.001695712382043002 0
0.08173205080756156 0.0430000000000458 0
0.0970045028864286 0.001736020147193238 0
0.1283202352297664 0.04402974089414455 0
0.1190115363271514 0.001631354280373965 0
0.09076459572890741 0.05808738147466566 0
0.08174813452256288 0.01109606279878424 0
0.1284519778811233 0.01295832877791163 0
0.1189963943690337 0.05826671580279197 0
0.08188314888871451 0.04900782355175781 0
0.09100589637984569 0.001739986578524138 0
0.1282326455127178 0.04597541842247081 0
0.1266191453246411 0.04500187317375547 0
0.1266130479312261 0.04695302817661699 0
0.124937934469447 0.04597500776659955 0
0.1332727862701035 0.04687433431591589 0
0.1390686613303723 0.0466609305832288 0
0.1449448161326425 0.04674236869305559 0
0.169126585523463 0.05847738915762946 0
0.1629775705394081 0.05818248165006114 0
0.1569391871645276 0.05844848412746241 0
0.1511122504814053 0.05837502758425767 0
0.1728476351236126 0.04674099698508445 0
0.1250031854051214 0.001729746872278998 0
0.1249714683646657 0.04399381345259874 0
0.1232518584558505 0.0449906614509591 0
0.1232839819247875 0.04300588775210407 0
0.1215584038921771 0.04401036275908188 0
0.1215625108476928 0.04204938868162413 0
0.1198592266154977 0.04303322096937053 0
0.1198606057298833 0.04107310653443026 0
0.1181584124711443 0.04205616358547661 0
0.1181771616802446 0.04006253900490123 0
0.1164611365849964 0.0410673327223702 0
0.1164797095341736 0.03907155615190787 0
0.1147588605260264 0.04008143435613727 0
0.1147775654269964 0.03808533107593497 0
0.1130547106630068 0.03909599784051777 0
0.113073122681826 0.03709754218082503 0
0.111349569554678 0.03810946467066535 0
0.1113504283429018 0.03613588377947788 0
0.1096369447643481 0.03712734385072378 0
0.1096388243888487 0.03515151420310339 0
0.1079259609578026 0.03613921574466807 0
0.1079283250300062 0.03416305599096663 0
0.109640952431767 0.0331767072960839 0
0.1079305365051559 0.03218697031888291 0
0.1096436961320749 0.03120177302902986 0
0.1079337681412869 0.03021038380278797 0
0.1062191926101516 0.03119647024421008 0
0.106222385231859 0.02921813204278862 0
0.1079375240577777 0.02823223496656595 0
0.1062257303167381 0.0272393468202138 0
0.1079467468599511 0.02625257719551115 0
0.1062297916518243 0.02525957504692209 0
0.1079520077017645 0.02427237832518764 0
0.1045063667692544 0.03020475570819466 0
0.1062333133840843 0.02327870197179582 0
0.1079630122568183 0.02228315826035586 0
0.1079310322218715 0.03812139766039489 0
0.1062432941892456 0.02128211890449635 0
0.1045179346896174 0.02228251743985591 0
0.1045256307765664 0.02028519861437761 0
0.102799869819806 0.02128751078105953 0
0.1079973658197389 0.02026964948524734 0
0.1097071056023782 0.02327501678447685 0
0.1130530935469993 0.04107750007202927 0
0.1028024001053053 0.01930147899184462 0
0.1010800343405529 0.0202940994062498 0
0.1010835181640117 0.01830820364063252 0
0.09936028535020436 0.01929896082326484 0
0.1165162349089808 0.0370466848752324 0
0.1028066532879306 0.01731760788607408 0
0.09935714711022732 0.02128776335525585 0
0.09936819434150718 0.01730822222836208 0
0.09763669372641703 0.02029087043041645 0
0.09763368669559894 0.02228121306002015 0
0.1062134089890516 0.03712725072262467 0
0.1062175507733684 0.03911167475428704 0
0.1044979624940074 0.03811586602792406 0
0.1044958407254623 0.04009624921915811 0
0.1027788367365112 0.03910308940787107 0
0.1027769406953265 0.04108522264185163 0
0.1010591778774889 0.04009247489240964 0
0.1010576494418558 0.04207715341671141 0
0.09933871849471482 0.04108318081598254 0
0.09934056096967014 0.03909728784032469 0
0.09761897741237424 0.04008847204101491 0
0.0976207135919675 0.03810063636873115 0
0.09762128296681821 0.04207829965161489 0
0.102776365499967 0.04307068381437024 0
0.1181640541971057 0.04402688333112133 0
0.09589918255408926 0.03909302205566167 0
0.09589993718690382 0.03710414462688184 0
0.09591228292540077 0.02128277062587341 0
0.09590936240733101 0.02327306344623299 0
0.09417691719971907 0.03809707654663381 0
0.09418270292805206 0.03611494628787068 0
0.09418711554230519 0.02227489192892349 0
0.09419099807627575 0.02028412974876002 0
0.09418454031413472 0.02426536276322394 0
0.1232738443037487 0.04696750312157164 0
0.1781548793013277 0.05335122115163456 0
0.09246412349119794 0.02127687950219694 0
0.09246804741560712 0.01928470457635391 0
0.128930673649953 0.05835354764021956 0
0.1410000000001011 0.05826794919243609 0
0.1351055369733781 0.05813470699315984 0
0.1549999999999567 0.0467320508075715 0
0.1611125252590906 0.04680130284641833 0
0.1670261674786584 0.04667554834632966 0
0.09245365068399305 0.03710136644056081 0
0.09245483203219382 0.03909196499962162 0
0.09246590470638533 0.03512886631814299 0
0.09590682199181066 0.02526314307572453 0
0.09591581243391126 0.03513958475780632 0
0.1310124783635416 0.01029168425413242 0
0.1509919884528728 0.01029042588629796 0
0.1409857014743593 0.01028152766352038 0
0.1352073394558441 0.001967537433778607 0
0.1469999999999689 0.00173205080757591 0
0.09074025180012869 0.02027807330890193 0
0.09074404609120629 0.01828539459891891 0
0.09247196965859668 0.0172916569466625 0
0.09074691892234081 0.01629201034207063 0
0.09247473608717854 0.01529812879340375 0
0.0907506754530731 0.01429756714089819 0
0.09247981119573792 0.01330286875496745 0
0.09075293765507156 0.01230221111529003 0
0.09248333220254908 0.01130728748152601 0
0.09072686365638973 0.03809366515383881 0
0.09072812909702552 0.04008683690896346 0
0.09075598828898836 0.01030608869863711 0
0.09418233092155406 0.02625563397666835 0
0.08900609349845741 0.03909858926386139 0
0.08899768852944256 0.04108150488220896 0
0.09072814864324441 0.042080440151552 0
0.08895258944483528 0.04311738912805005 0
0.09071748532075466 0.04408133209987151 0
0.08899307079945756 0.0450907661252808 0
0.09072055390448047 0.04607372355815362 0
0.08899220863035545 0.04707004474786967 0
0.09072035194845608 0.04806645387754434 0
0.08899082156285323 0.04906307255000582 0
0.1529999999999771 0.001732050807566535 0
0.09071924891363077 0.05006193628068432 0
0.09244902331187825 0.04906412198719916 0
0.08898920592304178 0.05105941346468473 0
0.09248671931934763 0.009311072037851564 0
0.09421405935778437 0.0103124611043002 0
0.1113710631117226 0.03216618210221493 0
0.1292161000961392 0.00198808600694335 0
0.1249730608304433 0.05797000720597749 0
0.1389999999999445 0.001732050807571222 0
0.1090000000000787 0.0582679491924268 0
0.1096721448883994 0.02722595373971527 0
0.1010088181119605 0.05810115587270578 0
0.08176835724053674 0.02906273968058284 0
0.08187313440744168 0.02106070383708358 0
0.1429999999999526 0.001732050807573554 0
0.1089810893445168 0.001720515579317431 0
0.1009999999999494 0.001732050807560899 0
0.08199149101635474 0.006873760566564185 0
0.0870012531123127 0.001737020168350663 0
0.1449874072411166 0.01029749925213276 0
0.1369877539652006 0.01027992860103874 0
0.1729294256913894 0.05830007735799789 0
0.1487755463949748 0.0467546117337722 0
0.1449973789587417 0.05842762220523047 0
0.09245912907720483 0.02525874152767735 0
0.1283801912287459 0.03032592787935427 0
0.1283911708514894 0.02252203783059242 0
0.1198789642026024 0.03908766213402452 0
0.08900873196015172 0.03713835039012166 0
0.1062274701747909 0.04110249898742539 0
0.1010560200092304 0.04406348872404284 0
0.1027780083870453 0.04505800708644354 0
0.1010545923168369 0.04605123315233273 0
0.102778135485931 0.04704645493326054 0
0.1010566240634048 0.04804037144542586 0
0.1027769339834735 0.04903569698976899 0
0.1045018874094957 0.0480431177320834 0
0.1010646289104275 0.05003616340752524 0
0.1044995177452131 0.0500308891175834 0
0.1062229768939388 0.04903852673514953 0
0.1045122369438129 0.02624696984890887 0
0.1027818509290782 0.03712177365277838 0
0.09590464783817478 0.02725242524411642 0
0.09245685313063498 0.02724978082045701 0
0.09073276961932095 0.0262524725727897 0
0.09073043852153159 0.02824456247696394 0
0.09244779694542414 0.05106051849785081 0
0.1282231257654525 0.04793008354754554 0
0.1266088992992979 0.04891419973840719 0
0.1283141929662377 0.04989524613327033 0
0.1583269704986889 0.007081220613369515 0
0.08500000000001334 0.05826794919242684 0
0.08902521932525867 0.01329588339025772 0
0.1266204131941996 0.05088425353005456 0
0.1062216768939384 0.051025874805405 0
0.1079428563692018 0.05003135516442701 0
0.1079453121947935 0.04804672976631309 0
0.1096632256230834 0.04903907331452663 0
0.1096647470199658 0.05102413160443229 0
0.1113817184617699 0.05002953948058063 0
0.08178465893504946 0.05301327362552707 0
0.08900573643190918 0.02724661192961969 0
0.08900364794876409 0.02923991841825643 0
0.08901663285473255 0.01927515042087391 0
0.1113811780461158 0.0480473790237569 0
0.1130977820799083 0.04903783290019575 0
0.1130988386700682 0.05101941229969149 0
0.1148148377661767 0.05002883597836524 0
0.1147618465745857 0.05191682445603928 0
0.1165225219269232 0.05100336439965188 0
0.09934104503050645 0.04704981979585855 0
0.1233543925707087 0.04097049760535491 0
0.08177899807221334 0.03905291761224973 0
0.09075918182970594 0.008309201863301068 0
0.08902785886794735 0.0093048462587541 0
0.09421776361182081 0.008316208269691325 0
0.09595565121266192 0.009253046215234578 0
0.1044984664296549 0.05202069510291359 0
0.09762855495874184 0.02626028212234925 0
0.09762636489774369 0.02824901808707146 0
0.09594235925825378 0.01130292124225425 0
0.09767290295921124 0.0103067873378818 0
0.09767528173359566 0.008323860296428674 0
0.0994014014249285 0.009323397503252907 0
0.1783110463211316 0.04945798458797546 0
0.1283345343975804 0.05186942983065643 0
0.08727880754479286 0.0460915310741692 0
0.1300214675141154 0.05091956796027314 0
0.0993963491886752 0.01131849183447065 0
0.1011259639595876 0.01032655580681902 0
0.1011708691890692 0.008400997708076452 0
0.1028623496190641 0.009345269104320942 0
0.102851336470519 0.01133096753244243 0
0.1045807915346756 0.01033832034980603 0
0.1045850933065769 0.008341651707206082 0
0.106256514887668 0.009272145393833895 0
0.1062947592158709 0.01132484373973638 0
0.1080204291935619 0.01033114416879525 0
0.1080223529809437 0.01233053525371662 0
0.1097498335717987 0.01134351735600404 0
0.1097449555797062 0.01333106337651929 0
0.1114677392511178 0.01234417126416739 0
0.1114628809564326 0.01432776855913035 0
0.1131821959749282 0.01334312331617441 0
0.1131764434513547 0.01532301227575277 0
0.1148925238525919 0.01433955391706847 0
0.1148874443837396 0.01631491518837588 0
0.1165996881737669 0.0153332575136734 0
0.1165946027070147 0.01730419637773672 0
0.1166086517314365 0.01336422635084419 0
0.1183027448286784 0.01632532329109174 0
0.1182966939391855 0.01829248229499731 0
0.1114730196056403 0.01036148331273279 0
0.116590730268978 0.0192729161121086 0
0.1182916673655714 0.02025961243835565 0
0.1165869289501326 0.02123985316893988 0
0.1182866372812837 0.02222504536492179 0
0.1165830861700834 0.02320555802154431 0
0.1182820476430509 0.02419025740662139 0
0.1165790405647928 0.02517060848100486 0
0.1182786100595666 0.02615511793012378 0
0.1199810292926378 0.02517837050136779 0
0.1199793880832881 0.02713007458449359 0
0.1182761872770811 0.02811571472555273 0
0.1199747001365577 0.02910305502705138 0
0.1199914482246018 0.02124777060418362 0
0.1200033855932748 0.0173140415434723 0
0.1200094560040837 0.01534930409982687 0
0.1182735925207785 0.03007882982675488 0
0.1199716987158838 0.03106470747582898 0
0.121707126222436 0.01633517108813199 0
0.1217135331041303 0.01437395378556031 0
0.1216799745231325 0.02811172026496384 0
0.1080366717978503 0.008352452746544935 0
0.1165756437565176 0.0290959360619891 0
0.1148842748806808 0.02025575253526696 0
0.1165726652366728 0.03106054609775815 0
0.1080291984697541 0.01431594118384774 0
0.094176894081303 0.05006341467400558 0
0.09417590403571897 0.05205954415254628 0
0.09245142947333658 0.04507601510180279 0
0.08900789112574486 0.02525347151539987 0
0.1130964545433758 0.04705736429758538 0
0.1113820697168139 0.04606761476208741 0
0.130050959932452 0.05286489560033515 0
0.1317428594461455 0.05191231800461952 0
0.09590263460700205 0.02924155096797746 0
0.0976232099846326 0.03023608246140705 0
0.1291074101730696 0.01022254632274625 0
0.1300359223291432 0.00857498592725231 0
0.1280683526259485 0.008572639710725322 0
0.1320080247453075 0.008579351283396845 0
0.08902856405830767 0.007290932880535924 0
0.1062222835022455 0.05301589871078155 0
0.1234079252016972 0.01536201747951034 0
0.1234162788185467 0.01340116541471405 0
0.1217207296317941 0.01241193461343561 0
0.1234019639801398 0.01731935641028192 0
0.1234241810897166 0.01143766602681845 0
0.1217271258310734 0.01044522289629048 0
0.1162861133402002 0.05308808889620713 0
0.1181634322359218 0.0519489630562715 0
0.1182308308427911 0.05001693412618978 0
0.1199316704976827 0.05098575112588147 0
0.1199149347576612 0.05306349502553211 0
0.0872986422870479 0.00830060303654678 0
0.08724136085694512 0.02624767797013291 0
0.08727535297905983 0.02425385556266273 0
0.1266282736878996 0.05285941153878874 0
0.1310156080146256 0.00687233971391842 0
0.1329948201200171 0.006872327259029205 0
0.123339286504708 0.009468736649002604 0
0.1217103787509786 0.008484853413923464 0
0.1200200422829847 0.009453722041413605 0
0.1234352014466634 0.007696244474528842 0
0.1200161875437404 0.007491167934362148 0
0.1183093359982298 0.008461271424234813 0
0.08729025370716642 0.04016792023608202 0
0.08726023163789193 0.05005939123959899 0
0.08725846248267446 0.05205705209558451 0
0.1130319984678122 0.05288054505794663 0
0.08898814567352856 0.05305717476212641 0
0.1317731470418654 0.05385940116808714 0
0.1334953825866611 0.05285976099947416 0
0.1114593668576797 0.01630901733875795 0
0.1148779127744016 0.0241848517685985 0
0.118313921695156 0.006484253234292713 0
0.1165956218662399 0.007467135913490122 0
0.09934838372170707 0.02725558121487603 0
0.1548765325213158 0.01034029615511858 0
0.1284007549793031 0.04008585756189949 0
0.09420028454735895 0.01629812260238244 0
0.1045035261856235 0.03218472021346647 0
0.1027905241722315 0.03119471254335705 0
0.09590490556109417 0.05106251441383718 0
0.09591997842168266 0.05303082296259241 0
0.1166015675016899 0.005483987172844904 0
0.1148791366264866 0.00646998043946496 0
0.09429290558903848 0.0538850279291281 0
0.09072862890698807 0.03023666406871518 0
0.08900197829230826 0.03123340602335989 0
0.08727593411458985 0.03023521932245898 0
0.0872740681104969 0.03222989845231952 0
0.1319249132738773 0.005203537743460631 0
0.1249351837105664 0.05187256771492993 0
0.09088743803810223 0.006342988210113032 0
0.08715433120112479 0.006340433792367314 0
0.0872569725475465 0.05405535844456286 0
0.1249185716152549 0.05385200891904066 0
0.08548763711025842 0.03119192244623043 0
0.1044980107180407 0.05401192789188609 0
0.08553544142654529 0.03322015144534264 0
0.1334932228611025 0.05085670813699468 0
0.1352241933107815 0.05184860278870947 0
0.1352568927482737 0.049851020364174 0
0.1369566379175063 0.05084286983019374 0
0.1369584406818322 0.05283958435515865 0
0.1386847436857627 0.05183492224265389 0
0.1386909901852192 0.05383253903562923 0
0.1404175853558419 0.05282759637169759 0
0.1405024355465567 0.05097704717685471 0
0.1421749639949179 0.05187296964280024 0
0.1421984226858974 0.0537038662737877 0
0.1438791615892153 0.05278213003917515 0
0.1250991758102327 0.01634805496822113 0
0.08552879550097663 0.05105647562005701 0
0.1769101537724575 0.0583228887306444 0
0.1199734320539722 0.005571754094200201 0
0.08307832533438464 0.001692539081892543 0
0.1570654792161897 0.001663735529760985 0
0.1148725134930178 0.03007495203457449 0
0.1148533448037584 0.03206726148740651 0
0.1165683770958036 0.03303083769118612 0
0.1439043620676382 0.05086572213009848 0
0.1456086685854468 0.05181068726064204 0
0.1456183579031279 0.05379510367217769 0
0.147343356317007 0.05280142662460618 0
0.1473711223063269 0.0548005001327132 0
0.1490814947797251 0.0537966699818398 0
0.1490707413820794 0.05179777780604326 0
0.150806760168597 0.05279149508790064 0
0.1507992714952759 0.05079176046146142 0
0.1525347208362497 0.05178566808124264 0
0.1525416611335516 0.05378556122642172 0
0.154270058690103 0.05277964286550535 0
0.1542690868096823 0.05477960443492248 0
0.1559963977367194 0.05380375420207335 0
0.1559970639359748 0.05177869439209627 0
0.1577323924669143 0.05280361143141127 0
0.1577266002810344 0.05077451724542898 0
0.1594622523481389 0.05176880099465064 0
0.1594434903005377 0.05387429271683889 0
0.1611671903580632 0.05282192103282853 0
0.1611859701084216 0.05076791290427911 0
0.1629205648181955 0.05176275388032416 0
0.1629009160098455 0.05380917598856794 0
0.164655570978586 0.05275584872939194 0
0.1646625062884292 0.05475551882395084 0
0.1663968454782012 0.05373837857579073 0
0.1663890234824451 0.05174078338039426 0
0.1681239076554439 0.05273088150057213 0
0.1680976676604169 0.05068931379670675 0
0.1698489466293142 0.0517261369336575 0
0.1698526918160329 0.05371536540197616 0
0.1715684788240395 0.05271875514994796 0
0.1629177724278866 0.04975390788343945 0
0.1698457005164341 0.04974323778578985 0
0.1130960406926294 0.04507922501818545 0
0.0993514635457067 0.02526902653369351 0
0.09417787328367308 0.04806781855912129 0
0.1114105163630208 0.03014407023421269 0
0.1148084130330769 0.04606669856718746 0
0.1113827893972935 0.04409080434636706 0
0.1045035850270093 0.04406971774632704 0
0.1096685193855528 0.04507756801934094 0
0.109669489700336 0.04309999397277507 0
0.0993436050880651 0.03710945622172122 0
0.08729595572055049 0.01030149659568216 0
0.08556682302161195 0.009299178699135487 0
0.08548152545200123 0.01129291615788849 0
0.09763429073372515 0.05205691887632913 0
0.0976508753563029 0.05402438299297466 0
0.09935909515133969 0.05303848252977078 0
0.08553341387077595 0.04905905905918741 0
0.08542933007973505 0.02917527489430331 0
0.1027969055077966 0.02327553855980905 0
0.1027923374043435 0.02921520551774404 0
0.1148752021753859 0.02615050347373141 0
0.1131770305482205 0.02517521376992011 0
0.126829123785209 0.05498816353165291 0
0.1131712459077459 0.0232315553638428 0
0.1027877957456448 0.0331731105006077 0
0.1010752240792418 0.0321909925516841 0
0.1165989545279707 0.00944087156742314 0
0.1199578647946223 0.04903872731317246 0
0.1182480881743691 0.04805296451847994 0
0.09590509775783347 0.03122256175944535 0
0.0976384066504748 0.03220012416628672 0
0.08901343379672999 0.03320813383552423 0
0.1062007345586543 0.05496812641633343 0
0.1079440296650849 0.05400437597069467 0
0.1339812648183911 0.004981354433028326 0
0.1349777787171229 0.006843037269510591 0
0.136058534962727 0.005175707747448124 0
0.1369742109526154 0.006887061008579628 0
0.1379717462545403 0.005171625703481641 0
0.1389647511268967 0.006902765602989578 0
0.139968771231146 0.005202039915887875 0
0.1409624815321598 0.006909540468694851 0
0.1419670247853779 0.005211135872959852 0
0.142961231773499 0.006915976197190752 0
0.143966042894853 0.005217482747864034 0
0.1449712452211588 0.006909477274298668 0
0.1459673084590494 0.005220367488075129 0
0.1469729240024489 0.006924632296338545 0
0.1479676746773853 0.00522729473323663 0
0.1489626216105432 0.006925181259527522 0
0.1499660265758817 0.005208535978676716 0
0.1509599694782923 0.006940411305440794 0
0.1519652078297332 0.00523431520526314 0
0.1529599191672094 0.006946425192523146 0
0.1539650430776394 0.00524360242753125 0
0.1300175719058804 0.005158313261858896 0
0.1216305600242102 0.04995712900767089 0
0.1369644574071183 0.05483607380841164 0
0.1524895002656278 0.04985245070926795 0
0.1273318469610119 0.01022187571193754 0
0.1715304351300707 0.0546221907087833 0
0.1732243308053175 0.0536127583051948 0
0.1732605030202054 0.05172442627280872 0
0.08545637273925773 0.02519143758271715 0
0.08554753850216891 0.02322746015495406 0
0.08374997010113401 0.03220473164640571 0
0.1250614080146956 0.01830203832774289 0
0.1233921044879452 0.01927435208839214 0
0.1250497086996525 0.02025571215985689 0
0.1233861151167394 0.0212281729527169 0
0.1250449778883754 0.02220880109704313 0
0.1233813810884907 0.02318094013584045 0
0.1250399164070677 0.02416118639628461 0
0.08892861271775118 0.05505572882848767 0
0.1335053139815087 0.05484592425187126 0
0.1317912267805218 0.05582741782825279 0
0.1148576873395451 0.03402340008972756 0
0.1663926302308231 0.05571897351076041 0
0.1749233428254915 0.0526396346636866 0
0.1749408930847597 0.05466716789818453 0
0.174934467358912 0.05074736578931698 0
0.1131677062739313 0.02713500720102699 0
0.09936008687739703 0.05503945911367353 0
0.08169132464971135 0.05700083245404794 0
0.1233772474015031 0.02513304472900332 0
0.1250365654930464 0.02611304932733597 0
0.1199555324744158 0.04706711258680352 0
0.1148076777637395 0.04409123868791434 0
0.1079550768746561 0.04408706996594397 0
0.09762882406162032 0.05005900556927223 0
0.1010717346466243 0.02626291402654019 0
0.09417899029069743 0.03023444883657074 0
0.09071874849316285 0.05405718300701121 0
0.09073760277493977 0.02226937821868257 0
0.08728153579222045 0.02225624651680186 0
0.08555555137163406 0.02125341921901985 0
0.1045027046264016 0.0341647642057467 0
0.1010729191360231 0.03416081455019551 0
0.1770614995304596 0.04657685024953981 0
0.1550961759054972 0.007050000278438624 0
0.155969286992117 0.005154099221219192 0
0.1027755954431896 0.05301553450741282 0
0.1027590678465766 0.05495917864600365 0
0.1386662903553134 0.0558059621130039 0
0.09418822263497562 0.03220629420315042 0
0.1148963170511418 0.004501409618875966 0
0.1131730760622899 0.005492836817046856 0
0.1131580318405513 0.0074575044270332 0
0.1114395404128546 0.00645710251377043 0
0.1115461729138708 0.004567706772112632 0
0.1098624537557468 0.005541205081611272 0
0.1456409346837302 0.04987923386100188 0
0.1479835355342772 0.00861138837542897 0
0.1663845452014167 0.04974087473674731 0
0.1232899477647495 0.05279778106032314 0
0.123055041631506 0.05485361635599768 0
0.1559938518449345 0.04982815774941988 0
0.1578381055705873 0.04858489372846478 0
0.125131994719529 0.01250415209967289 0
0.1732984365149267 0.04983669644766362 0
0.08727657296088534 0.05600103696115234 0
0.08550455913155298 0.05501545777457129 0
0.1491084727635408 0.04987486703624699 0
0.1490494601062743 0.05583363027098134 0
0.1166116264574889 0.003495208021792896 0
0.1749666964732211 0.04881056451662847 0
0.1369111094702695 0.04891191675267821 0
0.1524329401413185 0.05564015231001977 0
0.1540795648803939 0.05676644368572518 0
0.1262394520475626 0.008601489036510365 0
0.1273497189765845 0.006914279290149297 0
0.1509703420025615 0.003476431555408063 0
0.1473570390251329 0.05678206840362315 0
0.1310264240756392 0.003298048236153644 0
0.154780829280819 0.003494532796380877 0
0.1370393592236894 0.003357771858785726 0
0.1449708596615916 0.003458938803230902 0
0.1409726071928638 0.003448459919985742 0
0.1698799181517701 0.05559389278862163 0
0.1766221499579123 0.05179542332489512 0
0.16291694112384 0.05592898769741284 0
0.1351831142802157 0.04793375292882993 0
0.1439180518258774 0.04870461557508664 0
0.107986895860105 0.0562932061962317 0
0.109676749618233 0.05491994906865792 0
0.08381382967350059 0.02222859920735364 0
0.1369463662217667 0.05683639062592365 0
0.08378455548900847 0.02019975220735055 0
0.08555254449473534 0.01925101344214371 0
0.08379849694855726 0.01821719897964876 0
0.08555718383340399 0.01725425984903538 0
0.08383583086607975 0.01626130543101827 0
0.08556700587595145 0.01526661475535063 0
0.08367137003655158 0.01420488963778709 0
0.0872952721697253 0.01627219456278517 0
0.08898630083500221 0.05705472942531056 0
0.1387988355734754 0.05796786510102225 0
0.08375944904016325 0.05003916297596039 0
0.08376998456911351 0.04802705607703682 0
0.08194433399487994 0.0470049043348487 0
0.08382329792356225 0.04603508293927897 0
0.0975424221175943 0.05597005651961275 0
0.08371570470202513 0.05204715799844168 0
0.083770240132294 0.03418040981927593 0
0.08554439330909901 0.03522279420585592 0
0.08381485666149986 0.03622001194857601 0
0.08550196717357551 0.03726973518819991 0
0.08362117806554588 0.03822592323577321 0
0.08361597880903648 0.01021093378677193 0
0.0838376888695694 0.008297260269882825 0
0.1267418627432809 0.01746616335793961 0
0.126760549867835 0.01556573403698008 0
0.1165579903349777 0.03501159546042784 0
0.1182701277562936 0.03401570404556577 0
0.1182587894034361 0.03599572420216116 0
0.1199695982860697 0.03499948751991103 0
0.1199564403712333 0.03698968733766451 0
0.1216564397499038 0.03601341512347662 0
0.1216686058355445 0.03402538105082444 0
0.1233630536903372 0.03500276096741427 0
0.1233660800918129 0.03304548753578793 0
0.1233685902936244 0.03699012181369357 0
0.1250578759368882 0.0340199592474183 0
0.1250356874110349 0.03206935816441504 0
0.1233653312032028 0.0310905121601933 0
0.125034216674824 0.03009238183992901 0
0.1267247145522584 0.03314785600609756 0
0.1266945138272735 0.02136572663444211 0
0.1130697007683369 0.03513730999187295 0
0.1266884271708443 0.02526427932050308 0
0.1114497056008198 0.02617997318802624 0
0.1717789042325372 0.05654161753650921 0
0.1182490184419653 0.04608304734129407 0
0.08717173199287916 0.05809224738784417 0
0.136935079128624 0.04684715819079165 0
0.1267162714725862 0.03508696555521815 0
0.1335114539514076 0.05683608769955781 0
0.1318676715230929 0.05774339460912008 0
0.111420489322271 0.02816787544501625 0
0.1149794649853296 0.002660309828333094 0
0.1233717179712458 0.02711104763156146 0
0.1250269487353659 0.02810721283745524 0
0.1079571616971827 0.04210681054381694 0
0.1096724569921458 0.04111877828491993 0
0.09920436087407802 0.05699477828873357 0
0.09565043866199058 0.05668666764194635 0
0.1216905720054099 0.02416031447538112 0
0.08185716026099205 0.05101790302528814 0
0.0836700314495441 0.05404619687129676 0
0.1311306312866863 0.04686057116515317 0
0.1319667502169725 0.04838277617822975 0
0.1749851034007025 0.05826999526729996 0
0.1759585152610433 0.05651756367989728 0
0.1781292953702203 0.05681571229477658 0
0.176964389160312 0.05488088737550398 0
0.1739358906177783 0.05658582033737658 0
0.174972585750431 0.04693784360344285 0
0.1612125632274585 0.04883529998979154 0
0.1629818649694374 0.04784344244164366 0
0.08182451393447049 0.03708314213279942 0
0.08339773474940707 0.04023202823324235 0
0.08541225896942999 0.03953796073955541 0
0.08492262213450982 0.04166363257186149 0
0.08698285021376964 0.04220859167230782 0
0.1165372224869467 0.04706677145028904 0
0.08195844281261656 0.02300000000006395 0
0.107954715834962 0.04012348773054093 0
0.08191151909792188 0.01906719030386455 0
0.1233591698810184 0.0291035817688525 0
0.1266849901526423 0.02920237074035037 0
0.1131251608646444 0.03112127561710468 0
0.1182264077103586 0.03801599088927334 0
0.1216234164489502 0.03808371184540487 0
0.1233932457950336 0.03896336430524307 0
0.1250697627814879 0.03791386646548714 0
0.1250882257827188 0.03994390505613117 0
0.1250213298387583 0.04201509574239858 0
0.126741403764372 0.03902957749386254 0
0.1217028305998864 0.02024785799556018 0
0.1148340942534448 0.03602607692226414 0
0.1130869797282376 0.03314611427748475 0
0.1709505274750363 0.04672478683431915 0
0.1062294540132931 0.04308668052105648 0
0.1062325203967579 0.04507186912444061 0
0.1270359135954615 0.00177234167608746 0
0.1260082576074153 0.003437841498146763 0
0.1240116677940784 0.003454737574894522 0
0.1248860502672148 0.005045372980302568 0
0.1230210766093887 0.004942613682489885 0
0.1220867146729744 0.00337368512798091 0
0.1278758704512407 0.003561479592063277 0
0.1010741031261946 0.02427867269757876 0
0.1269980171436176 0.05826909399516592 0
0.1279787794146349 0.05672276156858577 0
0.1097051870979644 0.02524078908200789 0
0.1131874232585433 0.01136508273974756 0
0.1148147008768853 0.04804995312796351 0
0.168996115825601 0.04665564205379236 0
0.1680724573649402 0.04852898470908853 0
0.08207145580556967 0.04497606167595039 0
0.08383792821308121 0.04373199207585265 0
0.1109728651607961 0.001636111638478701 0
0.1109993621833361 0.05830830642217924 0
0.1120197913936121 0.05670103552935114 0
0.1140082556313339 0.05657836554555571 0
0.1149981118831518 0.05827423172489367 0
0.1159927270532894 0.05655616733833915 0
0.1151379574878374 0.05490462212507967 0
0.1169951779059618 0.05827139995600196 0
0.1179881643841116 0.05655098528648884 0
0.1199835563957421 0.05653566662827856 0
0.1189739085716668 0.05489920663274854 0
0.1209410674570148 0.05488642359095632 0
0.1219236016463327 0.05658385671951233 0
0.1209826790208742 0.05826984982991035 0
0.1229084881845116 0.05825818142555304 0
0.104503680506771 0.04605767217323429 0
0.1130981120990683 0.04310349855525099 0
0.1199716969611131 0.03303599015993484 0
0.1210171903084301 0.001698600791051373 0
0.1199954533091448 0.003525977717142645 0
0.1070286367158047 0.0582570056522756 0
0.09935402113451143 0.02327833503086311 0
0.1131725390942843 0.01730008575815722 0
0.1114561908052756 0.01828831533297564 0
0.1097459916845978 0.01729647944800912 0
0.1097364006333024 0.0192772250713709 0
0.1114472487108842 0.02027850335203272 0
0.108023060341865 0.0182755434492763 0
0.1062727842186549 0.01927941636469151 0
0.1063007186916848 0.01728268830504791 0
0.109707923131726 0.02128618274571654 0
0.1250689055809547 0.01443354913374932 0
0.1215993148210023 0.04005017367214241 0
0.1096671052987179 0.05299787421644672 0
0.1328222048681676 0.001979651009593976 0
0.1183102978261796 0.01435746523357334 0
0.1183174374370852 0.01239342019493527 0
0.1032045051317502 0.05816325096673117 0
0.09590352374186446 0.04906574264825204 0
0.09590361806935446 0.04706725665526064 0
0.09417863338900909 0.04607303576604219 0
0.09590407734766779 0.04506965182512871 0
0.09418150236826467 0.04408022557912027 0
0.09245780626753529 0.0430795272606614 0
0.09418805007405959 0.04208834399099441 0
0.09245629090205046 0.04108578146212782 0
0.09244964421847225 0.04707019480831057 0
0.1113596581286358 0.03415228527503963 0
0.1230197930300676 0.001709461727700967 0
0.1069971786332192 0.00172940057079669 0
0.1060005977838442 0.003461898844442526 0
0.1040027122947672 0.003463056649891475 0
0.1050645306174775 0.005156808299543274 0
0.1029560769009605 0.005440460252192692 0
0.1069560008582692 0.005103876212816712 0
0.1061470203062854 0.007028146212008846 0
0.1019959248669643 0.003505210579569451 0
0.1007917978416052 0.005282424141657399 0
0.1078708446587273 0.003377226349702577 0
0.1646483289022486 0.0487436971481024 0
0.08173160963110319 0.026999235860012 0
0.08347991536535226 0.02802016517634207 0
0.08359287336819067 0.03012252743489826 0
0.08190975366604451 0.03118071493437944 0
0.08535672634324512 0.02719310148321397 0
0.0835047053938348 0.02602598455826317 0
0.09421061897337457 0.01230628170169767 0
0.09593675450290336 0.01330910821307291 0
0.09766632863879846 0.01231334010849808 0
0.09939086593546451 0.01331482621426093 0
0.09766049182036599 0.01430901363501638 0
0.09938665344690996 0.01530814682958217 0
0.1011119626011048 0.01431790027804495 0
0.09592998083152256 0.01530376383611147 0
0.10112042118432 0.01232170964289027 0
0.102846048950569 0.01332151619130366 0
0.1028299895000807 0.01531999928227726 0
0.1045705787445947 0.014317036895523 0
0.1045565223449919 0.01630663514867475 0
0.1045741048912112 0.01232640918115191 0
0.1199961545025765 0.01927734943527966 0
0.114898266244828 0.01237157322649879 0
0.109758230079534 0.009357637179521242 0
0.1096590814768432 0.0292117730402915 0
0.09934751814195797 0.02923696275090587 0
0.09420594520396683 0.01430304501135621 0
0.09592351215393521 0.0172987333622527 0
0.09996802360699875 0.003486600828570273 0
0.09884224311731268 0.005236826242437276 0
0.09797309721321869 0.003477223534112383 0
0.09695350531775689 0.005162010711026134 0
0.09600496859423749 0.003469214347740973 0
0.09500856676108356 0.005142785775890346 0
0.09400995750486774 0.003463076312381584 0
0.09278171538393304 0.005297159303991082 0
0.09596097219136786 0.007066348566025571 0
0.09201383724158677 0.003475037159680929 0
0.09300752131773941 0.001738601725579219 0
0.09001022519650662 0.00339785712432299 0
0.08728960308438713 0.0182666376394202 0
0.1063006370951134 0.01331701290618684 0
0.09419514993455597 0.01829188647735736 0
0.107943783124859 0.05201658507869786 0
0.09899546746498214 0.001735364632520596 0
0.1029999240316013 0.001738650163306425 0
0.0890045998490879 0.001726749304385336 0
0.0880067079897181 0.00337950173193733 0
0.08600355871822858 0.00337947758390962 0
0.08901996546555081 0.00521152953269057 0
0.113173082455652 0.01927431421953148 0
0.08499999999999538 0.001743847254828255 0
0.0840169109873723 0.003450832746488626 0
0.08525238872326789 0.005287450259458074 0
0.08307688772785714 0.005142585574084009 0
0.08185497560019978 0.003251380869703494 0
0.1389820029673353 0.01028489696941533 0
0.1349922685757284 0.01028371736862443 0
0.08186554886958725 0.00907966957034205 0
0.08353216903750313 0.01220936899573181 0
0.1028874451515832 0.007498293211238954 0
0.09762929421369859 0.03612561983900756 0
0.08727445415656307 0.03421070226622717 0
0.1646760267157778 0.05674363444006995 0
0.1610597619322444 0.0570506513420129 0
0.1662613289269807 0.05769289917134773 0
0.1610732996658235 0.05501134001241961 0
0.1593909887634914 0.05612169757994448 0
0.157730819573446 0.05491051390911023 0
0.09958884263929699 0.007138780895897926 0
0.08178315004797268 0.01504703591109284 0
0.09297502061443602 0.05827302603765795 0
0.09209947882459368 0.05677883345852384 0
0.1486456955330268 0.003474011173128468 0
0.1580195873280446 0.005068003135156054 0
0.1429808874835268 0.01028959358680168 0
0.1583007608399465 0.008997470347313151 0
0.152990389025672 0.01027709900911364 0
0.1468087577475529 0.04674579431060495 0
0.1508834664926765 0.0469604733999568 0
0.1530718658244667 0.0467763637658823 0
0.1589402046281739 0.04671591991417996 0
0.1570000013475173 0.04673205002955978 0
0.1648304808889045 0.0467977225275866 0
0.1429995717290106 0.05829456630863029 0
0.1440000000000925 0.0565358983848723 0
0.1418589790877686 0.0566336259503102 0
0.1429492903028802 0.04675995759993799 0
0.1418337487669393 0.04831394997032618 0
0.1490276673057702 0.05801013893044673 0
0.1591619590815118 0.05814241422747265 0
0.1595193478545939 0.04981811629054199 0
0.1542568906291182 0.05080073319859732 0
0.1541576700025644 0.04860916243700576 0
0.1508162088504635 0.04898738526456188 0
0.1301233502183801 0.05473198534016386 0
0.1114543869389468 0.02225783898109779 0
0.150795380760481 0.0547696366734073 0
0.08729251697262191 0.01229897634326445 0
0.1473500817114405 0.05082811239821809 0
0.09074079762865479 0.03220746249500926 0
0.09071814838841444 0.05205854999693871 0
0.124947394481124 0.04989642395894568 0
0.1182713597144242 0.03204776921617145 0
0.1475446603650616 0.04864494428037176 0
0.1148809955009993 0.00844695946773313 0
0.1646526343017964 0.05074964429306658 0
0.08548908763571995 0.05304628313408567 0
0.0837696018933706 0.05634121489318761 0
0.1216751767481472 0.03206285484716224 0
0.09763080443785213 0.02427138032451872 0
0.09249044625494435 0.007314215158556712 0
0.08557012801505845 0.007301432735174479 0
0.1165295941569617 0.04903811202129989 0
0.101076762882216 0.02228139541580807 0
0.08902507947173972 0.01130158373364759 0
0.1406517404253647 0.05495447955480239 0
0.1044992898504438 0.04208270629131547 0
0.1389034700470189 0.04977838163097976 0
0.09246159416932935 0.02326773173711949 0
0.08726729760896092 0.0480677287982014 0
0.1096657305703589 0.04705719267200163 0
0.0941804017015979 0.0282450411892423 0
0.1010624553167823 0.03811015977014085 0
0.09934060988120202 0.04505661940894663 0
0.09074322813355923 0.03613176354716155 0
0.09248687804958702 0.05299355229847225 0
0.08721878929586471 0.02822296733633087 0
0.1283584834331231 0.04207808993874175 0
0.09245485722618743 0.02924008643728249 0
0.1352308717176738 0.05384438530263498 0
0.1043527904842184 0.05624859286381048 0
0.09934033908475534 0.04306957547403528 0
0.1027790882892633 0.05102557716313573 0
0.1301088713015762 0.04872425716126895 0
0.1045149119682559 0.02426664398389071 0
0.1165771318554485 0.02713360725940188 0
0.1216726718614235 0.03009489400639065 0
0.1062162165247638 0.03317371993039207 0
0.1681232121519161 0.05469649772276615 0
0.1097487356296862 0.0153143617750527 0
0.09073573458146415 0.02426146297557636 0
0.09246244879829724 0.03121573655858282 0
0.1045096464809997 0.02822634067138022 0
0.09591608775556217 0.01929397162773259 0
0.1148821391715862 0.02222575187326335 0
0.1148837789650582 0.01828703003186281 0
0.08900867885821209 0.02326082575898419 0
0.09764132618168271 0.01830121353004105 0
0.1216964395072981 0.02220479392765809 0
0.1352106667088088 0.05588892811359318 0
0.1217005942310431 0.0182946880935197 0
0.1062153238559648 0.03515079593719119 0
0.1200181648067059 0.01338701969167296 0
0.09590423257498344 0.0430799929208152 0
0.1113723978210707 0.05199336293138059 0
0.08901165661324645 0.0212676819506051 0
0.1199830920818376 0.0232047367857596 0
0.09762536369129876 0.04805391568920886 0
0.1027968226523255 0.02525644104395336 0
0.1290717656949321 0.006891059871268814 0
0.09590116447200463 0.04108440191905531 0
0.08728458736849265 0.02026169153147744 0
0.107949184292751 0.04606621599414848 0
0.09764871812160367 0.016306173584018 0
0.1249169658772633 0.05583218627054833 0
0.1715654389146541 0.05075196380923858 0
0.1717155859961353 0.04858519251268797 0
0.1148738382066223 0.0281141905454126 0
0.1113126897692263 0.05385160192393683 0
0.09500449171719819 0.001734485422149169 0
0.09935292309392436 0.05105564671536475 0
0.1062279463343871 0.04705686641685063 0
0.1045367603346174 0.01830112225317435 0
0.1010735739552576 0.02823618570412001 0
0.1284389506373429 0.05376175760627336 0
0.1010978285569241 0.01631334669082884 0
0.08902119680019664 0.01728214157573347 0
0.09418042187098523 0.0400882322276099 0
0.1027944673108738 0.02723866412258118 0
0.1113774531187624 0.04211334003523189 0
0.1113509619184793 0.04009269962856048 0
0.1216874965032765 0.02612150222395505 0
0.1147623978428767 0.04206099036825518 0
0.1096492802144141 0.03911552863763422 0
0.1249503373726846 0.04793375198793229 0
0.1010057428351738 0.055960478668763 0
0.1164735694081689 0.04305866741835537 0
0.1165197886222858 0.04510353068692942 0
0.1045003017618602 0.03613790224401168 0
0.0890247999400455 0.01528854897329058 0
0.09935876529419629 0.03514650436533598 0
0.09935819778713739 0.03120902757057816 0
0.1182613346016281 0.004589232550513381 0
0.1131450374205846 0.02912622851289128 0
0.1027889145381094 0.03514778071738292 0
0.1253096337973178 0.01037428482556908 0
0.1200224793771063 0.01142052186785731 0
0.1010680850503757 0.03613274821292581 0
0.1250320911927977 0.03598733008619432 0
0.0855398628310088 0.04706642253258381 0
0.08729821825853962 0.01428340331892156 0
0.09762287493742257 0.04406696216084212 0
0.1131687296775826 0.02125395272083918 0
0.1198717812683194 0.04500283166767769 0
0.08547380093886148 0.013259361534824 0
0.08181926948794591 0.05506691964068054 0
0.1329984539168257 0.01028766902737151 0
0.1183148273476886 0.01042387071155876 0
0.1215663667838802 0.04597671540671876 0
0.1010728959233616 0.03021384777306487 0
0.1530344737458325 0.05846158309170164 0
0.09762293149290868 0.04606070425587425 0
0.09934490147519703 0.04904915377044258 0
0.1216360496156303 0.04805093336296646 0
0.1266776994902648 0.04303937671007424 0
0.1080267555143156 0.01629538755739652 0
0.1166056052987712 0.01140121775773534 0
0.1010740838799027 0.05202078477382293 0
0.1063088126346556 0.01529211972202693 0
0.08728007676345781 0.03619247047931344 0
0.1148934651376039 0.01040984827196637 0
0.1010556120055966 0.05400565303990777 0
0.1339895438932039 0.008572808011008858 0
0.09935956761749823 0.03317942255174489 0
0.1131760103163184 0.0094101205745801 0
0.1559518319978646 0.05570297792937138 0
0.1489801015385169 0.01030123493564013 0
0.135965917284222 0.008570745858120581 0
0.1114586948826932 0.008412342702191669 0
0.09764255850682388 0.03416300932827929 0
0.1097725830411551 0.007437325712317111 0
0.09591928060747792 0.03317982807459433 0
0.0942004609183987 0.03416094713098033 0
0.1379606065069192 0.008572647607224858 0
0.1409824779000645 0.04665662301981216 0
0.09247848132707226 0.03317369152634188 0
0.08556637546884736 0.04511807724762908 0
0.1399607456554509 0.008578642880200913 0
0.1568091441474048 0.008132403474572725 0
0.1169835488311057 0.0548776914380284 0
0.09075181766690046 0.03416811569076229 0
0.1419564952643924 0.008577849773539949 0
0.08901195707956036 0.03517492270151838 0
0.1439793232728787 0.008601861943721343 0
0.1459740808572775 0.008610074175383965 0
0.08724989701203981 0.0382341710495223 0
0.1469875208618752 0.01030336612309764 0
0.1114441102826793 0.02422673119489527 0
0.1499595035638241 0.008595260553651665 0
0.1219511674209588 0.006472902829290252 0
0.1519602589765602 0.008597937934694627 0
0.08722446540494962 0.04416246080980275 0
0.1538809304456 0.008677598496410749 0
0.178270116816368 0.0512530677307475 0
0.1233209037512643 0.04889634916545272 0
0.08168089667045078 0.04104460438841089 0
0.1168106620517125 0.001687067049296743 0
0.1765730575461664 0.0499722144911306 0
0.08301909655541889 0.05834819897276423 0
0.158385086406807 0.00297519041665842 0
0.1568622479162368 0.01018048026784856 0
0.1130616308497413 0.05489265864732291 0
0.1784038899908286 0.04770198623717616 0
0.0837427465360126 0.02412615148624918 0
0.129976014368284 0.05674400226153977 0
0.1682090458307509 0.05685587880766944 0
0.123329660753031 0.05088109932941499 0
0.145706006328901 0.05568549914432679 0
0.1099242866817246 0.003527695057582671 0
0.1550932860792328 0.001658056309995804 0
0.1216409836978079 0.05185531756714364 0
0.1132607661527652 0.003653318816445737 0
0.1529362844381461 0.003836186558429973 0
0.1283794154144562 0.03423751796903832 0
0.1509969736737117 0.001474842142393806 0
0.1283489756994727 0.03226197117932915 0
0.08178913727409837 0.01309289289057822 0
0.1491920251439487 0.001663861125390779 0
0.1267014626198297 0.0311833109682459 0
0.1469103076662044 0.003822532601049408 0
0.1449941719322869 0.001384608083676073 0
0.12671464954809 0.04103198375051795 0
0.1429753069069278 0.003813613630322817 0
0.1266455341816827 0.005227510563292661 0
0.1409945214385311 0.001382512307026104 0
0.1267402410467265 0.03706408274033261 0
0.1339999999999249 0.003302210597948219 0
0.1389904967804368 0.003782389641142441 0
0.1310092470056642 0.001487681060930746 0
0.1283402470608574 0.02833880472021827 0
0.1370493397358712 0.001411472020027111 0
0.1439814080817498 0.05461731335036227 0
0.09498628997425491 0.05839322116153915 0
0.1710000000000192 0.05843767630224002 0
0.08197016227119633 0.03312872661986364 0
0.126693626054402 0.02723956068355943 0
0.1283428465931462 0.02443708697718104 0
0.1267003087896994 0.02332651970934107 0
0.1283460702773318 0.02054555223308684 0
0.1283778609248818 0.03812535949837411 0
0.1267150667324905 0.01942781704144764 0
0.09595074287967401 0.05483862080269584 0
0.1284311372069222 0.01675337057295752 0
0.1549907621779409 0.0584904427194663 0
0.1252607150709282 0.006974873606352177 0
0.1283735290039613 0.01475352226716669 0
0.09382113834207895 0.05673450087949107 0
0.1268177422789062 0.01368563678100822 0
0.1400024257921937 0.04818115010890744 0
0.1100636501303134 0.05671205209443802 0
0.1081858019562937 0.006435791740869003 0
0.1336555269179768 0.04889704392813225 0
0.09263326509958517 0.05513424215780955 0
0.08564133841158508 0.04336297148082408 0
0.1469615135472963 0.05849041949567708 0
0.083132060766008 0.04194823117700851 0
0.1060872283825638 0.05676344380740932 0
0.1402187998977971 0.05670168650592594 0
0.1506749215273389 0.05654214910892974 0
0.1575775232811945 0.05674423897895739 0
0.1316699441439023 0.05008666735854757 0
0.1369701477537691 0.05858779254402115 0
0.1647829852364462 0.05852380305229576 0
0.1422587521397497 0.05007505770766739 0
0.1565914861585022 0.003426945563921553 0
0.09405033420077526 0.006614994981524598 0
0.08394571687042152 0.006580497881032714 0
0.09053047692840772 0.05604163975694024 0
0.08570821148598132 0.05673349444050493 0
0.09782175000044172 0.006604413448083182 0
0.1560000012014064 0.04808850783458773 0
0.1263341181266623 0.05673727934489921 0
0.1786034736138138 0.05510130723736326 0
0.176391875125217 0.05340519131474279 0
0.1699400553111579 0.04805434983131456 0
0.08137436591681488 0.005040991592998879 0
0.1332969324896254 0.05854283786036755 0
0.09904566994215619 0.05865934619107076 0
0.1024661848819359 0.05668653140360282 0
0.1610398583106503 0.05867510944390934 0
0.1458038674209726 0.04817310363603382 0
0.1269779177563289 0.01189036750029843 0
0.1043583155352447 0.006703165967017369 0
0.08900000000002417 0.05869709654331898 0
0.1661662174645258 0.04811926650195215 0
0.1765048046556733 0.04821792265715326 0
0.1235715876091865 0.05672537479791804 0
0.1522837422871598 0.04823716711533493 0
0.1384337218534361 0.04823896934010555 0
0.1350398958855966 0.0462958857528242 0
0.0910114276861715 0.004727017529790382 0
0.08708739041957803 0.004719678580072582 0
0.1597245493079809 0.04815110655387932 0
0.101479006344503 0.006752191241812685 0
0.1735313759504272 0.04820435078952107 0
0.1180039918928052 0.0535659948771908 0
0.1785167015678306 0.05854698167235061 0
0.1217628902982521 0.05347856190114735 0
0.1214854385579235 0.004927751732408996 0
0.1730225020362375 0.05521850028437062 0
0.1284108623196769 0.005244538602100283 0
0.1494256709733434 0.04824445634298193 0
0.08146410161513458 0.05853589838486821 0
0.08146410161513826 0.00146410161513758 0
0.1585358983848564 0.01053589838485479 0
0.1585358983848541 0.001464101615143104 0
0.1180720065923167 0.002974215062806929 0
0.1629960886670617 0.04621889034891169 0
0.1294928233542606 0.04694636273062627 0
0.132638655679257 0.003734744555054891 0
0.1294538622969678 0.003749861864522462 0
0.135362895988061 0.003739549058321042 0
0.1786198883959347 0.04634295237766815 0
0.1700470489502482 0.05719402163042853 0
0.1568442329743505 0.006497145344551223 0
0.124716857773436 0.008623125718392613 0
0.1118329153223753 0.003001937480262875 0
0.1304942654686086 0.05857119215901976 0
0.1558913472767695 0.05726614541190859 0
0.1522668301552578 0.0571570711561268 0
0.1144851714607024 0.05346125686365193 0
0.1554023070773456 0.008853832408575884 0
0.1110662565597825 0.05542522162186623 0
0.09464783713143517 0.05543476676992085 0
0.1675594583140614 0.05860458710917861 0
0.1286681111765284 0.05530515624852123 0
0.11499466309166 0.001106777086232507 0
0.10848336559875 0.0048226300459418 0
0.1407001664584917 0.04946511731894709 0
0.1459842737519998 0.05722378850873937 0
0.1284845216271933 0.01157832631704247 0
0.1239050813204101 0.006207037622343635 0
0.08619461316358956 0.0409874783782567 0
0.1424864999832651 0.05520138258783401 0
$EndNodes
$Elements
5 2564 1 2564
1 1 1 40
1 1 9 
2 9 10 
3 10 11 
4 11 12 
5 12 13 
6 13 14 
7 14 15 
8 15 16 
9 16 17 
10 17 18 
11 18 19 
12 19 20 
13 20 21 
14 21 22 
15 22 23 
16 23 24 
17 24 25 
18 25 26 
19 26 27 
20 27 28 
21 28 29 
22 29 30 
23 30 31 
24 31 32 
25 32 33 
26 33 34 
27 34 35 
28 35 36 
29 36 37 
30 37 38 
31 38 39 
32 39 40 
33 40 41 
34 41 42 
35 42 43 
36 43 44 
37 44 45 
38 45 46 
39 46 47 
40 47 2 
1 2 1 6
41 2 48 
42 48 49 
43 49 50 
44 50 51 
45 51 52 
46 52 3 
1 5 1 25
47 5 83 
48 83 84 
49 84 85 
50 85 86 
51 86 87 
52 87 88 
53 88 89 
54 89 90 
55 90 91 
56 91 92 
57 92 93 
58 93 94 
59 94 95 
60 95 96 
61 96 97 
62 97 98 
63 98 99 
64 99 100 
65 100 101 
66 101 102 
67 102 103 
68 103 104 
69 104 105 
70 105 106 
71 106 6 
1 8 1 30
72 8 163 
73 163 164 
74 164 165 
75 165 166 
76 166 167 
77 167 168 
78 168 169 
79 169 170 
80 170 171 
81 171 172 
82 172 173 
83 173 174 
84 174 175 
85 175 176 
86 176 177 
87 177 178 
88 178 179 
89 179 180 
90 180 181 
91 181 182 
92 182 183 
93 183 184 
94 184 185 
95 185 186 
96 186 187 
97 187 188 
98 188 189 
99 189 190 
100 190 191 
101 191 1 
2 1 2 2463
102 196 912 1065 
103 112 113 827 
104 431 1188 1192 
105 199 775 818 
106 1065 912 1273 
107 1188 753 1192 
108 1209 745 1212 
109 745 1007 1212 
110 963 932 1003 
111 757 356 895 
112 175 176 1229 
113 480 442 930 
114 827 113 1291 
115 1012 369 1038 
116 836 874 1250 
117 745 346 1207 
118 346 745 1209 
119 993 626 1139 
120 1003 932 1288 
121 308 133 770 
122 760 309 1084 
123 874 836 1248 
124 767 1004 1211 
125 1204 576 1259 
126 835 780 1180 
127 750 322 1214 
128 322 750 1215 
129 748 1204 1259 
130 1038 369 1296 
131 751 361 1217 
132 361 751 1219 
133 133 134 770 
134 355 749 1225 
135 749 355 1222 
136 199 818 1272 
137 353 747 1305 
138 747 353 1223 
139 748 346 1204 
140 754 221 998 
141 346 748 1207 
142 221 754 997 
143 861 1218 1239 
144 1218 744 1239 
145 909 747 1223 
146 1007 322 1212 
147 322 1007 1214 
148 747 909 1304 
149 177 359 938 
150 987 553 1046 
151 750 361 1215 
152 361 750 1217 
153 749 321 1225 
154 169 170 873 
155 355 751 1222 
156 751 355 1219 
157 321 749 1306 
158 1001 998 1024 
159 1023 737 1253 
160 552 969 1045 
161 1197 431 1280 
162 364 783 992 
163 368 805 829 
164 783 782 992 
165 782 208 992 
166 993 767 1211 
167 767 765 1004 
168 746 737 1023 
169 765 200 1004 
170 855 224 1101 
171 763 200 765 
172 556 679 937 
173 759 360 761 
174 1042 398 1193 
175 773 169 873 
176 732 1130 1276 
177 936 631 937 
178 423 422 970 
179 631 556 937 
180 176 938 1229 
181 706 1247 1262 
182 598 1001 1002 
183 193 777 779 
184 304 753 1188 
185 783 364 1261 
186 217 755 1246 
187 356 757 1244 
188 219 756 1021 
189 190 191 989 
190 480 930 1245 
191 1246 559 1255 
192 1014 310 1027 
193 1024 998 1274 
194 771 211 772 
195 1015 731 1016 
196 524 835 1180 
197 429 423 970 
198 160 398 807 
199 553 987 1286 
200 1042 697 1140 
201 309 810 1084 
202 767 993 1139 
203 753 304 1268 
204 194 839 1198 
205 599 602 1000 
206 782 626 993 
207 337 339 837 
208 431 1192 1280 
209 200 763 841 
210 524 337 837 
211 168 169 773 
212 598 1000 1001 
213 360 759 839 
214 442 441 930 
215 735 822 1041 
216 874 203 1250 
217 873 203 874 
218 418 847 849 
219 1240 785 1242 
220 631 936 939 
221 613 608 872 
222 209 1240 1242 
223 969 552 1285 
224 1247 1006 1262 
225 193 779 833 
226 823 824 1068 
227 418 849 850 
228 849 851 1216 
229 1101 224 1289 
230 166 167 821 
231 359 937 938 
232 176 177 938 
233 761 360 841 
234 1233 801 1235 
235 1130 673 1276 
236 198 1233 1235 
237 207 769 1262 
238 677 939 940 
239 775 199 819 
240 781 780 835 
241 781 419 833 
242 757 895 1251 
243 989 191 1298 
244 755 217 1284 
245 822 1042 1140 
246 1231 803 1232 
247 1224 843 1230 
248 226 228 850 
249 373 1231 1232 
250 881 507 1174 
251 170 203 873 
252 697 1042 1193 
253 824 1246 1255 
254 159 160 807 
255 1099 354 1281 
256 847 418 907 
257 772 211 773 
258 407 776 822 
259 354 1099 1266 
260 398 1042 1263 
261 192 1224 1230 
262 309 760 1256 
263 182 183 841 
264 939 513 1061 
265 173 174 833 
266 851 537 1216 
267 180 181 839 
268 934 832 1017 
269 211 771 821 
270 211 168 773 
271 1021 756 1022 
272 829 805 1294 
273 822 776 1041 
274 822 735 1042 
275 776 407 821 
276 273 786 788 
277 937 679 938 
278 234 236 845 
279 608 727 872 
280 193 175 1229 
281 228 418 850 
282 886 729 887 
283 238 240 853 
284 419 781 834 
285 791 795 846 
286 223 1023 1253 
287 352 844 854 
288 598 599 1000 
289 602 754 1000 
290 364 988 1261 
291 823 1068 1303 
292 844 578 854 
293 1220 195 1234 
294 208 782 993 
295 374 790 846 
296 731 1015 1287 
297 1014 1027 1282 
298 693 826 829 
299 617 812 1128 
300 1173 1010 1195 
301 763 761 841 
302 358 1120 1273 
303 825 368 829 
304 407 166 821 
305 167 211 821 
306 940 194 1198 
307 826 693 828 
308 846 847 907 
309 593 595 1002 
310 595 598 1002 
311 812 617 958 
312 582 1202 1226 
313 507 881 1315 
314 1210 800 1213 
315 756 219 1275 
316 939 936 940 
317 372 1210 1213 
318 851 1220 1234 
319 358 818 1120 
320 738 813 1191 
321 790 791 846 
322 779 781 833 
323 784 785 1237 
324 790 374 845 
325 1237 785 1240 
326 1008 714 1259 
327 846 795 847 
328 360 182 841 
329 769 207 1278 
330 174 193 833 
331 183 200 841 
332 419 173 833 
333 194 180 839 
334 181 360 839 
335 1030 901 1137 
336 631 939 1061 
337 677 513 939 
338 273 788 845 
339 786 273 853 
340 374 234 845 
341 802 690 853 
342 690 802 854 
343 826 825 829 
344 868 267 1182 
345 831 311 832 
346 839 759 1198 
347 352 617 844 
348 85 86 808 
349 236 273 845 
350 86 218 808 
351 226 850 1149 
352 240 802 853 
353 754 998 1000 
354 273 238 853 
355 844 617 1128 
356 308 770 1252 
357 357 812 958 
358 578 690 854 
359 1173 1195 1316 
360 357 804 812 
361 479 814 842 
362 677 940 1198 
363 885 511 886 
364 799 815 843 
365 521 1184 1326 
366 815 799 842 
367 1017 832 1302 
368 928 994 1288 
369 552 499 983 
370 814 815 842 
371 804 357 868 
372 837 339 1186 
373 1006 207 1262 
374 953 904 1107 
375 743 673 1130 
376 262 264 903 
377 1184 862 1326 
378 267 260 905 
379 1050 1020 1252 
380 824 217 1246 
381 499 553 983 
382 714 1008 1309 
383 196 1065 1251 
384 1020 1050 1328 
385 260 266 905 
386 637 1030 1137 
387 900 266 902 
388 266 900 905 
389 904 903 1107 
390 293 806 1122 
391 479 469 1116 
392 1143 303 1148 
393 999 120 1257 
394 701 1121 1122 
395 807 398 1263 
396 700 806 1138 
397 120 999 1319 
398 772 773 774 
399 912 358 1273 
400 1154 996 1177 
401 809 800 1208 
402 814 479 1116 
403 700 1138 1143 
404 970 422 1260 
405 1208 800 1210 
406 700 1143 1148 
407 1121 293 1122 
408 771 776 821 
409 905 901 1030 
410 834 781 835 
411 266 262 903 
412 843 372 1213 
413 613 872 1269 
414 1202 1019 1226 
415 850 849 1216 
416 806 293 1138 
417 1161 58 1181 
418 280 261 840 
419 1013 1028 1296 
420 784 198 1235 
421 801 373 1232 
422 573 115 825 
423 573 825 826 
424 376 816 856 
425 803 192 1230 
426 573 826 827 
427 376 856 1051 
428 141 142 889 
429 847 795 848 
430 903 264 1107 
431 893 863 894 
432 701 891 1117 
433 1191 813 1321 
434 593 1002 1160 
435 902 266 903 
436 376 280 840 
437 757 758 1244 
438 746 1023 1249 
439 268 891 1114 
440 701 1117 1121 
441 407 822 1140 
442 224 104 830 
443 804 868 1182 
444 307 867 1199 
445 1120 696 1156 
446 198 784 1237 
447 374 846 907 
448 479 842 1071 
449 373 801 1233 
450 816 376 840 
451 192 803 1231 
452 255 257 868 
453 856 620 1051 
454 805 368 1228 
455 1114 817 1115 
456 930 929 1245 
457 471 479 1071 
458 354 141 889 
459 820 468 1091 
460 827 826 828 
461 267 905 1030 
462 953 952 1153 
463 947 951 1110 
464 268 1114 1115 
465 770 134 1256 
466 891 268 1117 
467 618 838 870 
468 274 951 953 
469 741 742 1314 
470 66 4 318 
471 469 468 1116 
472 863 893 923 
473 894 574 1127 
474 620 856 857 
475 1105 703 1147 
476 66 318 1141 
477 230 232 907 
478 951 274 1110 
479 274 953 1107 
480 692 694 753 
481 777 193 1229 
482 1000 998 1001 
483 267 1030 1182 
484 742 1145 1314 
485 1092 914 1146 
486 105 106 712 
487 114 115 573 
488 105 712 830 
489 5 83 823 
490 620 857 890 
491 365 981 982 
492 852 472 955 
493 892 476 1043 
494 904 953 1153 
495 210 882 883 
496 357 255 868 
497 116 368 825 
498 142 888 889 
499 210 883 884 
500 210 884 888 
501 257 267 868 
502 674 611 675 
503 817 840 1118 
504 840 261 1118 
505 675 676 692 
506 318 498 1141 
507 884 887 888 
508 932 928 1288 
509 338 333 920 
510 971 212 972 
511 12 13 980 
512 212 14 972 
513 103 224 855 
514 468 820 1116 
515 610 609 611 
516 318 4 495 
517 870 838 1047 
518 418 230 907 
519 472 1083 1091 
520 1083 820 1091 
521 212 971 973 
522 788 790 845 
523 365 980 981 
524 1021 1022 1169 
525 1115 817 1118 
526 774 773 873 
527 1126 959 1144 
528 834 835 836 
529 476 892 1037 
530 692 676 694 
531 575 986 989 
532 795 793 1133 
533 210 144 882 
534 675 611 676 
535 946 276 1098 
536 918 338 920 
537 232 374 907 
538 115 116 825 
539 854 802 922 
540 10 11 985 
541 15 16 1104 
542 369 1013 1296 
543 468 465 1091 
544 823 217 824 
545 893 29 923 
546 375 1154 1177 
547 733 1100 1101 
548 476 471 1071 
549 847 848 849 
550 945 946 1098 
551 729 886 1292 
552 352 854 922 
553 502 732 906 
554 14 15 972 
555 632 865 1048 
556 984 897 1080 
557 1100 613 1101 
558 986 988 989 
559 225 858 859 
560 116 117 368 
561 333 314 920 
562 103 104 224 
563 848 795 1133 
564 772 774 1134 
565 414 870 1047 
566 1227 1005 1241 
567 380 378 890 
568 372 843 1224 
569 340 338 918 
570 472 852 1083 
571 145 879 882 
572 690 786 853 
573 307 866 867 
574 675 692 693 
575 1043 476 1071 
576 384 1105 1147 
577 225 31 858 
578 610 611 674 
579 955 473 1085 
580 575 985 986 
581 882 880 883 
582 865 896 1048 
583 291 1088 1095 
584 607 608 609 
585 472 461 955 
586 884 883 885 
587 365 12 980 
588 13 212 980 
589 952 954 975 
590 104 105 830 
591 716 1120 1156 
592 307 139 866 
593 902 903 904 
594 225 860 923 
595 838 618 1122 
596 102 855 871 
597 1108 704 1113 
598 482 984 1080 
599 440 443 954 
600 879 880 882 
601 946 947 1110 
602 676 611 1100 
603 860 863 923 
604 852 955 1085 
605 145 146 879 
606 221 997 1257 
607 633 1108 1113 
608 618 701 1122 
609 378 620 890 
610 489 618 870 
611 278 275 896 
612 1088 919 1095 
613 972 15 1104 
614 417 1092 1146 
615 964 204 978 
616 405 908 977 
617 538 948 961 
618 607 609 610 
619 439 440 954 
620 201 876 877 
621 896 275 1048 
622 849 848 851 
623 204 964 966 
624 144 145 882 
625 888 887 889 
626 11 365 985 
627 575 10 985 
628 206 893 894 
629 858 353 864 
630 947 950 951 
631 1241 1247 1318 
632 860 859 861 
633 1178 659 1179 
634 704 865 1093 
635 383 380 890 
636 24 202 875 
637 436 439 949 
638 948 538 960 
639 510 509 641 
640 35 321 909 
641 908 647 977 
642 806 838 1122 
643 225 859 860 
644 201 147 876 
645 383 890 1106 
646 253 357 958 
647 609 608 613 
648 949 439 950 
649 630 772 1134 
650 412 489 870 
651 102 103 855 
652 487 340 918 
653 892 787 1037 
654 859 858 864 
655 483 475 1037 
656 363 962 978 
657 915 487 917 
658 206 28 893 
659 884 885 886 
660 504 501 571 
661 962 964 978 
662 680 571 784 
663 451 450 452 
664 449 448 450 
665 306 325 976 
666 453 452 454 
667 278 896 1044 
668 451 453 897 
669 947 949 950 
670 641 642 700 
671 150 196 895 
672 508 416 509 
673 32 353 858 
674 455 454 457 
675 458 457 473 
676 27 28 206 
677 931 363 979 
678 487 915 921 
679 477 501 504 
680 449 450 451 
681 641 509 642 
682 475 476 1037 
683 451 452 453 
684 802 242 922 
685 447 448 449 
686 30 31 225 
687 880 878 881 
688 140 354 866 
689 504 571 680 
690 860 861 862 
691 793 794 796 
692 954 443 975 
693 453 454 455 
694 796 797 800 
695 201 877 878 
696 791 792 793 
697 762 974 1096 
698 684 682 801 
699 639 1126 1144 
700 477 478 501 
701 365 982 985 
702 974 410 1096 
703 214 226 1149 
704 242 244 922 
705 790 789 791 
706 699 686 803 
707 463 461 472 
708 455 457 458 
709 414 412 870 
710 447 446 448 
711 412 411 489 
712 897 453 1080 
713 196 151 912 
714 143 210 888 
715 618 614 701 
716 467 465 468 
717 788 787 789 
718 642 509 1047 
719 473 474 477 
720 138 139 307 
721 929 925 933 
722 143 144 210 
723 489 614 618 
724 327 329 960 
725 501 502 906 
726 538 327 960 
727 703 541 913 
728 32 33 353 
729 471 469 479 
730 435 436 949 
731 796 794 797 
732 140 141 354 
733 945 944 946 
734 830 739 1289 
735 793 792 794 
736 297 278 1044 
737 607 610 1073 
738 605 606 607 
739 791 789 792 
740 774 873 874 
741 467 468 469 
742 197 924 925 
743 910 456 911 
744 301 306 976 
745 943 435 944 
746 35 36 321 
747 402 386 403 
748 461 458 955 
749 402 403 404 
750 510 641 670 
751 607 606 608 
752 24 25 202 
753 784 571 785 
754 363 931 962 
755 508 509 510 
756 148 356 876 
757 943 944 945 
758 796 800 809 
759 406 411 412 
760 314 298 1112 
761 312 871 872 
762 34 35 909 
763 428 435 943 
764 489 490 614 
765 359 935 936 
766 925 924 933 
767 950 439 954 
768 616 348 921 
769 838 642 1047 
770 974 768 1111 
771 362 23 875 
772 406 404 411 
773 212 973 980 
774 791 793 795 
775 609 613 1100 
776 445 446 447 
777 786 579 787 
778 312 101 871 
779 101 102 871 
780 531 451 897 
781 788 789 790 
782 247 249 352 
783 356 149 895 
784 329 941 960 
785 325 538 976 
786 31 32 858 
787 951 950 952 
788 534 640 1039 
789 454 456 910 
790 146 147 201 
791 917 487 918 
792 244 247 922 
793 758 647 908 
794 890 857 1106 
795 359 178 935 
796 197 21 924 
797 460 458 461 
798 261 243 1118 
799 146 201 879 
800 445 444 446 
801 700 642 806 
802 426 535 959 
803 148 149 356 
804 416 414 1047 
805 443 444 445 
806 139 140 866 
807 348 344 921 
808 681 680 682 
809 28 29 893 
810 473 457 474 
811 951 952 953 
812 786 787 788 
813 924 362 933 
814 462 461 463 
815 450 869 956 
816 927 929 930 
817 935 194 940 
818 620 292 1051 
819 623 1125 1132 
820 150 151 196 
821 1032 624 1049 
822 915 616 921 
823 927 925 929 
824 385 383 386 
825 413 412 414 
826 976 961 1078 
827 683 682 684 
828 538 961 976 
829 329 331 941 
830 464 463 465 
831 900 898 901 
832 197 926 979 
833 30 225 923 
834 247 352 922 
835 22 23 362 
836 685 684 686 
837 152 358 912 
838 257 260 267 
839 250 253 958 
840 458 473 955 
841 426 425 535 
842 622 816 817 
843 23 24 875 
844 623 290 995 
845 443 442 444 
846 926 931 979 
847 352 249 617 
848 494 426 959 
849 913 616 914 
850 440 442 443 
851 926 925 927 
852 946 944 947 
853 917 918 919 
854 489 411 490 
855 466 465 467 
856 934 727 1040 
857 764 768 974 
858 614 619 891 
859 22 362 924 
860 879 878 880 
861 919 920 1112 
862 627 541 703 
863 401 386 402 
864 389 316 425 
865 142 143 888 
866 541 485 913 
867 276 946 1110 
868 535 615 704 
869 936 935 940 
870 914 915 916 
871 147 148 876 
872 444 480 957 
873 698 686 699 
874 901 898 984 
875 704 1093 1113 
876 427 428 943 
877 253 255 357 
878 228 230 418 
879 942 943 945 
880 448 446 459 
881 448 459 869 
882 436 438 439 
883 579 483 1037 
884 367 64 991 
885 477 474 478 
886 485 348 616 
887 179 194 935 
888 797 798 799 
889 450 448 869 
890 701 614 891 
891 497 495 673 
892 359 936 937 
893 399 1032 1049 
894 941 427 942 
895 342 487 921 
896 363 19 979 
897 389 425 426 
898 344 342 921 
899 197 925 926 
900 179 180 194 
901 174 175 193 
902 149 150 895 
903 351 423 427 
904 439 438 440 
905 942 948 960 
906 428 430 435 
907 614 490 619 
908 814 699 815 
909 502 505 732 
910 485 616 913 
911 64 65 991 
912 549 645 996 
913 703 913 1092 
914 16 204 1104 
915 415 414 416 
916 445 447 484 
917 449 451 531 
918 151 152 912 
919 404 403 1055 
920 470 469 471 
921 454 452 456 
922 331 351 941 
923 942 427 943 
924 405 404 406 
925 288 623 1057 
926 789 787 892 
927 152 153 358 
928 762 764 974 
929 764 766 768 
930 427 423 428 
931 535 425 615 
932 942 945 948 
933 435 430 436 
934 914 616 915 
935 382 380 383 
936 378 292 620 
937 916 915 917 
938 177 178 359 
939 351 427 941 
940 967 965 970 
941 941 942 960 
942 704 615 865 
943 604 603 605 
944 247 248 249 
945 944 435 949 
946 926 927 928 
947 342 340 487 
948 232 234 374 
949 316 297 1044 
950 842 798 1071 
951 1034 546 1076 
952 347 344 348 
953 605 603 606 
954 244 246 247 
955 37 38 355 
956 172 173 419 
957 181 182 360 
958 302 297 316 
959 606 603 1040 
960 393 348 485 
961 501 478 502 
962 335 316 389 
963 757 647 758 
964 981 973 983 
965 178 179 935 
966 455 458 460 
967 1005 207 1006 
968 817 816 840 
969 531 897 898 
970 615 425 1044 
971 20 21 197 
972 29 30 923 
973 486 485 541 
974 948 945 1098 
975 542 541 627 
976 628 627 629 
977 204 17 978 
978 493 426 494 
979 558 549 996 
980 475 471 476 
981 21 22 924 
982 290 295 995 
983 490 411 1055 
984 646 500 647 
985 440 441 442 
986 643 494 644 
987 465 463 1091 
988 920 314 1112 
989 504 680 681 
990 276 1082 1098 
991 980 973 981 
992 236 238 273 
993 18 363 978 
994 188 364 992 
995 288 290 623 
996 325 327 538 
997 919 918 920 
998 544 534 1039 
999 63 64 367 
1000 509 416 1047 
1001 900 901 905 
1002 547 546 1034 
1003 436 437 438 
1004 1089 527 1103 
1005 986 982 987 
1006 351 422 423 
1007 320 62 990 
1008 39 40 361 
1009 604 605 691 
1010 20 197 979 
1011 645 547 1034 
1012 908 1089 1103 
1013 250 252 253 
1014 460 461 462 
1015 777 558 778 
1016 18 19 363 
1017 63 367 990 
1018 985 982 986 
1019 188 189 364 
1020 200 184 1004 
1021 240 242 802 
1022 165 166 407 
1023 331 350 351 
1024 778 558 996 
1025 265 632 1048 
1026 17 18 978 
1027 184 185 1004 
1028 157 207 1005 
1029 896 615 1044 
1030 428 429 430 
1031 891 619 1114 
1032 1019 1018 1020 
1033 610 752 1073 
1034 156 157 1005 
1035 409 392 546 
1036 549 547 645 
1037 690 579 786 
1038 382 383 385 
1039 19 20 979 
1040 295 317 995 
1041 1018 308 1020 
1042 208 187 992 
1043 952 950 954 
1044 187 188 992 
1045 638 539 710 
1046 612 832 934 
1047 295 299 317 
1048 621 490 1055 
1049 706 528 1035 
1050 997 691 999 
1051 779 778 780 
1052 473 477 1085 
1053 154 155 199 
1054 462 463 464 
1055 170 171 203 
1056 370 1018 1019 
1057 89 219 1021 
1058 88 89 1021 
1059 160 161 398 
1060 986 987 988 
1061 444 442 480 
1062 687 528 706 
1063 385 386 401 
1064 754 604 997 
1065 183 184 200 
1066 507 416 508 
1067 62 63 990 
1068 100 312 1017 
1069 99 100 1017 
1070 11 12 365 
1071 16 17 204 
1072 157 158 207 
1073 163 164 697 
1074 1078 961 1082 
1075 968 967 969 
1076 128 129 1023 
1077 223 128 1023 
1078 186 187 208 
1079 167 168 211 
1080 9 10 575 
1081 13 14 212 
1082 369 92 1013 
1083 92 93 1013 
1084 94 310 1014 
1085 512 421 624 
1086 1013 93 1014 
1087 97 311 1015 
1088 96 97 1015 
1089 310 95 1016 
1090 96 1015 1016 
1091 50 397 1008 
1092 49 50 1008 
1093 123 124 1024 
1094 124 222 1024 
1095 93 94 1014 
1096 95 96 1016 
1097 61 320 1009 
1098 60 61 1009 
1099 50 51 397 
1100 90 91 1012 
1101 219 90 1012 
1102 55 56 1011 
1103 56 319 1011 
1104 54 55 536 
1105 46 47 576 
1106 59 60 366 
1107 91 369 1012 
1108 41 42 322 
1109 397 51 1010 
1110 91 92 369 
1111 44 45 346 
1112 536 55 1011 
1113 370 131 1018 
1114 97 98 311 
1115 94 95 310 
1116 100 101 312 
1117 51 52 1010 
1118 131 132 1018 
1119 366 60 1009 
1120 132 308 1018 
1121 132 133 308 
1122 130 131 370 
1123 135 136 309 
1124 83 84 217 
1125 86 87 218 
1126 89 90 219 
1127 61 62 320 
1128 124 125 222 
1129 121 122 221 
1130 118 119 220 
1131 127 128 223 
1132 56 57 319 
1133 602 604 754 
1134 730 594 1026 
1135 602 603 604 
1136 612 831 832 
1137 612 600 831 
1138 602 601 603 
1139 599 601 602 
1140 601 600 612 
1141 599 600 601 
1142 831 600 1025 
1143 599 597 600 
1144 595 597 598 
1145 598 597 599 
1146 714 668 748 
1147 596 594 730 
1148 713 668 714 
1149 596 730 731 
1150 596 731 1025 
1151 593 591 594 
1152 597 596 1025 
1153 664 662 1007 
1154 595 596 597 
1155 600 597 1025 
1156 592 591 593 
1157 736 586 1033 
1158 667 668 713 
1159 595 594 596 
1160 443 445 975 
1161 406 412 413 
1162 593 594 595 
1163 612 934 1040 
1164 730 1026 1027 
1165 590 592 741 
1166 666 664 745 
1167 745 664 1007 
1168 741 592 742 
1169 667 666 668 
1170 594 591 1026 
1171 591 589 1026 
1172 590 591 592 
1173 534 523 640 
1174 1026 672 1027 
1175 589 672 1026 
1176 665 666 667 
1177 347 348 393 
1178 590 589 591 
1179 587 589 590 
1180 467 469 470 
1181 589 588 672 
1182 966 965 967 
1183 665 664 666 
1184 588 586 736 
1185 624 421 1049 
1186 672 588 1028 
1187 588 736 1028 
1188 585 587 1031 
1189 663 664 665 
1190 587 588 589 
1191 661 663 726 
1192 737 585 1031 
1193 947 944 949 
1194 201 878 879 
1195 764 765 766 
1196 787 579 1037 
1197 302 316 335 
1198 525 572 630 
1199 590 741 1031 
1200 663 662 664 
1201 604 691 997 
1202 587 586 588 
1203 514 678 708 
1204 661 662 663 
1205 464 465 466 
1206 584 737 746 
1207 962 932 963 
1208 964 963 965 
1209 681 682 683 
1210 585 583 586 
1211 584 585 737 
1212 587 590 1031 
1213 931 928 932 
1214 898 897 984 
1215 720 544 721 
1216 585 586 587 
1217 578 483 579 
1218 584 583 585 
1219 402 404 405 
1220 660 658 750 
1221 1111 768 1124 
1222 709 761 762 
1223 762 763 764 
1224 661 660 662 
1225 603 601 1040 
1226 83 217 823 
1227 733 676 1100 
1228 582 583 584 
1229 725 580 756 
1230 625 624 626 
1231 351 350 422 
1232 525 630 1054 
1233 626 624 1032 
1234 337 333 338 
1235 389 426 493 
1236 570 581 582 
1237 659 660 661 
1238 683 684 685 
1239 425 316 1044 
1240 647 500 977 
1241 586 583 1033 
1242 582 581 583 
1243 554 734 735 
1244 797 794 798 
1245 583 581 1033 
1246 581 580 725 
1247 428 423 429 
1248 436 430 437 
1249 440 438 441 
1250 570 580 581 
1251 393 485 486 
1252 736 1033 1038 
1253 792 789 892 
1254 486 541 542 
1255 253 254 255 
1256 566 568 569 
1257 581 725 1033 
1258 659 658 660 
1259 570 568 580 
1260 542 627 628 
1261 409 546 547 
1262 272 270 275 
1263 968 969 971 
1264 530 560 1064 
1265 270 265 1048 
1266 884 886 887 
1267 628 629 696 
1268 777 778 779 
1269 966 967 968 
1270 306 324 325 
1271 401 402 977 
1272 569 568 570 
1273 657 658 659 
1274 630 771 772 
1275 512 624 625 
1276 493 494 643 
1277 734 769 807 
1278 601 612 1040 
1279 1056 705 1063 
1280 526 349 528 
1281 214 216 226 
1282 1033 725 1038 
1283 766 765 767 
1284 685 686 698 
1285 247 246 248 
1286 339 338 340 
1287 721 544 1039 
1288 546 392 1063 
1289 554 528 687 
1290 420 499 552 
1291 656 654 751 
1292 625 782 783 
1293 734 687 769 
1294 630 572 771 
1295 282 280 376 
1296 554 687 734 
1297 277 275 278 
1298 619 621 622 
1299 265 263 632 
1300 771 572 776 
1301 964 965 966 
1302 657 656 658 
1303 345 344 347 
1304 691 605 1073 
1305 526 528 554 
1306 343 342 344 
1307 499 421 512 
1308 968 971 972 
1309 798 1043 1071 
1310 554 735 1041 
1311 779 780 781 
1312 402 405 977 
1313 525 526 572 
1314 499 512 553 
1315 776 572 1041 
1316 926 928 931 
1317 563 565 671 
1318 708 678 709 
1319 865 632 1093 
1320 698 699 814 
1321 962 963 964 
1322 617 249 958 
1323 625 626 782 
1324 341 340 342 
1325 563 564 565 
1326 566 564 567 
1327 727 606 1040 
1328 420 334 421 
1329 560 562 563 
1330 865 615 896 
1331 762 761 763 
1332 347 393 1035 
1333 565 564 566 
1334 760 717 770 
1335 566 567 568 
1336 411 404 1055 
1337 325 326 327 
1338 337 338 339 
1339 572 526 1041 
1340 931 932 962 
1341 646 647 757 
1342 526 554 1041 
1343 799 798 842 
1344 860 862 863 
1345 331 334 350 
1346 764 763 765 
1347 484 447 1074 
1348 329 330 331 
1349 525 349 526 
1350 622 702 816 
1351 390 1056 1063 
1352 300 297 302 
1353 679 558 777 
1354 296 278 297 
1355 565 566 1050 
1356 655 656 657 
1357 371 335 390 
1358 350 334 420 
1359 556 549 558 
1360 420 421 499 
1361 449 531 1074 
1362 391 390 392 
1363 345 347 349 
1364 330 328 399 
1365 323 305 707 
1366 671 717 760 
1367 345 349 525 
1368 327 328 329 
1369 553 512 1046 
1370 625 783 1046 
1371 457 454 910 
1372 349 347 1035 
1373 332 336 375 
1374 512 625 1046 
1375 389 493 1056 
1376 548 547 549 
1377 331 330 334 
1378 430 429 1003 
1379 253 252 254 
1380 438 437 994 
1381 445 484 975 
1382 446 444 957 
1383 671 565 717 
1384 528 349 1035 
1385 255 256 257 
1386 408 392 409 
1387 548 556 631 
1388 299 313 315 
1389 717 565 1050 
1390 563 562 564 
1391 281 283 388 
1392 341 343 433 
1393 632 263 1069 
1394 343 344 345 
1395 420 552 1045 
1396 488 513 514 
1397 325 324 326 
1398 272 275 277 
1399 422 350 1045 
1400 249 250 958 
1401 295 298 299 
1402 341 342 343 
1403 655 654 656 
1404 566 569 1050 
1405 705 643 718 
1406 296 300 301 
1407 470 471 475 
1408 285 287 288 
1409 329 328 330 
1410 275 270 1048 
1411 1095 919 1112 
1412 514 677 678 
1413 391 408 488 
1414 313 298 314 
1415 301 305 306 
1416 486 542 545 
1417 249 248 250 
1418 339 340 341 
1419 350 420 1045 
1420 988 364 1270 
1421 705 718 1076 
1422 306 323 324 
1423 514 513 677 
1424 257 259 260 
1425 571 501 906 
1426 269 271 274 
1427 1075 488 1081 
1428 409 547 548 
1429 709 759 761 
1430 452 450 956 
1431 327 326 328 
1432 277 278 296 
1433 371 390 391 
1434 413 414 415 
1435 302 335 371 
1436 608 606 727 
1437 290 294 295 
1438 296 297 300 
1439 709 678 759 
1440 710 539 1072 
1441 467 470 1070 
1442 332 314 333 
1443 688 530 1064 
1444 73 74 192 
1445 391 392 408 
1446 288 289 290 
1447 437 430 1003 
1448 792 892 1043 
1449 299 298 313 
1450 706 1035 1060 
1451 286 284 292 
1452 775 696 818 
1453 1082 961 1098 
1454 488 408 513 
1455 301 300 305 
1456 377 292 378 
1457 484 1150 1153 
1458 548 549 556 
1459 336 333 337 
1460 548 631 1061 
1461 282 376 1051 
1462 493 705 1056 
1463 556 558 679 
1464 260 262 266 
1465 400 551 1036 
1466 908 405 1089 
1467 324 323 410 
1468 381 380 382 
1469 379 378 380 
1470 379 381 417 
1471 740 561 755 
1472 335 389 1056 
1473 306 305 323 
1474 493 643 705 
1475 295 294 298 
1476 313 314 332 
1477 258 251 539 
1478 1063 705 1076 
1479 671 760 1084 
1480 653 654 655 
1481 560 561 562 
1482 441 438 994 
1483 336 337 524 
1484 332 333 336 
1485 720 721 722 
1486 578 579 690 
1487 901 984 1137 
1488 421 334 1049 
1489 271 270 272 
1490 562 561 740 
1491 567 564 1052 
1492 377 379 1058 
1493 628 696 775 
1494 248 246 1072 
1495 75 76 372 
1496 424 557 715 
1497 514 708 1081 
1498 619 490 621 
1499 330 399 1049 
1500 289 287 291 
1501 740 755 808 
1502 529 689 1029 
1503 334 330 1049 
1504 290 289 294 
1505 269 265 270 
1506 899 898 900 
1507 529 688 689 
1508 563 671 1064 
1509 959 535 1108 
1510 262 259 263 
1511 226 227 228 
1512 300 302 1053 
1513 707 305 1053 
1514 1097 403 1106 
1515 551 555 728 
1516 264 263 265 
1517 257 256 259 
1518 639 638 711 
1519 288 287 289 
1520 564 562 1052 
1521 302 371 1053 
1522 271 272 276 
1523 269 270 271 
1524 540 539 638 
1525 255 254 256 
1526 395 400 1036 
1527 557 500 646 
1528 707 1075 1081 
1529 390 335 1056 
1530 285 286 287 
1531 531 899 1074 
1532 381 382 384 
1533 286 292 377 
1534 652 650 749 
1535 611 609 1100 
1536 379 380 381 
1537 283 284 285 
1538 260 259 262 
1539 424 401 500 
1540 386 383 1106 
1541 251 248 1072 
1542 244 245 246 
1543 377 378 379 
1544 71 72 373 
1545 415 416 507 
1546 345 525 1054 
1547 264 265 269 
1548 400 515 551 
1549 433 343 1054 
1550 689 810 811 
1551 393 486 1060 
1552 228 229 230 
1553 806 642 838 
1554 332 375 1059 
1555 1035 393 1060 
1556 491 529 1029 
1557 250 251 252 
1558 258 540 633 
1559 281 282 283 
1560 262 263 264 
1561 410 1090 1096 
1562 409 548 1061 
1563 315 313 1059 
1564 486 545 1060 
1565 343 345 1054 
1566 653 652 654 
1567 392 390 1063 
1568 622 621 702 
1569 408 409 1061 
1570 715 557 716 
1571 379 417 1058 
1572 78 79 195 
1573 244 243 245 
1574 305 300 1053 
1575 242 241 243 
1576 285 284 286 
1577 816 702 856 
1578 562 740 1052 
1579 283 282 284 
1580 459 446 957 
1581 470 481 1070 
1582 560 563 1064 
1583 252 251 258 
1584 504 681 1085 
1585 752 674 805 
1586 245 243 261 
1587 622 817 1114 
1588 242 243 244 
1589 804 695 812 
1590 388 283 1057 
1591 560 559 561 
1592 688 1064 1084 
1593 532 466 634 
1594 292 284 1051 
1595 240 241 242 
1596 508 510 511 
1597 258 539 540 
1598 240 239 241 
1599 80 81 537 
1600 540 638 639 
1601 513 408 1061 
1602 385 401 424 
1603 250 248 251 
1604 723 722 724 
1605 635 634 695 
1606 285 288 1057 
1607 256 254 387 
1608 313 332 1059 
1609 632 1069 1093 
1610 857 1097 1106 
1611 424 500 557 
1612 629 627 1105 
1613 605 607 1073 
1614 550 516 669 
1615 239 237 268 
1616 301 976 1078 
1617 238 239 240 
1618 281 280 282 
1619 726 1161 1181 
1620 1090 708 1096 
1621 236 237 238 
1622 69 70 198 
1623 794 792 1043 
1624 230 231 232 
1625 1053 371 1075 
1626 238 237 239 
1627 283 285 1057 
1628 296 301 1078 
1629 481 475 483 
1630 466 467 1070 
1631 391 488 1075 
1632 500 401 977 
1633 279 280 281 
1634 577 483 578 
1635 232 233 234 
1636 785 571 906 
1637 284 282 1051 
1638 856 702 857 
1639 720 722 723 
1640 447 449 1074 
1641 474 457 910 
1642 226 216 227 
1643 810 688 1084 
1644 410 974 1111 
1645 81 82 1062 
1646 689 688 810 
1647 531 898 899 
1648 709 762 1096 
1649 470 475 481 
1650 234 235 236 
1651 917 919 1088 
1652 1125 711 1132 
1653 707 1053 1075 
1654 236 235 237 
1655 546 1063 1076 
1656 719 544 720 
1657 460 462 482 
1658 453 455 1080 
1659 382 385 1067 
1660 291 287 1066 
1661 543 719 738 
1662 464 466 532 
1663 384 382 1067 
1664 277 296 1078 
1665 245 261 279 
1666 323 707 1090 
1667 651 652 653 
1668 377 1058 1066 
1669 916 917 1088 
1670 276 272 1082 
1671 557 646 1065 
1672 543 534 544 
1673 279 261 280 
1674 230 229 231 
1675 481 483 577 
1676 287 286 1066 
1677 204 966 1104 
1678 228 227 229 
1679 371 391 1075 
1680 424 715 1067 
1681 539 251 1072 
1682 234 233 235 
1683 477 504 1085 
1684 286 377 1066 
1685 532 635 637 
1686 497 673 743 
1687 530 559 560 
1688 681 852 1085 
1689 716 557 1065 
1690 681 683 852 
1691 258 633 1077 
1692 82 5 205 
1693 254 252 1077 
1694 798 794 1043 
1695 685 698 820 
1696 272 277 1082 
1697 635 695 804 
1698 634 466 1070 
1699 899 900 902 
1700 263 259 1069 
1701 577 578 844 
1702 496 495 497 
1703 910 911 1087 
1704 543 544 719 
1705 232 231 233 
1706 405 406 1089 
1707 532 634 635 
1708 695 634 1102 
1709 456 452 956 
1710 385 424 1067 
1711 259 256 1069 
1712 252 258 1077 
1713 1069 387 1093 
1714 488 514 1081 
1715 522 533 574 
1716 651 650 652 
1717 914 916 1146 
1718 529 530 688 
1719 396 394 1068 
1720 621 1055 1097 
1721 966 968 1104 
1722 277 1078 1082 
1723 728 555 729 
1724 644 494 1126 
1725 530 492 559 
1726 246 245 1086 
1727 738 719 813 
1728 387 254 1077 
1729 256 387 1069 
1730 243 241 1118 
1731 214 215 216 
1732 264 269 1107 
1733 1064 671 1084 
1734 233 231 293 
1735 463 472 1091 
1736 533 523 534 
1737 551 515 555 
1738 294 289 1095 
1739 707 1081 1090 
1740 519 506 520 
1741 413 415 527 
1742 1055 403 1097 
1743 298 294 1112 
1744 4 67 209 
1745 533 534 543 
1746 245 279 1086 
1747 522 520 523 
1748 529 492 530 
1749 517 550 648 
1750 502 503 505 
1751 961 948 1098 
1752 913 914 1092 
1753 702 621 1097 
1754 550 669 747 
1755 1081 708 1090 
1756 410 323 1090 
1757 502 478 503 
1758 505 506 518 
1759 1072 246 1086 
1760 462 464 1079 
1761 517 648 649 
1762 703 1092 1147 
1763 455 460 1080 
1764 649 650 651 
1765 916 1088 1136 
1766 710 1072 1086 
1767 555 515 636 
1768 227 216 303 
1769 324 410 1111 
1770 537 81 1062 
1771 522 523 533 
1772 491 492 529 
1773 683 685 1083 
1774 518 519 521 
1775 812 695 1128 
1776 400 432 515 
1777 289 291 1095 
1778 518 506 519 
1779 952 975 1153 
1780 517 516 550 
1781 271 276 1110 
1782 708 709 1096 
1783 649 648 650 
1784 519 520 522 
1785 366 1178 1179 
1786 406 413 1089 
1787 482 462 1079 
1788 464 532 1079 
1789 505 503 506 
1790 478 474 1087 
1791 460 482 1080 
1792 281 388 1123 
1793 400 396 432 
1794 520 1131 1142 
1795 399 328 1124 
1796 916 1136 1146 
1797 399 1124 1135 
1798 532 637 1079 
1799 82 205 1062 
1800 241 239 1115 
1801 685 820 1083 
1802 629 1105 1152 
1803 852 683 1083 
1804 857 702 1097 
1805 758 908 1103 
1806 395 396 400 
1807 268 237 1117 
1808 793 796 1133 
1809 627 703 1105 
1810 403 386 1106 
1811 968 972 1104 
1812 214 213 215 
1813 535 704 1108 
1814 413 527 1089 
1815 474 910 1087 
1816 65 66 1141 
1817 1086 279 1123 
1818 205 213 214 
1819 610 674 752 
1820 711 638 1129 
1821 497 743 744 
1822 205 5 213 
1823 694 733 739 
1824 1117 235 1121 
1825 235 233 1121 
1826 269 274 1107 
1827 274 271 1110 
1828 503 478 1087 
1829 670 641 1148 
1830 326 324 1111 
1831 820 698 1116 
1832 491 434 492 
1833 1070 481 1102 
1834 481 577 1102 
1835 959 1108 1144 
1836 432 396 434 
1837 1077 633 1113 
1838 498 516 517 
1839 695 1102 1128 
1840 237 235 1117 
1841 696 629 1156 
1842 711 1129 1132 
1843 543 738 1127 
1844 165 407 1140 
1845 491 1029 1109 
1846 387 1077 1113 
1847 698 814 1116 
1848 434 396 1068 
1849 619 622 1114 
1850 710 1086 1123 
1851 697 164 1140 
1852 1057 623 1132 
1853 239 268 1115 
1854 294 1095 1112 
1855 1123 388 1129 
1856 634 1070 1102 
1857 640 523 1142 
1858 729 555 1099 
1859 669 516 1094 
1860 555 636 1099 
1861 395 1036 1119 
1862 318 495 496 
1863 574 533 1127 
1864 623 995 1125 
1865 1054 630 1134 
1866 818 696 1120 
1867 419 834 1190 
1868 326 1111 1124 
1869 432 434 491 
1870 494 959 1126 
1871 1093 387 1113 
1872 233 293 1121 
1873 241 1115 1118 
1874 126 127 1145 
1875 328 326 1124 
1876 496 497 1094 
1877 498 496 516 
1878 694 676 733 
1879 636 515 1109 
1880 515 432 1109 
1881 279 281 1123 
1882 644 1126 1158 
1883 1131 911 1142 
1884 216 215 1119 
1885 1124 768 1135 
1886 1135 766 1139 
1887 303 216 1119 
1888 629 1152 1156 
1889 768 766 1135 
1890 318 496 498 
1891 505 518 1130 
1892 395 394 396 
1893 799 843 1213 
1894 497 744 1094 
1895 1102 577 1128 
1896 520 506 1131 
1897 533 543 1127 
1898 633 540 1144 
1899 432 491 1109 
1900 723 724 1203 
1901 638 710 1129 
1902 836 837 1248 
1903 417 381 1147 
1904 710 1123 1129 
1905 110 111 304 
1906 1150 904 1153 
1907 293 231 1138 
1908 577 844 1128 
1909 215 213 394 
1910 1129 388 1132 
1911 516 496 1094 
1912 1088 291 1136 
1913 291 1066 1136 
1914 215 394 395 
1915 732 505 1130 
1916 766 767 1139 
1917 1092 417 1147 
1918 1087 911 1131 
1919 1151 956 1155 
1920 1108 633 1144 
1921 503 1087 1131 
1922 796 809 1133 
1923 227 303 1143 
1924 484 1074 1150 
1925 1032 1135 1139 
1926 215 395 1119 
1927 1032 399 1135 
1928 644 1158 1164 
1929 984 482 1137 
1930 388 1057 1132 
1931 195 809 1208 
1932 778 996 1154 
1933 108 109 431 
1934 433 1054 1134 
1935 506 503 1131 
1936 231 229 1138 
1937 164 165 1140 
1938 902 904 1150 
1939 626 1032 1139 
1940 1066 1058 1136 
1941 456 956 1151 
1942 482 1079 1137 
1943 899 902 1150 
1944 991 65 1141 
1945 384 1067 1152 
1946 229 227 1143 
1947 1136 1058 1146 
1948 127 223 1145 
1949 205 214 1149 
1950 523 520 1142 
1951 498 517 1157 
1952 1079 637 1137 
1953 540 639 1144 
1954 819 199 1227 
1955 1138 229 1143 
1956 843 815 1230 
1957 911 456 1151 
1958 1058 417 1146 
1959 1105 384 1152 
1960 641 700 1148 
1961 381 384 1147 
1962 592 593 1160 
1963 1164 317 1166 
1964 57 58 1161 
1965 1141 498 1157 
1966 885 883 1174 
1967 670 1148 1189 
1968 640 1151 1155 
1969 995 317 1164 
1970 880 881 1174 
1971 640 1142 1151 
1972 1074 899 1150 
1973 88 1021 1169 
1974 218 87 1169 
1975 718 643 1166 
1976 1062 205 1149 
1977 299 315 1167 
1978 753 694 1192 
1979 1142 911 1151 
1980 1034 1076 1170 
1981 1167 315 1170 
1982 645 1034 1175 
1983 1067 715 1152 
1984 996 645 1177 
1985 1039 640 1155 
1986 367 991 1162 
1987 975 484 1153 
1988 1152 715 1156 
1989 718 1166 1167 
1990 208 993 1211 
1991 775 819 1236 
1992 780 778 1154 
1993 670 1189 1201 
1994 956 869 1155 
1995 639 711 1158 
1996 1039 1155 1159 
1997 645 1175 1177 
1998 137 811 1271 
1999 990 367 1168 
2000 659 661 1179 
2001 994 928 1277 
2002 202 813 1206 
2003 715 716 1156 
2004 991 1141 1157 
2005 375 336 1180 
2006 1034 1170 1175 
2007 367 1162 1168 
2008 991 1157 1162 
2009 1155 869 1159 
2010 739 830 1280 
2011 1126 639 1158 
2012 320 990 1172 
2013 726 663 1183 
2014 990 1168 1172 
2015 517 649 1157 
2016 537 851 1234 
2017 809 195 1220 
2018 1030 637 1182 
2019 811 137 1312 
2020 637 635 1182 
2021 320 1172 1176 
2022 1009 320 1176 
2023 339 341 1186 
2024 1158 1125 1164 
2025 711 1125 1158 
2026 867 636 1320 
2027 721 1039 1159 
2028 832 311 1302 
2029 27 206 1191 
2030 869 459 1159 
2031 522 574 1184 
2032 1009 1176 1178 
2033 721 1159 1163 
2034 366 1009 1178 
2035 521 519 1184 
2036 998 221 1274 
2037 113 7 1291 
2038 1159 459 1163 
2039 172 419 1190 
2040 112 827 1267 
2041 203 171 1190 
2042 58 59 1181 
2043 722 721 1163 
2044 742 592 1160 
2045 1157 649 1162 
2046 1201 728 1205 
2047 319 57 1161 
2048 7 114 1291 
2049 722 1163 1165 
2050 1073 752 1200 
2051 644 1164 1166 
2052 459 957 1163 
2053 1052 1243 1323 
2054 649 651 1162 
2055 724 722 1165 
2056 636 867 1266 
2057 780 1154 1180 
2058 957 480 1165 
2059 1001 1024 1254 
2060 161 162 1193 
2061 48 49 1194 
2062 53 54 1195 
2063 1154 375 1180 
2064 1241 1006 1247 
2065 1163 957 1165 
2066 999 691 1200 
2067 362 875 1203 
2068 689 811 1199 
2069 678 677 1198 
2070 224 830 1289 
2071 319 1183 1185 
2072 643 644 1166 
2073 1162 651 1168 
2074 1011 319 1185 
2075 551 728 1201 
2076 743 1130 1310 
2077 317 299 1167 
2078 1011 1185 1187 
2079 774 874 1171 
2080 87 88 1169 
2081 582 584 1202 
2082 651 653 1168 
2083 1125 995 1164 
2084 718 1167 1170 
2085 536 1011 1187 
2086 346 45 1204 
2087 46 576 1204 
2088 1166 317 1167 
2089 368 117 1228 
2090 800 797 1213 
2091 1168 653 1172 
2092 748 668 1207 
2093 666 745 1207 
2094 1076 718 1170 
2095 44 346 1209 
2096 110 304 1188 
2097 653 655 1172 
2098 861 859 1218 
2099 1161 726 1183 
2100 1004 185 1211 
2101 186 208 1211 
2102 511 510 1205 
2103 397 1010 1173 
2104 883 880 1174 
2105 720 723 1206 
2106 322 42 1212 
2107 819 1227 1241 
2108 78 195 1208 
2109 303 1119 1189 
2110 813 719 1206 
2111 1172 655 1176 
2112 372 76 1210 
2113 1007 662 1214 
2114 353 33 1223 
2115 660 750 1214 
2116 34 909 1223 
2117 431 109 1188 
2118 361 40 1215 
2119 1170 315 1175 
2120 321 36 1225 
2121 41 322 1215 
2122 1134 774 1171 
2123 655 657 1176 
2124 59 366 1181 
2125 315 1059 1175 
2126 750 658 1217 
2127 355 38 1219 
2128 656 751 1217 
2129 39 361 1219 
2130 37 355 1225 
2131 433 1134 1171 
2132 1176 657 1178 
2133 751 654 1222 
2134 699 803 1230 
2135 1148 303 1189 
2136 570 582 1226 
2137 657 659 1178 
2138 1175 1059 1177 
2139 1059 375 1177 
2140 118 220 1228 
2141 652 749 1222 
2142 192 74 1224 
2143 75 372 1224 
2144 156 1005 1227 
2145 199 155 1227 
2146 661 726 1179 
2147 433 1171 1186 
2148 684 801 1232 
2149 803 686 1232 
2150 878 877 1196 
2151 336 524 1180 
2152 126 1145 1238 
2153 680 784 1235 
2154 801 682 1235 
2155 319 1161 1183 
2156 73 192 1231 
2157 1022 756 1258 
2158 635 804 1182 
2159 373 72 1231 
2160 663 665 1183 
2161 573 827 1291 
2162 828 693 1268 
2163 1183 665 1185 
2164 108 431 1197 
2165 665 667 1185 
2166 71 373 1233 
2167 304 828 1268 
2168 198 70 1233 
2169 519 522 1184 
2170 195 79 1234 
2171 1185 667 1187 
2172 80 537 1234 
2173 222 125 1238 
2174 1145 742 1238 
2175 545 542 1236 
2176 667 713 1187 
2177 628 775 1236 
2178 341 433 1186 
2179 1062 1149 1216 
2180 1027 310 1265 
2181 785 906 1242 
2182 69 198 1237 
2183 1149 850 1216 
2184 209 67 1240 
2185 881 878 1196 
2186 109 110 1188 
2187 877 876 1244 
2188 429 970 1264 
2189 1199 867 1320 
2190 851 848 1220 
2191 574 894 1293 
2192 561 559 1246 
2193 1042 735 1263 
2194 1133 809 1220 
2195 171 172 1190 
2196 354 889 1281 
2197 1119 1036 1189 
2198 26 27 1191 
2199 963 1003 1264 
2200 1189 1036 1201 
2201 366 1179 1181 
2202 706 1060 1247 
2203 511 885 1290 
2204 694 739 1192 
2205 107 108 1197 
2206 830 712 1280 
2207 1023 129 1249 
2208 130 370 1249 
2209 894 863 1293 
2210 398 161 1193 
2211 49 1008 1194 
2212 54 536 1195 
2213 524 837 1327 
2214 670 1201 1205 
2215 818 358 1272 
2216 646 757 1251 
2217 808 218 1283 
2218 837 836 1327 
2219 1031 741 1253 
2220 983 553 1286 
2221 759 678 1198 
2222 1179 726 1181 
2223 1016 731 1265 
2224 1103 527 1196 
2225 552 983 1285 
2226 1029 689 1199 
2227 1068 824 1255 
2228 135 309 1256 
2229 691 1073 1200 
2230 559 492 1255 
2231 693 692 1268 
2232 933 362 1203 
2233 1024 222 1254 
2234 584 746 1202 
2235 756 580 1258 
2236 938 679 1229 
2237 568 567 1258 
2238 1036 551 1201 
2239 693 829 1294 
2240 85 808 1284 
2241 45 46 1204 
2242 1045 969 1260 
2243 434 1068 1255 
2244 567 1052 1323 
2245 866 354 1266 
2246 510 670 1205 
2247 687 706 1262 
2248 668 666 1207 
2249 872 871 1269 
2250 813 202 1321 
2251 1200 752 1308 
2252 77 78 1208 
2253 719 720 1206 
2254 43 44 1209 
2255 76 77 1210 
2256 734 807 1263 
2257 77 1208 1210 
2258 43 1209 1212 
2259 185 186 1211 
2260 797 799 1213 
2261 42 43 1212 
2262 981 983 1286 
2263 662 660 1214 
2264 358 153 1272 
2265 1203 724 1322 
2266 154 199 1272 
2267 40 41 1215 
2268 123 1024 1274 
2269 221 122 1274 
2270 928 927 1277 
2271 725 756 1275 
2272 658 656 1217 
2273 859 864 1218 
2274 1194 1008 1259 
2275 207 158 1278 
2276 364 189 1270 
2277 909 321 1221 
2278 537 1062 1216 
2279 38 39 1219 
2280 987 1046 1261 
2281 971 969 1285 
2282 74 75 1224 
2283 654 652 1222 
2284 36 37 1225 
2285 33 34 1223 
2286 1027 672 1282 
2287 569 570 1226 
2288 217 84 1284 
2289 967 970 1260 
2290 679 777 1229 
2291 575 989 1298 
2292 1025 731 1287 
2293 437 1003 1288 
2294 675 693 1294 
2295 805 674 1294 
2296 155 156 1227 
2297 983 973 1285 
2298 1160 1002 1254 
2299 740 808 1283 
2300 202 25 1321 
2301 508 511 1290 
2302 848 1133 1220 
2303 117 118 1228 
2304 987 982 1286 
2305 736 1038 1296 
2306 162 8 1297 
2307 8 163 1297 
2308 1 9 1298 
2309 191 1 1298 
2310 3 53 1299 
2311 52 3 1299 
2312 2 48 1300 
2313 47 2 1300 
2314 99 1017 1302 
2315 311 98 1302 
2316 1130 518 1310 
2317 815 699 1230 
2318 887 729 1281 
2319 137 138 1312 
2320 650 648 1306 
2321 119 120 1319 
2322 733 1101 1289 
2323 136 137 1271 
2324 72 73 1231 
2325 648 550 1304 
2326 5 823 1303 
2327 712 1197 1280 
2328 686 684 1232 
2329 415 507 1315 
2330 1008 397 1309 
2331 111 112 1267 
2332 1028 1013 1282 
2333 770 717 1252 
2334 1012 1038 1275 
2335 1068 394 1303 
2336 1186 1171 1248 
2337 864 353 1305 
2338 213 5 1303 
2339 70 71 1233 
2340 808 755 1284 
2341 79 80 1234 
2342 370 1019 1324 
2343 716 1065 1273 
2344 682 680 1235 
2345 1094 744 1295 
2346 1295 864 1305 
2347 728 729 1292 
2348 636 1109 1320 
2349 68 69 1237 
2350 542 628 1236 
2351 120 121 1257 
2352 1050 569 1328 
2353 724 1165 1245 
2354 106 6 1307 
2355 125 126 1238 
2356 1242 732 1276 
2357 68 1237 1240 
2358 67 68 1240 
2359 744 743 1239 
2360 1005 1006 1241 
2361 159 807 1278 
2362 906 732 1242 
2363 1247 545 1318 
2364 1002 1001 1254 
2365 220 1200 1308 
2366 855 1101 1269 
2367 311 831 1287 
2368 999 1200 1319 
2369 895 196 1251 
2370 6 107 1307 
2371 717 1050 1252 
2372 872 727 1279 
2373 1196 877 1317 
2374 828 304 1267 
2375 206 894 1301 
2376 1099 636 1266 
2377 218 1169 1243 
2378 876 356 1244 
2379 203 1190 1250 
2380 760 770 1256 
2381 886 511 1292 
2382 1195 536 1316 
2383 894 1127 1301 
2384 837 1186 1248 
2385 755 561 1246 
2386 1203 875 1311 
2387 1013 1014 1282 
2388 121 221 1257 
2389 1015 311 1287 
2390 1060 545 1247 
2391 648 1221 1306 
2392 1019 1202 1324 
2393 730 1027 1265 
2394 970 965 1264 
2395 26 1191 1321 
2396 729 1099 1281 
2397 576 1194 1259 
2398 881 1196 1315 
2399 1221 648 1304 
2400 1029 1199 1320 
2401 1243 1052 1283 
2402 1103 1196 1317 
2403 1019 1020 1328 
2404 744 1218 1295 
2405 965 963 1264 
2406 731 730 1265 
2407 129 130 1249 
2408 933 1203 1322 
2409 834 836 1250 
2410 1218 864 1295 
2411 1169 1022 1243 
2412 219 1012 1275 
2413 1165 480 1245 
2414 1196 527 1315 
2415 1065 646 1251 
2416 934 1017 1279 
2417 1020 308 1252 
2418 1221 321 1306 
2419 909 1221 1304 
2420 312 872 1279 
2421 807 769 1278 
2422 737 1031 1253 
2423 190 989 1270 
2424 713 714 1309 
2425 810 309 1271 
2426 1200 220 1319 
2427 1160 1254 1313 
2428 134 135 1256 
2429 1190 834 1250 
2430 492 434 1255 
2431 997 999 1257 
2432 673 495 1325 
2433 969 967 1260 
2434 1171 874 1248 
2435 511 1205 1292 
2436 580 568 1258 
2437 714 748 1259 
2438 1017 312 1279 
2439 723 1203 1311 
2440 1199 811 1312 
2441 422 1045 1260 
2442 988 987 1261 
2443 1046 783 1261 
2444 1173 713 1309 
2445 769 687 1262 
2446 713 1173 1316 
2447 827 828 1267 
2448 1101 613 1269 
2449 304 111 1267 
2450 692 753 1268 
2451 735 734 1263 
2452 1187 713 1316 
2453 1226 1019 1328 
2454 989 988 1270 
2455 867 866 1266 
2456 310 1016 1265 
2457 1003 429 1264 
2458 871 855 1269 
2459 309 136 1271 
2460 189 190 1270 
2461 930 441 1277 
2462 811 810 1271 
2463 153 154 1272 
2464 1191 206 1301 
2465 835 524 1327 
2466 122 123 1274 
2467 1120 716 1273 
2468 1038 725 1275 
2469 441 994 1277 
2470 885 1174 1290 
2471 927 930 1277 
2472 712 106 1307 
2473 158 159 1278 
2474 875 202 1311 
2475 727 934 1279 
2476 877 1244 1317 
2477 114 573 1291 
2478 889 887 1281 
2479 672 1028 1282 
2480 307 1199 1312 
2481 1184 574 1293 
2482 982 981 1286 
2483 1052 740 1283 
2484 973 971 1285 
2485 1193 162 1297 
2486 48 1194 1300 
2487 53 1195 1299 
2488 84 85 1284 
2489 831 1025 1287 
2490 994 437 1288 
2491 836 835 1327 
2492 1258 567 1323 
2493 507 508 1290 
2494 1249 370 1324 
2495 739 733 1289 
2496 674 675 1294 
2497 863 862 1293 
2498 1174 507 1290 
2499 669 1295 1305 
2500 1028 736 1296 
2501 163 697 1297 
2502 9 575 1298 
2503 1010 52 1299 
2504 576 47 1300 
2505 98 99 1302 
2506 669 1094 1295 
2507 1228 220 1308 
2508 752 805 1308 
2509 1127 738 1301 
2510 1254 222 1313 
2511 495 4 1325 
2512 738 1191 1301 
2513 1253 741 1314 
2514 749 650 1306 
2515 550 747 1304 
2516 747 669 1305 
2517 394 213 1303 
2518 1206 723 1311 
2519 518 521 1310 
2520 742 1160 1313 
2521 222 1238 1313 
2522 138 307 1312 
2523 4 209 1325 
2524 862 1184 1293 
2525 545 1236 1318 
2526 929 933 1322 
2527 862 861 1326 
2528 527 415 1315 
2529 220 119 1319 
2530 25 26 1321 
2531 1192 739 1280 
2532 1109 1029 1320 
2533 202 1206 1311 
2534 521 1239 1310 
2535 758 1103 1317 
2536 724 1245 1322 
2537 1145 223 1314 
2538 697 1193 1297 
2539 1194 576 1300 
2540 1195 1010 1299 
2541 1276 673 1325 
2542 1197 712 1307 
2543 536 1187 1316 
2544 397 1173 1309 
2545 209 1242 1276 
2546 1205 728 1292 
2547 1239 743 1310 
2548 107 1197 1307 
2549 805 1228 1308 
2550 1238 742 1313 
2551 218 1243 1283 
2552 1244 758 1317 
2553 1245 929 1322 
2554 1239 521 1326 
2555 1236 819 1318 
2556 819 1241 1318 
2557 1202 746 1324 
2558 746 1249 1324 
2559 569 1226 1328 
2560 861 1239 1326 
2561 1022 1258 1323 
2562 1243 1022 1323 
2563 223 1253 1314 
2564 209 1276 1325 
$EndElements
